t_s,cmdL,cmdR,velL,velR,iqL,iqR
0.0001404285430908203,0.104029,-0.0,0.0,0.0,0.010922,0.005341
0.040215492248535156,0.104029,-0.0,0.0,0.0,0.01485,0.005892
0.08028769493103027,0.104029,-0.0,0.0,0.0,0.105304,0.030176
0.12038898468017578,0.104029,-0.0,0.0,0.0,-0.081725,0.05435
0.1604607105255127,0.104029,-0.0,0.0,0.0,0.009381,-0.015419
0.20054054260253906,0.104029,-0.0,0.0,0.0,0.084567,0.008199
0.2406139373779297,0.104029,-0.0,0.0,0.0,-0.037638,0.007953
0.2806868553161621,0.104029,-0.0,0.0,0.0,0.006979,0.054489
0.3207569122314453,0.104029,-0.0,0.0,0.0,0.011686,-0.014703
0.3608672618865967,0.104029,-0.0,0.0,0.0,-0.034149,0.055464
0.40093421936035156,0.104029,-0.0,0.0,0.0,0.009489,-0.014948
0.44100522994995117,0.104029,-0.0,0.0,0.0,0.127217,0.031152
0.4811084270477295,0.104029,-0.0,0.0,0.0,-0.063004,0.006835
0.5213494300842285,0.104029,-0.0,0.0,0.0,-0.06241,0.006162
0.5614526271820068,0.104029,-0.0,0.0,0.0,0.082115,-0.017453
0.601557731628418,0.104029,-0.0,0.0,0.0,-0.083559,0.075677
0.6416800022125244,0.104029,-0.0,0.0,0.0,0.011636,0.052047
0.6817834377288818,0.104029,-0.0,0.0,0.0,0.05733,0.006547
0.7218692302703857,0.104029,-0.0,0.0,0.0,-0.062378,-0.015777
0.761939287185669,0.104029,-0.0,0.0,0.0,-0.018582,-0.016139
0.802008867263794,0.104029,-0.0,0.0,0.0,0.010024,0.006949
0.842078685760498,0.104029,-0.0,0.0,0.0,0.005832,-0.016411
0.8821861743927002,0.104029,-0.0,0.0,0.0,0.008823,0.053835
0.9222936630249023,0.104029,-0.0,0.0,0.0,0.056986,-0.0158
0.9623966217041016,0.104029,-0.0,0.0,0.0,0.056611,0.031012
1.0024993419647217,0.104029,-0.0,0.0,0.0,0.005546,0.031492
1.0426051616668701,0.104029,-0.0,0.0,0.0,-0.085579,0.009186
1.0827090740203857,0.104029,-0.0,0.0,0.0,0.009774,-0.014212
1.1228182315826416,0.104029,-0.0,0.0,0.0,0.004784,-0.037304
1.1628923416137695,0.104029,-0.0,0.0,0.0,-0.06293,-0.037388
1.202965259552002,0.104029,-0.0,0.0,0.0,0.104562,-0.013714
1.2430365085601807,0.104029,-0.0,0.0,0.0,0.00671,0.033121
1.2831089496612549,0.104029,-0.0,0.0,0.0,0.034941,0.009641
1.3231804370880127,0.104029,-0.0,0.0,0.0,0.006112,-0.014046
1.3632488250732422,0.104029,-0.0,0.0,0.0,-0.040269,-0.014734
1.4033203125,0.104029,-0.0,0.0,0.0,0.004939,0.008316
1.4433979988098145,0.104029,-0.0,0.0,0.0,-0.10904,-0.014464
1.4834704399108887,0.104029,-0.0,0.0,0.0,-0.087108,0.033392
1.5235717296600342,0.104029,-0.0,0.0,0.0,0.053977,-0.036545
1.5636720657348633,0.104029,-0.0,0.0,0.0,0.003446,-0.059978
1.603774070739746,0.104029,-0.0,0.0,0.0,0.003317,-0.012884
1.643876314163208,0.104029,-0.0,0.0,0.0,0.003316,-0.013598
1.6839463710784912,0.104029,-0.0,0.0,0.0,0.048295,-0.014657
1.7240171432495117,0.104029,-0.0,0.0,0.0,-0.062659,0.031636
1.7640953063964844,0.104029,-0.0,0.0,0.0,0.172729,0.032195
1.8041679859161377,0.104029,-0.0,0.0,0.0,-0.10823,-0.013681
1.844270944595337,0.104029,-0.0,0.0,0.0,-0.085802,0.009738
1.8843789100646973,0.104029,-0.0,0.0,0.0,-0.062051,0.0096
1.9244515895843506,0.104029,-0.0,0.0,0.0,0.007078,0.032894
1.96455717086792,0.104029,-0.0,0.0,0.0,0.107309,0.033277
2.004659652709961,0.104029,-0.0,0.0,0.0,0.008131,-0.012582
2.0447652339935303,0.104029,-0.0,0.0,0.0,-0.128745,-0.012325
2.084831714630127,0.104029,-0.0,0.0,0.0,0.037511,-0.035935
2.1249022483825684,0.104029,-0.0,0.0,0.0,-0.084248,-0.035706
2.1649718284606934,0.104029,-0.0,0.0,0.0,-0.084057,-0.012144
2.205044746398926,0.104029,-0.0,0.0,0.0,-0.084379,0.034819
2.24513840675354,0.104029,-0.0,0.0,0.0,0.033173,0.034648
2.285207748413086,0.104029,-0.0,0.0,0.0,-0.061846,0.035324
2.3253180980682373,0.104029,-0.0,0.0,0.0,0.10085,-0.010436
2.3653886318206787,0.104029,-0.0,0.0,0.0,0.009732,-0.010561
2.4054887294769287,0.104029,-0.0,0.0,0.0,-0.086002,0.012393
2.445606231689453,0.104029,-0.0,0.0,0.0,0.033756,-0.010009
2.4856765270233154,0.104029,-0.0,0.0,0.0,-0.019771,0.012447
2.525779962539673,0.104029,-0.0,0.0,0.0,-0.087007,0.035145
2.5658938884735107,0.104029,-0.0,0.0,0.0,0.097777,-0.011642
2.6059703826904297,0.104029,-0.0,0.0,0.0,0.001541,0.0107
2.646066665649414,0.104029,-0.0,0.0,0.0,-0.0672,0.034059
2.686136484146118,0.104029,-0.0,0.0,0.0,0.054378,0.034146
2.7262051105499268,0.104029,-0.0,0.0,0.0,-0.090399,-0.058508
2.7662785053253174,0.104029,-0.0,0.0,0.0,0.00729,-0.011739
2.806373119354248,0.104029,-0.0,0.0,0.0,0.027145,0.010756
2.8464553356170654,0.104029,-0.0,0.0,0.0,0.00072,-0.012732
2.88653564453125,0.104029,-0.0,0.0,0.0,-0.066645,-0.036209
2.926612377166748,0.104029,-0.0,0.0,0.0,0.000424,-0.011819
2.966722249984741,0.104029,-0.0,0.0,0.0,0.001592,0.035572
3.0067977905273438,0.104029,-0.0,0.0,0.0,0.001949,0.035211
3.0469021797180176,0.104029,-0.0,0.0,0.0,-0.065594,-0.01098
3.0869712829589844,0.104029,-0.0,0.0,0.0,0.002215,-0.011845
3.1270766258239746,0.104029,-0.0,0.0,0.0,-0.06565,0.01127
3.1671502590179443,0.104029,-0.0,0.0,0.0,0.024865,0.033432
3.207223653793335,0.104029,-0.0,0.0,0.0,-0.06618,-0.013191
3.247290849685669,0.104029,-0.0,0.0,0.0,0.003238,0.057179
3.287365198135376,0.104029,-0.0,0.0,0.0,0.00403,-0.011835
3.327440023422241,0.104029,-0.0,0.0,0.0,0.057064,-0.011848
3.367511034011841,0.104029,-0.0,0.0,0.0,-0.086126,-0.012192
3.4076199531555176,0.104029,-0.0,0.0,0.0,0.005185,0.034665
3.4477264881134033,0.104029,-0.0,0.0,0.0,0.100959,-0.011488
3.4877991676330566,0.104029,-0.0,0.0,0.0,0.00636,-0.01244
3.527832269668579,0.104029,-0.0,0.0,0.0,-0.061429,0.011202
3.5678980350494385,0.104029,-0.0,0.0,0.0,-0.061592,-0.012426
3.6079678535461426,0.104029,-0.0,0.0,0.0,0.005428,-0.013092
3.6480371952056885,0.104029,-0.0,0.0,0.0,-0.062672,0.010771
3.6881093978881836,0.104029,-0.0,0.0,0.0,-0.085417,-0.012574
3.728208541870117,0.104029,-0.0,0.0,0.0,0.035005,-0.013232
3.768303155899048,0.104029,-0.0,0.0,0.0,-0.08454,-0.013689
3.808408260345459,0.104029,-0.0,0.0,0.0,0.103138,0.009844
3.8485116958618164,0.104029,-0.0,0.0,0.0,-0.084201,-0.013087
3.8886160850524902,0.104029,-0.0,0.0,0.0,-0.020503,-0.01328
3.928720474243164,0.104029,-0.0,0.0,0.0,-0.083387,0.032923
3.9688286781311035,0.104029,-0.0,0.0,0.0,-0.009928,-0.014146
4.008894205093384,0.104029,-0.0,0.0,0.0,-0.060503,0.009347
4.048964500427246,0.104029,-0.0,0.0,0.0,0.007574,-0.013815
4.089047908782959,0.104029,-0.0,0.0,0.0,-0.033766,0.009634
4.129146575927734,0.104029,-0.0,0.0,0.0,-0.08325,-0.012631
4.169223070144653,0.104029,-0.0,0.0,0.0,0.008179,0.034232
4.20930027961731,0.104029,-0.0,0.0,0.0,0.007814,-0.035179
4.249380826950073,0.104029,-0.0,0.0,0.0,0.035377,0.011654
4.289453983306885,0.104029,-0.0,0.0,0.0,0.035928,0.011192
4.329563140869141,0.104029,-0.0,0.0,0.0,-0.060129,0.034155
4.369668006896973,0.104029,-0.0,0.0,0.0,0.013879,-0.011928
4.409768581390381,0.104029,-0.0,0.0,0.0,-0.059534,0.034921
4.4498984813690186,0.104029,-0.0,0.0,0.0,-0.059409,-0.034408
4.489974021911621,0.104029,-0.0,0.0,0.0,0.009043,-0.011278
4.530044078826904,0.104029,-0.0,0.0,0.0,-0.05806,-0.010926
4.570139169692993,0.104029,-0.0,0.0,0.0,-0.057171,-0.010454
4.610243320465088,0.104029,-0.0,0.0,0.0,-0.057178,-0.009242
4.650346517562866,0.104029,-0.0,0.0,0.0,0.062425,-0.009141
4.690420389175415,0.104029,-0.0,0.0,0.0,0.065456,-0.009952
4.73053503036499,0.104029,-0.0,0.0,0.0,-0.056175,0.035907
4.770674467086792,0.104029,-0.0,0.0,0.0,-0.168693,-0.035065
4.810778379440308,0.104029,-0.0,0.0,0.0,-0.011038,-0.035994
4.850873947143555,0.104029,-0.0,0.0,0.0,0.016422,-0.013442
4.890949010848999,0.104029,-0.0,0.0,0.0,0.062884,-0.013543
4.931018829345703,0.104029,-0.0,0.0,0.0,-0.078861,-0.013131
4.971131086349487,0.104029,-0.0,0.0,0.0,-0.080188,0.032903
5.0112011432647705,0.104029,-0.0,0.0,0.0,0.038925,0.009599
5.0513036251068115,0.104029,-0.0,0.0,0.0,0.10477,-0.036848
5.09140944480896,0.104029,-0.0,0.0,0.0,0.175606,-0.013464
5.131514310836792,0.104029,-0.0,0.0,0.0,0.012316,-0.013506
5.171584129333496,0.104029,-0.0,0.0,0.0,0.006404,0.03225
5.211655139923096,0.104029,-0.0,0.0,0.0,0.082178,-0.014432
5.251727819442749,0.104029,-0.0,0.0,0.0,0.005921,-0.013898
5.291981935501099,0.104029,-0.0,0.0,0.0,0.005376,0.033565
5.332050323486328,0.104029,-0.0,0.0,0.0,0.056793,0.011276
5.3730552196502686,0.104029,-0.0,0.0,0.0,0.032325,0.034265
5.413125991821289,0.104029,-0.0,0.0,0.0,0.005728,0.010996
5.4531965255737305,0.104029,-0.0,0.0,0.0,0.031918,-0.011445
5.493280410766602,0.104029,-0.0,0.0,0.0,0.00531,-0.010852
5.533360004425049,0.104029,-0.0,0.0,0.0,0.0813,-0.010471
5.5734639167785645,0.104029,-0.0,0.0,0.0,-0.085407,-0.010623
5.613535404205322,0.104029,-0.0,0.0,0.0,-0.152568,0.036652
5.653608798980713,0.104029,-0.0,0.0,0.0,-0.083579,0.036527
5.693720579147339,0.104029,-0.0,0.0,0.0,0.007529,-0.010309
5.733831167221069,0.104029,-0.0,0.0,0.0,-0.059866,0.058892
5.773943901062012,0.104029,-0.0,0.0,0.0,0.060964,-0.011626
5.814015626907349,0.104029,-0.0,0.0,0.0,-0.082074,0.034883
5.854092836380005,0.104029,-0.0,0.0,0.0,0.013393,-0.013005
5.89418888092041,0.104029,-0.0,0.0,0.0,0.010114,-0.014446
5.934258460998535,0.104029,-0.0,0.0,0.0,-0.0576,0.007163
5.974329948425293,0.104029,-0.0,0.0,0.0,0.017782,-0.016719
6.014437198638916,0.104029,-0.0,0.0,0.0,0.012512,0.006332
6.0545713901519775,0.104029,-0.0,0.0,0.0,-0.078394,0.053298
6.094687223434448,0.104029,-0.0,0.0,0.0,-0.00423,-0.016787
6.1347880363464355,0.104029,-0.0,0.0,0.0,-0.00348,0.006382
6.174926042556763,0.104029,-0.0,0.0,0.0,-0.101622,-0.016684
6.214995622634888,0.104029,-0.0,0.0,0.0,-0.079727,-0.015902
6.255065679550171,0.104029,-0.0,0.0,0.0,-0.079747,0.078196
6.295133352279663,0.104029,-0.0,0.0,0.0,0.010713,-0.014788
6.335228443145752,0.104029,-0.0,0.0,0.0,0.010274,-0.014554
6.375335693359375,0.104029,-0.0,0.0,0.0,-0.079909,0.055244
6.415451765060425,0.104029,-0.0,0.0,0.0,0.01119,-0.014741
6.455527305603027,0.104029,-0.0,0.0,0.0,-0.013138,-0.01435
6.495631456375122,0.104029,-0.0,0.0,0.0,-0.057781,-0.014234
6.535871744155884,0.104029,-0.0,0.0,0.0,0.0613,-0.013992
6.5759453773498535,0.104029,-0.0,0.0,0.0,-0.081937,0.008786
6.616038799285889,0.104029,-0.0,0.0,0.0,-0.057614,0.008277
6.656110763549805,0.104029,-0.0,0.0,0.0,-0.058304,-0.014894
6.696215629577637,0.104029,-0.0,0.0,0.0,-0.057969,0.00809
6.736310720443726,0.104029,-0.0,0.0,0.0,0.062119,-0.01498
6.7764153480529785,0.104029,-0.0,0.0,0.0,-0.149611,-0.038156
6.816516399383545,0.104029,-0.0,0.0,0.0,0.014335,-0.014775
6.856592178344727,0.104029,-0.0,0.0,0.0,-0.080673,0.05545
6.896696329116821,0.104029,-0.0,0.0,0.0,-0.031372,0.054979
6.936797380447388,0.104029,-0.0,0.0,0.0,0.008581,-0.015835
6.976828575134277,0.104029,-0.0,0.0,0.0,-0.059754,0.006449
7.01686954498291,0.104029,-0.0,0.0,0.0,0.007464,0.053142
7.05694055557251,0.104029,-0.0,0.0,0.0,0.007795,-0.040134
7.0970094203948975,0.104029,-0.0,0.0,0.0,0.007112,-0.040382
7.137113571166992,0.104029,-0.0,0.0,0.0,0.01496,-0.01736
7.177221059799194,0.104029,-0.0,0.0,0.0,0.008496,0.052071
7.217288970947266,0.104029,-0.0,0.0,0.0,0.059919,-0.017671
7.257382154464722,0.104029,-0.0,0.0,0.0,-0.061155,-0.018258
7.2974584102630615,0.104029,-0.0,0.0,0.0,-0.084348,-0.017825
7.337536096572876,0.104029,-0.0,0.0,0.0,-0.062003,-0.016773
7.377609014511108,0.104029,-0.0,0.0,0.0,-0.107759,0.028702
7.417709827423096,0.104029,-0.0,0.0,0.0,-0.06336,0.00484
7.457783460617065,0.104029,-0.0,0.0,0.0,0.035272,-0.019039
7.497888088226318,0.104029,-0.0,0.0,0.0,0.004543,-0.018446
7.53795862197876,0.104029,-0.0,0.0,0.0,-0.109692,-0.017685
7.578029155731201,0.104029,-0.0,0.0,0.0,0.0044,0.005922
7.618128776550293,0.104029,-0.0,0.0,0.0,0.004677,-0.016069
7.658203601837158,0.104029,-0.0,0.0,0.0,0.00467,-0.014933
7.6983184814453125,0.104029,-0.0,0.0,0.0,-0.064079,0.00908
7.738428115844727,0.104029,-0.0,0.0,0.0,-0.0643,0.009993
7.778503656387329,0.104029,-0.0,0.0,0.0,0.002999,0.011146
7.818604946136475,0.104029,-0.0,0.0,0.0,0.00365,-0.011918
7.858700275421143,0.104029,-0.0,0.0,0.0,-0.109531,-0.011638
7.8988189697265625,0.104029,-0.0,0.0,0.0,0.004989,-0.011212
7.938850402832031,0.104029,-0.0,0.0,0.0,0.032679,0.011923
7.97892427444458,0.104029,-0.0,0.0,0.0,-0.062217,-0.010804
8.01899266242981,0.104029,-0.0,0.0,0.0,-0.061774,-0.011235
8.05906343460083,0.104029,-0.0,0.0,0.0,0.034593,-0.010499
8.099156379699707,0.104029,-0.0,0.0,0.0,-0.01018,-0.010172
8.139232158660889,0.104029,-0.0,0.0,0.0,0.008451,-0.009065
8.179347276687622,0.104029,-0.0,0.0,0.0,0.036905,-0.009219
8.219413995742798,0.104029,-0.0,0.0,0.0,-0.081799,-0.009742
8.259529829025269,0.104029,-0.0,0.0,0.0,0.017033,-0.033093
8.299627542495728,0.104029,-0.0,0.0,0.0,-0.08076,-0.009963
8.339749574661255,0.104029,-0.0,0.0,0.0,-0.081033,-0.009405
8.379899024963379,0.104029,-0.0,0.0,0.0,-0.030232,-0.009772
8.419979572296143,0.104029,-0.0,0.0,0.0,0.011321,0.013787
8.460051536560059,0.104029,-0.0,0.0,0.0,0.01077,-0.032859
8.500178337097168,0.104029,-0.0,0.0,0.0,0.086363,-0.009862
8.540249109268188,0.104029,-0.0,0.0,0.0,0.010904,0.059057
8.580363512039185,0.104029,-0.0,0.0,0.0,0.037836,-0.009423
8.620469331741333,0.104029,-0.0,0.0,0.0,-0.148296,-0.079242
8.660568237304688,0.104029,-0.0,0.0,0.0,-0.081153,0.014432
8.70064091682434,0.104029,-0.0,0.0,0.0,0.013594,-0.00853
8.740746259689331,0.104029,-0.0,0.0,0.0,0.014451,-0.008683
8.780851602554321,0.104029,-0.0,0.0,0.0,0.009569,-0.00887
8.820931673049927,0.104029,-0.0,0.0,0.0,0.00941,-0.008456
8.861557006835938,0.104029,-0.0,0.0,0.0,-0.058423,0.03836
8.901642799377441,0.104029,-0.0,0.0,0.0,0.010304,-0.008537
8.941747426986694,0.104029,-0.0,0.0,0.0,0.086136,-0.008089
8.981873273849487,0.104029,-0.0,0.0,0.0,-0.07944,0.014744
9.021947383880615,0.104029,-0.0,0.0,0.0,-0.056089,-0.032108
9.062018871307373,0.104029,-0.0,0.0,0.0,0.012678,-0.008935
9.102245330810547,0.104029,-0.0,0.0,0.0,0.013356,-0.008269
9.142352104187012,0.104029,-0.0,0.0,0.0,0.012582,-0.008572
9.182457447052002,0.104029,-0.0,0.0,0.0,-0.078783,0.038295
9.222579956054688,0.104029,-0.0,0.0,0.0,0.012044,-0.008467
9.262682914733887,0.104029,-0.0,0.0,0.0,-0.100626,-0.007687
9.302786350250244,0.104029,-0.0,0.0,0.0,0.012743,-0.007286
9.342929124832153,0.104029,-0.0,0.0,0.0,-0.056767,-0.007903
9.382999658584595,0.104029,-0.0,0.0,0.0,0.130241,-0.008705
9.42313289642334,0.104029,-0.0,0.0,0.0,0.014403,-0.032242
9.46324610710144,0.104029,-0.0,0.0,0.0,-0.080842,0.014782
9.503392457962036,0.104029,-0.0,0.0,0.0,-0.058623,0.015109
9.54350757598877,0.104029,-0.0,0.0,0.0,0.009974,-0.007462
9.583610534667969,0.104029,-0.0,0.0,0.0,-0.013668,-0.007973
9.62370753288269,0.104029,-0.0,0.0,0.0,-0.030072,0.015041
9.663817644119263,0.104029,-0.0,0.0,0.0,-0.125426,-0.078619
9.703885316848755,0.104029,-0.0,0.0,0.0,0.010813,0.037005
9.743955850601196,0.104029,-0.0,0.0,0.0,0.063205,-0.009416
9.784023761749268,0.104029,-0.0,0.0,0.0,0.014648,-0.032425
9.824123620986938,0.104029,-0.0,0.0,0.0,0.084847,0.060884
9.864195346832275,0.104029,-0.0,0.0,0.0,-0.009343,-0.009058
9.904316186904907,0.104029,-0.0,0.0,0.0,0.060937,-0.055519
9.944429874420166,0.104029,-0.0,0.0,0.0,-0.081396,0.061315
9.984557151794434,0.104029,-0.0,0.0,0.0,0.011019,0.015291
10.02466082572937,0.104029,-0.0,0.0,0.0,-0.057381,-0.008358
10.064776420593262,0.104029,-0.0,0.0,0.0,0.038269,-0.007896
10.104892253875732,0.104029,-0.0,0.0,0.0,0.038923,0.015959
10.144976615905762,0.104029,-0.0,0.0,0.0,-0.080252,-0.029963
10.185044050216675,0.104029,-0.0,0.0,0.0,0.010642,0.01568
10.22514033317566,0.104029,-0.0,0.0,0.0,0.011715,0.062763
10.265238285064697,0.104029,-0.0,0.0,0.0,0.015936,-0.006922
10.305347442626953,0.104029,-0.0,0.0,0.0,0.106965,-0.077043
10.345451354980469,0.104029,-0.0,0.0,0.0,-0.055939,-0.007529
10.38556456565857,0.104029,-0.0,0.0,0.0,0.017688,-0.007585
10.42566967010498,0.104029,-0.0,0.0,0.0,0.043762,-0.007364
10.465776205062866,0.104029,-0.0,0.0,0.0,0.065923,0.015522
10.505857706069946,0.104029,-0.0,0.0,0.0,0.01491,0.038794
10.545928239822388,0.104029,-0.0,0.0,0.0,0.01515,-0.031207
10.585991382598877,0.104029,-0.0,0.0,0.0,0.114025,-0.007013
10.626062154769897,0.104029,-0.0,0.0,0.0,-0.098699,0.040228
10.666160583496094,0.104029,-0.0,0.0,0.0,0.014929,0.016787
10.706264972686768,0.104029,-0.0,0.0,0.0,0.015657,0.015925
10.746370315551758,0.104029,-0.0,0.0,0.0,0.014401,-0.008212
10.786470174789429,0.104029,-0.0,0.0,0.0,0.013962,-0.03053
10.826565980911255,0.104029,-0.0,0.0,0.0,0.013064,0.039578
10.866633176803589,0.104029,-0.0,0.0,0.0,0.131779,-0.007174
10.90673303604126,0.104029,-0.0,0.0,0.0,0.011858,-0.00733
10.946846961975098,0.104029,-0.0,0.0,0.0,0.014126,0.085083
10.987022876739502,0.104029,-0.0,0.0,0.0,-0.080939,0.037872
11.027117729187012,0.104029,-0.0,0.0,0.0,0.013738,-0.008576
11.067255735397339,0.104029,-0.0,0.0,0.0,-0.126094,-0.03141
11.10737156867981,0.104029,-0.0,0.0,0.0,0.00987,0.015214
11.147484540939331,0.104029,-0.0,0.0,0.0,0.014028,0.015737
11.187555313110352,0.104029,-0.0,0.0,0.0,0.086888,-0.00695
11.227627754211426,0.104029,-0.0,0.0,0.0,-0.0297,0.015739
11.267694234848022,0.104029,-0.0,0.0,0.0,0.032706,-0.008412
11.307800054550171,0.104029,-0.0,0.0,0.0,0.010092,0.014764
11.347890615463257,0.104029,-0.0,0.0,0.0,-0.008641,0.036981
11.38796067237854,0.104029,-0.0,0.0,0.0,-0.082217,-0.00998
11.428030967712402,0.104029,-0.0,0.0,0.0,0.012907,0.013824
11.468135118484497,0.104029,-0.0,0.0,0.0,-0.032278,-0.010534
11.508249521255493,0.104029,-0.0,0.0,0.0,0.007206,-0.011429
11.548354387283325,0.104029,-0.0,0.0,0.0,-0.08312,-0.036212
11.588473796844482,0.104029,-0.0,0.0,0.0,-0.083287,-0.013621
11.628587484359741,0.104029,-0.0,0.0,0.0,0.034409,-0.013185
11.668657302856445,0.104029,-0.0,0.0,0.0,-0.061683,0.010076
11.708762884140015,0.104029,-0.0,0.0,0.0,0.006602,0.032872
11.748870849609375,0.104029,-0.0,0.0,0.0,0.006835,-0.01334
11.788941144943237,0.104029,-0.0,0.0,0.0,0.036262,0.010191
11.82901668548584,0.104029,-0.0,0.0,0.0,-0.062169,0.010117
11.869085788726807,0.104029,-0.0,0.0,0.0,0.006438,0.079974
11.912363767623901,0.104029,-0.0,0.0,0.0,-0.061836,0.009758
11.95244812965393,0.104029,-0.0,0.0,0.0,0.124796,0.009913
11.992528438568115,0.104029,-0.0,0.0,0.0,0.076959,-0.013272
12.032603979110718,0.104029,-0.0,0.0,0.0,0.006757,-0.013878
12.072678327560425,0.104029,-0.0,0.0,0.0,-0.08291,-0.014216
12.112751245498657,0.104029,-0.0,0.0,0.0,-0.150958,-0.014367
12.152857542037964,0.104029,-0.0,0.0,0.0,0.012819,0.008252
12.192927598953247,0.104029,-0.0,0.0,0.0,0.008826,-0.061473
12.232994556427002,0.104029,-0.0,0.0,0.0,-0.080949,0.031371
12.273066997528076,0.104029,-0.0,0.0,0.0,0.011155,0.007679
12.313169240951538,0.104029,-0.0,0.0,0.0,0.011788,-0.015273
12.353240489959717,0.104029,-0.0,0.0,0.0,0.010771,-0.015606
12.393352270126343,0.104029,-0.0,0.0,0.0,0.010302,-0.016048
12.433467149734497,0.104029,-0.0,0.0,0.0,0.10531,0.053482
12.473570346832275,0.104029,-0.0,0.0,0.0,-0.080741,-0.016579
12.513688087463379,0.104029,-0.0,0.0,0.0,0.010378,-0.016071
12.553818225860596,0.104029,-0.0,0.0,0.0,0.010842,0.030086
12.593892812728882,0.104029,-0.0,0.0,0.0,-0.057512,-0.015803
12.633960723876953,0.104029,-0.0,0.0,0.0,0.011013,0.00706
12.674032211303711,0.104029,-0.0,0.0,0.0,-0.057118,0.006956
12.714139938354492,0.104029,-0.0,0.0,0.0,-0.003659,0.007407
12.75425100326538,0.104029,-0.0,0.0,0.0,0.010022,-0.016217
12.79432725906372,0.104029,-0.0,0.0,0.0,-0.081168,-0.015275
12.83442735671997,0.104029,-0.0,0.0,0.0,0.00962,-0.015106
12.874528408050537,0.104029,-0.0,0.0,0.0,-0.036979,0.007538
12.914643049240112,0.104029,-0.0,0.0,0.0,0.007659,0.007915
12.954723596572876,0.104029,-0.0,0.0,0.0,-0.10582,-0.014127
12.994840145111084,0.104029,-0.0,0.0,0.0,-0.015225,-0.014168
13.034909009933472,0.104029,-0.0,0.0,0.0,0.013161,0.008704
13.074979782104492,0.104029,-0.0,0.0,0.0,0.009038,0.00795
13.115051507949829,0.104029,-0.0,0.0,0.0,-0.126126,0.054669
13.155121803283691,0.104029,-0.0,0.0,0.0,-0.103728,-0.038269
13.195217847824097,0.104029,-0.0,0.0,0.0,0.040844,-0.014615
13.235319137573242,0.104029,-0.0,0.0,0.0,0.009923,0.009635
13.275389909744263,0.104029,-0.0,0.0,0.0,0.00571,0.032627
13.315484285354614,0.104029,-0.0,0.0,0.0,0.060224,-0.014245
13.355560541152954,0.104029,-0.0,0.0,0.0,-0.103161,0.055327
13.395599126815796,0.104029,-0.0,0.0,0.0,0.014096,0.032343
13.435675144195557,0.104029,-0.0,0.0,0.0,0.081764,-0.013461
13.475748062133789,0.104029,-0.0,0.0,0.0,-0.080242,-0.059368
13.515851259231567,0.104029,-0.0,0.0,0.0,-0.080266,0.010964
13.555922985076904,0.104029,-0.0,0.0,0.0,-0.103518,-0.035513
13.595998048782349,0.104029,-0.0,0.0,0.0,-0.058513,-0.012274
13.63606595993042,0.104029,-0.0,0.0,0.0,0.062959,-0.010986
13.676135778427124,0.104029,-0.0,0.0,0.0,0.061559,-0.08058
13.716211318969727,0.104029,-0.0,0.0,0.0,-0.082132,-0.034784
13.756314039230347,0.104029,-0.0,0.0,0.0,-0.031187,-0.011576
13.796388864517212,0.104029,-0.0,0.0,0.0,0.102769,-0.011873
13.836468696594238,0.104029,-0.0,0.0,0.0,-0.061618,-0.05808
13.876543760299683,0.104029,-0.0,0.0,0.0,-0.061626,0.012099
13.916616916656494,0.104029,-0.0,0.0,0.0,0.013837,-0.010619
13.956690073013306,0.104029,-0.0,0.0,0.0,0.01249,0.01339
13.996808052062988,0.104029,-0.0,0.0,0.0,0.006165,-0.009158
14.036983728408813,0.104029,-0.0,0.0,0.0,-0.106439,0.014067
14.07705569267273,0.104029,-0.0,0.0,0.0,-0.129105,0.061626
14.117149829864502,0.104029,-0.0,0.0,0.0,-0.060985,-0.008859
14.157219886779785,0.104029,-0.0,0.0,0.0,-0.056832,0.06108
14.197338819503784,0.104029,-0.0,0.0,0.0,0.007212,0.014149
14.237410068511963,0.104029,-0.0,0.0,0.0,0.007476,0.060344
14.277482032775879,0.104029,-0.0,0.0,0.0,0.059108,0.013738
14.31755518913269,0.104029,-0.0,0.0,0.0,-0.085198,0.012882
14.357626914978027,0.104029,-0.0,0.0,0.0,0.008467,0.059163
14.397729396820068,0.104029,-0.0,0.0,0.0,-0.064157,-0.033906
14.437865734100342,0.104029,-0.0,0.0,0.0,0.032721,0.035818
14.477901220321655,0.104029,-0.0,0.0,0.0,0.030233,0.035831
14.518046855926514,0.104029,-0.0,0.0,0.0,0.002582,0.0118
14.5581533908844,0.104029,-0.0,0.0,0.0,-0.156103,0.058891
14.598266839981079,0.104029,-0.0,0.0,0.0,-0.045169,-0.034118
14.63838791847229,0.104029,-0.0,0.0,0.0,0.010513,-0.034485
14.67850112915039,0.104029,-0.0,0.0,0.0,0.002925,-0.011713
14.718602895736694,0.104029,-0.0,0.0,0.0,0.054281,0.034938
14.758723020553589,0.104029,-0.0,0.0,0.0,-0.04159,-0.012737
14.798799514770508,0.104029,-0.0,0.0,0.0,0.004044,0.009517
14.838833332061768,0.104029,-0.0,0.0,0.0,-0.086421,-0.014743
14.878877639770508,0.104029,-0.0,0.0,0.0,0.004974,0.009028
14.919846534729004,0.104029,-0.0,0.0,0.0,-0.063547,0.05531
14.959922313690186,0.104029,-0.0,0.0,0.0,-0.063549,0.032234
15.00000286102295,0.104029,-0.0,0.0,0.0,-0.044518,-0.03698
15.040072917938232,0.104029,-0.0,0.0,0.0,0.100126,-0.037282
15.080176591873169,0.104029,-0.0,0.0,0.0,0.00404,0.032566
15.12024712562561,0.104029,-0.0,0.0,0.0,0.099539,-0.014922
15.160360336303711,0.104029,-0.0,0.0,0.0,0.004905,-0.014606
15.200463056564331,0.104029,-0.0,0.0,0.0,-0.035098,-0.0146
15.24055790901184,0.104029,-0.0,0.0,0.0,-0.109448,-0.015245
15.280665397644043,0.104029,-0.0,0.0,0.0,-0.086206,-0.015551
15.320744752883911,0.104029,-0.0,0.0,0.0,-0.062985,0.008514
15.360852718353271,0.104029,-0.0,0.0,0.0,0.005649,0.0551
15.400879383087158,0.104029,-0.0,0.0,0.0,-0.062056,0.00817
15.440948247909546,0.104029,-0.0,0.0,0.0,-0.03992,0.055443
15.481024503707886,0.104029,-0.0,0.0,0.0,-0.085346,0.008953
15.521133184432983,0.104029,-0.0,0.0,0.0,0.005578,-0.013068
15.561208724975586,0.104029,-0.0,0.0,0.0,-0.085862,-0.036326
15.601308822631836,0.104029,-0.0,0.0,0.0,-0.062975,0.056754
15.641413927078247,0.104029,-0.0,0.0,0.0,0.004821,0.010092
15.68152117729187,0.104029,-0.0,0.0,0.0,-0.063763,0.032644
15.721697807312012,0.104029,-0.0,0.0,0.0,0.079698,-0.013483
15.76180124282837,0.104029,-0.0,0.0,0.0,-0.063883,0.009456
15.801828384399414,0.104029,-0.0,0.0,0.0,-0.062872,-0.038001
15.841881036758423,0.104029,-0.0,0.0,0.0,-0.062738,0.031574
15.88194727897644,0.104029,-0.0,0.0,0.0,0.010035,0.03267
15.922019243240356,0.104029,-0.0,0.0,0.0,0.006557,0.057285
15.9621262550354,0.104029,-0.0,0.0,0.0,0.015075,-0.013122
16.002362728118896,0.104029,-0.0,0.0,0.0,0.060991,-0.013059
16.042476177215576,0.104029,-0.0,0.0,0.0,0.006989,-0.012776
16.082590341567993,0.104029,-0.0,0.0,0.0,-0.061114,0.010934
16.122691869735718,0.104029,-0.0,0.0,0.0,0.108952,-0.011573
16.162807941436768,0.104029,-0.0,0.0,0.0,0.004858,-0.00984
16.20299506187439,0.104029,-0.0,0.0,0.0,0.004066,0.01268
16.2430636882782,0.104029,-0.0,0.0,0.0,0.0027,-0.011972
16.283135890960693,0.104029,-0.0,0.0,0.0,0.036847,0.01118
16.32322931289673,0.104029,-0.0,0.0,0.0,-0.063306,0.057571
16.363304376602173,0.104029,-0.0,0.0,0.0,0.010176,0.03369
16.40337586402893,0.104029,-0.0,0.0,0.0,-0.084985,-0.012545
16.44344997406006,0.104029,-0.0,0.0,0.0,-0.108506,0.011024
16.483556032180786,0.104029,-0.0,0.0,0.0,-0.04112,-0.035936
16.523627758026123,0.104029,-0.0,0.0,0.0,0.005419,-0.013711
16.563741445541382,0.104029,-0.0,0.0,0.0,-0.062544,0.010074
16.60385489463806,0.104029,-0.0,0.0,0.0,-0.107408,-0.013682
16.643929958343506,0.104029,-0.0,0.0,0.0,-0.061721,0.009922
16.683997869491577,0.104029,-0.0,0.0,0.0,0.006738,-0.013799
16.724066734313965,0.104029,-0.0,0.0,0.0,-0.039317,-0.014228
16.76418137550354,0.104029,-0.0,0.0,0.0,-0.061415,-0.014845
16.804255962371826,0.104029,-0.0,0.0,0.0,-0.084195,-0.015559
16.8443284034729,0.104029,-0.0,0.0,0.0,0.006476,0.02997
16.884398937225342,0.104029,-0.0,0.0,0.0,-0.061868,0.0058
16.924468994140625,0.104029,-0.0,0.0,0.0,-0.108322,-0.017807
16.964571237564087,0.104029,-0.0,0.0,0.0,0.004732,0.029075
17.00464391708374,0.104029,-0.0,0.0,0.0,0.031346,0.005839
17.044758558273315,0.104029,-0.0,0.0,0.0,-0.06331,0.005615
17.084882020950317,0.104029,-0.0,0.0,0.0,0.005468,-0.017689
17.124950647354126,0.104029,-0.0,0.0,0.0,0.005615,0.029658
17.165046215057373,0.104029,-0.0,0.0,0.0,0.007039,-0.017253
17.2051260471344,0.104029,-0.0,0.0,0.0,0.007984,0.029431
17.245235443115234,0.104029,-0.0,0.0,0.0,0.006538,-0.01718
17.28530263900757,0.104029,-0.0,0.0,0.0,0.006964,-0.01733
17.32541012763977,0.104029,-0.0,0.0,0.0,-0.061215,-0.040372
17.365483045578003,0.104029,-0.0,0.0,0.0,-0.083725,-0.01696
17.405553579330444,0.104029,-0.0,0.0,0.0,0.034026,-0.017018
17.445669651031494,0.104029,-0.0,0.0,0.0,0.036814,-0.039225
17.48577308654785,0.104029,-0.0,0.0,0.0,0.00695,-0.01559
17.525888681411743,0.104029,-0.0,0.0,0.0,-0.08453,-0.084678
17.56595754623413,0.104029,-0.0,0.0,0.0,0.011346,-0.015966
17.606030464172363,0.104029,-0.0,0.0,0.0,-0.060666,-0.016105
17.646100997924805,0.104029,-0.0,0.0,0.0,-0.083071,-0.01678
17.68616795539856,0.104029,-0.0,0.0,0.0,0.030315,-0.016087
17.726238250732422,0.104029,-0.0,0.0,0.0,-0.056999,-0.01491
17.766311645507812,0.104029,-0.0,0.0,0.0,-0.060677,-0.013899
17.80638837814331,0.104029,-0.0,0.0,0.0,0.12734,0.010267
17.846460580825806,0.104029,-0.0,0.0,0.0,-0.060688,-0.012519
17.88656449317932,0.104029,-0.0,0.0,0.0,-0.060195,0.011598
17.9266459941864,0.104029,-0.0,0.0,0.0,0.082892,-0.034409
17.966754913330078,0.104029,-0.0,0.0,0.0,-0.082261,0.03488
18.007895708084106,0.104029,-0.0,0.0,0.0,0.008857,0.011692
18.047965049743652,0.104029,-0.0,0.0,0.0,0.009637,0.010752
18.088037967681885,0.104029,-0.0,0.0,0.0,0.009324,0.011125
18.12813901901245,0.104029,-0.0,0.0,0.0,0.010139,0.058242
18.16825270652771,0.104029,-0.0,0.0,0.0,0.106055,-0.011596
18.20835852622986,0.104029,-0.0,0.0,0.0,-0.080121,0.057877
18.248472452163696,0.104029,-0.0,0.0,0.0,0.015778,-0.058533
18.28860306739807,0.104029,-0.0,0.0,0.0,-0.079508,0.011138
18.328672409057617,0.104029,-0.0,0.0,0.0,0.010439,0.033609
18.368776321411133,0.104029,-0.0,0.0,0.0,0.036436,0.009595
18.40883469581604,0.104029,-0.0,0.0,0.0,-0.059053,-0.014867
18.448914051055908,0.104029,-0.0,0.0,0.0,-0.082276,-0.015572
18.488989114761353,0.104029,-0.0,0.0,0.0,0.008036,0.052882
18.5290584564209,0.104029,-0.0,0.0,0.0,-0.015958,0.029512
18.569161415100098,0.104029,-0.0,0.0,0.0,-0.08172,-0.016772
18.60926628112793,0.104029,-0.0,0.0,0.0,0.059737,-0.016597
18.649370670318604,0.104029,-0.0,0.0,0.0,0.036112,0.006596
18.689454078674316,0.104029,-0.0,0.0,0.0,0.008456,0.029311
18.729572057724,0.104029,-0.0,0.0,0.0,0.008737,0.007157
18.769677877426147,0.104029,-0.0,0.0,0.0,-0.059424,0.007477
18.809751272201538,0.104029,-0.0,0.0,0.0,-0.059442,0.078331
18.8498592376709,0.104029,-0.0,0.0,0.0,0.007678,-0.014252
18.889928102493286,0.104029,-0.0,0.0,0.0,0.007299,-0.013864
18.930004358291626,0.104029,-0.0,0.0,0.0,0.00739,0.009633
18.97007966041565,0.104029,-0.0,0.0,0.0,-0.083952,0.078819
19.010185480117798,0.104029,-0.0,0.0,0.0,0.008528,-0.037175
19.050300359725952,0.104029,-0.0,0.0,0.0,-0.059918,0.055993
19.090372800827026,0.104029,-0.0,0.0,0.0,-0.105682,-0.037786
19.130487203598022,0.104029,-0.0,0.0,0.0,0.007145,0.006958
19.17056179046631,0.104029,-0.0,0.0,0.0,-0.106931,0.052895
19.210664749145508,0.104029,-0.0,0.0,0.0,0.032932,0.052623
19.250736951828003,0.104029,-0.0,0.0,0.0,-0.063932,-0.017446
19.29085636138916,0.104029,-0.0,0.0,0.0,0.004343,0.052065
19.330891609191895,0.104029,-0.0,0.0,0.0,0.004618,-0.017865
19.370964765548706,0.104029,-0.0,0.0,0.0,0.004044,0.052284
19.411037921905518,0.104029,-0.0,0.0,0.0,-0.020452,-0.017319
19.451146364212036,0.104029,-0.0,0.0,0.0,0.010823,-0.016507
19.491219758987427,0.104029,-0.0,0.0,0.0,-0.087885,0.006371
19.531325578689575,0.104029,-0.0,0.0,0.0,-0.109756,0.029747
19.571398496627808,0.104029,-0.0,0.0,0.0,0.079998,-0.016511
19.61146903038025,0.104029,-0.0,0.0,0.0,-0.085627,-0.016021
19.65158200263977,0.104029,-0.0,0.0,0.0,0.007011,-0.039585
19.691699743270874,0.104029,-0.0,0.0,0.0,0.007339,0.006799
19.731807947158813,0.104029,-0.0,0.0,0.0,0.083015,-0.016164
19.77186942100525,0.104029,-0.0,0.0,0.0,-0.038338,0.007252
19.81193995475769,0.104029,-0.0,0.0,0.0,-0.060763,-0.016416
19.852033376693726,0.104029,-0.0,0.0,0.0,-0.083325,-0.015429
19.892130613327026,0.104029,-0.0,0.0,0.0,0.007619,-0.015903
19.932249069213867,0.104029,-0.0,0.0,0.0,-0.060486,0.030015
19.97235918045044,0.104029,-0.0,0.0,0.0,0.008775,-0.01753
20.012473583221436,0.104029,-0.0,0.0,0.0,0.017773,0.005623
20.052542448043823,0.104029,-0.0,0.0,0.0,-0.006895,-0.016792
20.092658042907715,0.104029,-0.0,0.0,0.0,0.064179,-0.015778
20.132758617401123,0.104029,-0.0,0.0,0.0,0.008905,0.007556
20.172885179519653,0.104029,-0.0,0.0,0.0,-0.105372,0.02985
20.212955951690674,0.104029,-0.0,0.0,0.0,0.059024,0.006329
20.253024339675903,0.104029,-0.0,0.0,0.0,-0.105066,0.029346
20.293134689331055,0.104029,-0.0,0.0,0.0,0.008803,-0.017357
20.333245515823364,0.104029,-0.0,0.0,0.0,-0.082449,0.00619
20.37335181236267,0.104029,-0.0,0.0,0.0,0.014116,-0.04082
20.41345524787903,0.104029,-0.0,0.0,0.0,0.009853,0.074461
20.453564882278442,0.104029,-0.0,0.0,0.0,0.129303,0.028252
20.493680477142334,0.104029,-0.0,0.0,0.0,-0.080417,0.027899
20.533783435821533,0.104029,-0.0,0.0,0.0,0.037757,-0.018225
20.573833227157593,0.104029,-0.0,0.0,0.0,0.010268,-0.017947
20.613892555236816,0.104029,-0.0,0.0,0.0,0.016022,-0.018289
20.65396738052368,0.104029,-0.0,0.0,0.0,-0.078052,0.028161
20.694066286087036,0.104029,-0.0,0.0,0.0,-0.077209,0.051334
20.73413634300232,0.104029,-0.0,0.0,0.0,-0.077096,0.006012
20.774235725402832,0.104029,-0.0,0.0,0.0,-0.077395,0.006693
20.81437039375305,0.104029,-0.0,0.0,0.0,0.013786,0.006594
20.854480981826782,0.104029,-0.0,0.0,0.0,0.013852,-0.016489
20.894550800323486,0.104029,-0.0,0.0,0.0,-0.077463,-0.016737
20.934654712677002,0.104029,-0.0,0.0,0.0,0.014067,-0.016512
20.974759101867676,0.104029,-0.0,0.0,0.0,0.108695,0.03017
21.014873266220093,0.104029,-0.0,0.0,0.0,0.043636,0.030809
21.054946184158325,0.104029,-0.0,0.0,0.0,-0.033265,0.031136
21.095021724700928,0.104029,-0.0,0.0,0.0,-0.055827,0.031713
21.135092735290527,0.104029,-0.0,0.0,0.0,0.012686,-0.015439
21.176847219467163,0.104029,-0.0,0.0,0.0,-0.077837,0.007527
21.216950178146362,0.104029,-0.0,0.0,0.0,-0.07802,-0.01581
21.257019996643066,0.104029,-0.0,0.0,0.0,-0.055367,-0.016034
21.297090768814087,0.104029,-0.0,0.0,0.0,0.019794,0.006788
21.337188720703125,0.104029,-0.0,0.0,0.0,-0.080571,0.029853
21.377262830734253,0.104029,-0.0,0.0,0.0,-0.082322,-0.01788
21.41736388206482,0.104029,-0.0,0.0,0.0,0.008288,-0.017448
21.457462072372437,0.104029,-0.0,0.0,0.0,0.060978,-0.040591
21.497577667236328,0.104029,-0.0,0.0,0.0,-0.081755,0.052107
21.537654161453247,0.104029,-0.0,0.0,0.0,-0.081571,-0.016628
21.577773809432983,0.104029,-0.0,0.0,0.0,0.04105,0.053722
21.617888927459717,0.104029,-0.0,0.0,0.0,-0.126533,0.007233
21.657959699630737,0.104029,-0.0,0.0,0.0,0.038598,0.03025
21.698030710220337,0.104029,-0.0,0.0,0.0,0.104571,0.030065
21.738126754760742,0.104029,-0.0,0.0,0.0,-0.05965,-0.016481
21.778228759765625,0.104029,-0.0,0.0,0.0,0.007715,-0.015793
21.818344116210938,0.104029,-0.0,0.0,0.0,-0.083559,-0.015917
21.858415126800537,0.104029,-0.0,0.0,0.0,-0.016691,0.052916
21.89853835105896,0.104029,-0.0,0.0,0.0,0.006625,-0.016851
21.938610553741455,0.104029,-0.0,0.0,0.0,0.058588,0.028792
21.97868824005127,0.104029,-0.0,0.0,0.0,-0.084201,0.005449
22.01879382133484,0.104029,-0.0,0.0,0.0,0.005928,0.051966
22.058835744857788,0.104029,-0.0,0.0,0.0,-0.061943,0.030212
22.098942041397095,0.104029,-0.0,0.0,0.0,0.005836,-0.016097
22.139014959335327,0.104029,-0.0,0.0,0.0,0.00638,-0.016813
22.179134845733643,0.104029,-0.0,0.0,0.0,0.005825,0.006881
22.219240188598633,0.104029,-0.0,0.0,0.0,0.010723,-0.016768
22.259357452392578,0.104029,-0.0,0.0,0.0,0.013044,-0.017034
22.29945969581604,0.104029,-0.0,0.0,0.0,0.034198,-0.017901
22.339536905288696,0.104029,-0.0,0.0,0.0,0.007896,-0.017746
22.379637718200684,0.104029,-0.0,0.0,0.0,0.008126,0.005375
22.419714212417603,0.104029,-0.0,0.0,0.0,0.017207,-0.017272
22.459824800491333,0.104029,-0.0,0.0,0.0,-0.082067,0.029969
22.499879837036133,0.104029,-0.0,0.0,0.0,0.036542,0.029848
22.539950609207153,0.104029,-0.0,0.0,0.0,0.006701,0.006489
22.58001971244812,0.104029,-0.0,0.0,0.0,0.035795,0.076712
22.620139122009277,0.104029,-0.0,0.0,0.0,0.00831,0.030964
22.660211324691772,0.104029,-0.0,0.0,0.0,0.008211,-0.01575
22.700311422348022,0.104029,-0.0,0.0,0.0,-0.060861,-0.015059
22.740421533584595,0.104029,-0.0,0.0,0.0,-0.06197,0.031143
22.780524969100952,0.104029,-0.0,0.0,0.0,0.080662,0.053537
22.820632934570312,0.104029,-0.0,0.0,0.0,-0.085631,-0.015825
22.860702514648438,0.104029,-0.0,0.0,0.0,0.006328,-0.015684
22.90077781677246,0.104029,-0.0,0.0,0.0,-0.084008,-0.016398
22.940871715545654,0.104029,-0.0,0.0,0.0,0.101342,-0.015895
22.980947256088257,0.104029,-0.0,0.0,0.0,0.011268,0.053868
23.021024703979492,0.104029,-0.0,0.0,0.0,0.081685,-0.016679
23.061121225357056,0.104029,-0.0,0.0,0.0,-0.084607,-0.016708
23.101189374923706,0.104029,-0.0,0.0,0.0,-0.06265,0.028723
23.141261339187622,0.104029,-0.0,0.0,0.0,-0.085689,-0.017674
23.18136501312256,0.104029,-0.0,0.0,0.0,0.005908,-0.017806
23.221441507339478,0.104029,-0.0,0.0,0.0,0.00663,0.005434
23.261514902114868,0.104029,-0.0,0.0,0.0,0.059258,0.028968
23.30159044265747,0.104029,-0.0,0.0,0.0,0.006939,0.029595
23.341660261154175,0.104029,-0.0,0.0,0.0,0.03444,0.006224
23.381757259368896,0.104029,-0.0,0.0,0.0,0.060711,-0.017021
23.421833992004395,0.104029,-0.0,0.0,0.0,0.008039,0.006171
23.461910724639893,0.104029,-0.0,0.0,0.0,-0.08258,-0.017262
23.502018690109253,0.104029,-0.0,0.0,0.0,0.031816,-0.016833
23.542113065719604,0.104029,-0.0,0.0,0.0,0.104875,-0.016711
23.58222198486328,0.104029,-0.0,0.0,0.0,0.01439,0.005938
23.622303247451782,0.104029,-0.0,0.0,0.0,0.039233,-0.017361
23.66240906715393,0.104029,-0.0,0.0,0.0,-0.079497,0.029236
23.702510356903076,0.104029,-0.0,0.0,0.0,0.019186,0.00577
23.74263095855713,0.104029,-0.0,0.0,0.0,0.110839,0.029281
23.78269910812378,0.104029,-0.0,0.0,0.0,-0.123115,-0.017105
23.822805166244507,0.104029,-0.0,0.0,0.0,-0.054422,0.029478
23.862908363342285,0.104029,-0.0,0.0,0.0,-0.053557,-0.017062
23.902976751327515,0.104029,-0.0,0.0,0.0,-0.075686,-0.017828
23.943047046661377,0.104029,-0.0,0.0,0.0,-0.07494,-0.01832
23.983116149902344,0.104029,-0.0,0.0,0.0,0.042193,0.006339
24.02321767807007,0.104029,-0.0,0.0,0.0,-0.075984,-0.061632
24.063856601715088,0.104029,-0.0,0.0,0.0,-0.008955,-0.014439
24.10393190383911,0.104029,-0.0,0.0,0.0,0.014597,-0.014921
24.144004344940186,0.104029,-0.0,0.0,0.0,-0.122502,-0.014779
24.184080839157104,0.104029,-0.0,0.0,0.0,-0.055353,0.008348
24.224152088165283,0.104029,-0.0,0.0,0.0,0.012482,-0.014226
24.264256238937378,0.104029,-0.0,0.0,0.0,-0.056905,-0.013048
24.30432653427124,0.104029,-0.0,0.0,0.0,-0.080312,0.011168
24.34442710876465,0.104029,-0.0,0.0,0.0,-0.080526,-0.011442
24.384595155715942,0.104029,-0.0,0.0,0.0,0.011177,-0.011322
24.42466711997986,0.104029,-0.0,0.0,0.0,-0.080335,-0.011553
24.464741230010986,0.104029,-0.0,0.0,0.0,0.010712,0.035122
24.504818201065063,0.104029,-0.0,0.0,0.0,-0.057544,-0.011957
24.544885873794556,0.104029,-0.0,0.0,0.0,0.010768,0.012081
24.58495306968689,0.104029,-0.0,0.0,0.0,0.083798,-0.034414
24.625023126602173,0.104029,-0.0,0.0,0.0,-0.080613,-0.011477
24.665129899978638,0.104029,-0.0,0.0,0.0,0.109161,0.034026
24.70523190498352,0.104029,-0.0,0.0,0.0,-0.05797,0.01132
24.745346546173096,0.104029,-0.0,0.0,0.0,-0.012893,-0.01153
24.785448789596558,0.104029,-0.0,0.0,0.0,0.015423,0.011469
24.8255672454834,0.104029,-0.0,0.0,0.0,0.018844,0.034194
24.865676164627075,0.104029,-0.0,0.0,0.0,-0.057315,-0.01341
24.905750274658203,0.104029,-0.0,0.0,0.0,0.086038,-0.013969
24.945833683013916,0.104029,-0.0,0.0,0.0,0.010417,0.009891
24.985906839370728,0.104029,-0.0,0.0,0.0,0.014511,0.010236
25.025976181030273,0.104029,-0.0,0.0,0.0,0.01394,-0.012938
25.066047191619873,0.104029,-0.0,0.0,0.0,0.008394,0.010456
25.106141805648804,0.104029,-0.0,0.0,0.0,0.008632,-0.035857
25.146238565444946,0.104029,-0.0,0.0,0.0,0.008013,0.033456
25.18647050857544,0.104029,-0.0,0.0,0.0,0.035606,0.032706
25.226584672927856,0.104029,-0.0,0.0,0.0,-0.082549,0.031581
25.266689777374268,0.104029,-0.0,0.0,0.0,0.009575,0.031098
25.306763172149658,0.104029,-0.0,0.0,0.0,-0.058129,-0.085798
25.346914291381836,0.104029,-0.0,0.0,0.0,0.01028,0.007571
25.386991500854492,0.104029,-0.0,0.0,0.0,0.041511,0.077277
25.42706274986267,0.104029,-0.0,0.0,0.0,-0.053439,0.00719
25.467156887054443,0.104029,-0.0,0.0,0.0,0.011341,0.053452
25.50726342201233,0.104029,-0.0,0.0,0.0,-0.035144,0.00665
25.547332048416138,0.104029,-0.0,0.0,0.0,0.00938,0.030127
25.587426900863647,0.104029,-0.0,0.0,0.0,-0.059166,0.007049
25.627529621124268,0.104029,-0.0,0.0,0.0,0.012616,0.007633
25.66759729385376,0.104029,-0.0,0.0,0.0,0.104046,0.054574
25.707709789276123,0.104029,-0.0,0.0,0.0,-0.00872,-0.038275
25.747830629348755,0.104029,-0.0,0.0,0.0,-0.015454,-0.014061
25.787895679473877,0.104029,-0.0,0.0,0.0,-0.082064,-0.013673
25.827966690063477,0.104029,-0.0,0.0,0.0,0.013388,-0.013539
25.868032455444336,0.104029,-0.0,0.0,0.0,-0.147998,0.008392
25.908103704452515,0.104029,-0.0,0.0,0.0,-0.07975,0.008421
25.948171854019165,0.104029,-0.0,0.0,0.0,0.011384,-0.015404
25.98827362060547,0.104029,-0.0,0.0,0.0,0.010641,0.03102
26.028343677520752,0.104029,-0.0,0.0,0.0,0.009693,0.030357
26.068450450897217,0.104029,-0.0,0.0,0.0,-0.058454,0.006392
26.108556747436523,0.104029,-0.0,0.0,0.0,-0.081282,0.075887
26.148664712905884,0.104029,-0.0,0.0,0.0,-0.103024,0.005167
26.188766479492188,0.104029,-0.0,0.0,0.0,-0.079504,-0.018135
26.2288978099823,0.104029,-0.0,0.0,0.0,0.015921,0.005442
26.268965482711792,0.104029,-0.0,0.0,0.0,0.011406,-0.017723
26.309035062789917,0.104029,-0.0,0.0,0.0,0.087834,0.052602
26.349130630493164,0.104029,-0.0,0.0,0.0,-0.056581,0.02851
26.389204740524292,0.104029,-0.0,0.0,0.0,-0.053682,0.005362
26.429287910461426,0.104029,-0.0,0.0,0.0,0.130092,-0.017446
26.46935725212097,0.104029,-0.0,0.0,0.0,-0.079151,0.004629
26.509432315826416,0.104029,-0.0,0.0,0.0,0.039526,0.003374
26.54950451850891,0.104029,-0.0,0.0,0.0,-0.055154,-0.020822
26.5896098613739,0.104029,-0.0,0.0,0.0,0.066174,-0.020985
26.629723072052002,0.104029,-0.0,0.0,0.0,-0.169125,0.025264
26.66983413696289,0.104029,-0.0,0.0,0.0,0.01257,0.025799
26.709903955459595,0.104029,-0.0,0.0,0.0,0.016745,-0.021024
26.749974966049194,0.104029,-0.0,0.0,0.0,0.06632,0.025519
26.790085077285767,0.104029,-0.0,0.0,0.0,0.062905,0.002172
26.830180406570435,0.104029,-0.0,0.0,0.0,0.040214,0.001777
26.870301961898804,0.104029,-0.0,0.0,0.0,-0.029608,-0.021314
26.910414457321167,0.104029,-0.0,0.0,0.0,0.015536,0.025786
26.950517892837524,0.104029,-0.0,0.0,0.0,-0.05631,0.025744
26.99058699607849,0.104029,-0.0,0.0,0.0,0.042522,-0.020426
27.03066897392273,0.104029,-0.0,0.0,0.0,0.011521,0.00169
27.070767879486084,0.104029,-0.0,0.0,0.0,0.011469,0.023977
27.110881328582764,0.104029,-0.0,0.0,0.0,0.010741,0.046842
27.150949239730835,0.104029,-0.0,0.0,0.0,-0.057252,0.045848
27.191020488739014,0.104029,-0.0,0.0,0.0,-0.078626,0.045768
27.23112201690674,0.104029,-0.0,0.0,0.0,-0.077588,0.022544
27.27122735977173,0.104029,-0.0,0.0,0.0,0.017038,-0.02366
27.31133246421814,0.104029,-0.0,0.0,0.0,0.017941,0.000685
27.351435661315918,0.104029,-0.0,0.0,0.0,-0.004547,0.02463
27.39152956008911,0.104029,-0.0,0.0,0.0,0.014443,-0.021209
27.431604385375977,0.104029,-0.0,0.0,0.0,-0.076559,0.001477
27.471676111221313,0.104029,-0.0,0.0,0.0,-0.054038,-0.021906
27.511746644973755,0.104029,-0.0,0.0,0.0,-0.076503,0.001103
27.551841020584106,0.104029,-0.0,0.0,0.0,0.018776,-0.022437
27.591910123825073,0.104029,-0.0,0.0,0.0,0.014231,-0.022906
27.63198161125183,0.104029,-0.0,0.0,0.0,0.109786,-0.022432
27.672052145004272,0.104029,-0.0,0.0,0.0,0.042299,-0.023337
27.712152004241943,0.104029,-0.0,0.0,0.0,-0.074967,0.022692
27.75239109992981,0.104029,-0.0,0.0,0.0,0.016977,-0.02406
27.79250407218933,0.104029,-0.0,0.0,0.0,0.012654,0.044912
27.832571268081665,0.104029,-0.0,0.0,0.0,0.020977,-0.025191
27.8726487159729,0.104029,-0.0,0.0,0.0,-0.052245,-0.002303
27.91272807121277,0.104029,-0.0,0.0,0.0,-0.098911,0.02165
27.952851057052612,0.104029,-0.0,0.0,0.0,0.043282,-0.024348
27.99291205406189,0.104029,-0.0,0.0,0.0,0.017096,-0.001048
28.032978296279907,0.104029,-0.0,0.0,0.0,-0.07769,0.045525
28.07304859161377,0.104029,-0.0,0.0,0.0,0.040204,-0.023315
28.113145112991333,0.104029,-0.0,0.0,0.0,-0.054624,-0.023368
28.15324854850769,0.104029,-0.0,0.0,0.0,-0.054459,0.047421
28.193360090255737,0.104029,-0.0,0.0,0.0,0.017226,0.001212
28.233428716659546,0.104029,-0.0,0.0,0.0,-0.07916,-0.021405
28.273497819900513,0.104029,-0.0,0.0,0.0,0.012509,0.026343
28.31359887123108,0.104029,-0.0,0.0,0.0,0.039735,0.026288
28.353670120239258,0.104029,-0.0,0.0,0.0,-0.145196,0.003342
28.393784761428833,0.104029,-0.0,0.0,0.0,-0.054166,0.049211
28.433833122253418,0.104029,-0.0,0.0,0.0,0.013561,-0.02116
28.473904132843018,0.104029,-0.0,0.0,0.0,0.013315,0.002072
28.5139741897583,0.104029,-0.0,0.0,0.0,-0.146688,0.025907
28.554078340530396,0.104029,-0.0,0.0,0.0,0.010974,0.049033
28.59415292739868,0.104029,-0.0,0.0,0.0,0.010367,0.002837
28.63426685333252,0.104029,-0.0,0.0,0.0,-0.079497,0.003061
28.67437195777893,0.104029,-0.0,0.0,0.0,0.012378,0.026871
28.714439868927002,0.104029,-0.0,0.0,0.0,0.039489,-0.019428
28.754544734954834,0.104029,-0.0,0.0,0.0,0.018417,0.026597
28.794647932052612,0.104029,-0.0,0.0,0.0,-0.101293,-0.019391
28.834712505340576,0.104029,-0.0,0.0,0.0,-0.124436,0.00343
28.874855279922485,0.104029,-0.0,0.0,0.0,0.082573,0.026818
28.9149272441864,0.104029,-0.0,0.0,0.0,-0.102249,0.025891
28.955015420913696,0.104029,-0.0,0.0,0.0,0.011743,0.048628
28.995113372802734,0.104029,-0.0,0.0,0.0,0.041373,0.001708
29.03520894050598,0.104029,-0.0,0.0,0.0,0.011436,-0.021291
29.075311183929443,0.104029,-0.0,0.0,0.0,0.011859,0.025342
29.115381956100464,0.104029,-0.0,0.0,0.0,-0.125138,0.024913
29.155457735061646,0.104029,-0.0,0.0,0.0,0.063035,-0.020723
29.195561408996582,0.104029,-0.0,0.0,0.0,0.106725,0.026553
29.235663652420044,0.104029,-0.0,0.0,0.0,-0.079834,-0.01911
29.275768995285034,0.104029,-0.0,0.0,0.0,-0.05727,0.051195
29.31588840484619,0.104029,-0.0,0.0,0.0,0.011062,-0.019074
29.356212854385376,0.104029,-0.0,0.0,0.0,-0.102155,0.004079
29.39627432823181,0.104029,-0.0,0.0,0.0,-0.078254,0.003991
29.436379432678223,0.104029,-0.0,0.0,0.0,0.013253,0.027525
29.476450443267822,0.104029,-0.0,0.0,0.0,0.012744,0.004961
29.51655101776123,0.104029,-0.0,0.0,0.0,-0.055628,0.02803
29.556654930114746,0.104029,-0.0,0.0,0.0,0.01666,0.005178
29.59676194190979,0.104029,-0.0,0.0,0.0,0.016189,0.005071
29.636863946914673,0.104029,-0.0,0.0,0.0,-0.055515,-0.041614
29.676936626434326,0.104029,-0.0,0.0,0.0,-0.056225,0.028446
29.717037200927734,0.104029,-0.0,0.0,0.0,0.106195,0.005433
29.757136583328247,0.104029,-0.0,0.0,0.0,-0.057392,-0.01645
29.797243356704712,0.104029,-0.0,0.0,0.0,-0.034568,-0.015803
29.83732271194458,0.104029,-0.0,0.0,0.0,0.013763,-0.039481
29.877391815185547,0.104029,-0.0,0.0,0.0,-0.081741,-0.016414
29.91749405860901,0.104029,-0.0,0.0,0.0,0.058719,0.029803
29.957598447799683,0.104029,-0.0,0.0,0.0,-0.081869,0.007577
29.997703075408936,0.104029,-0.0,0.0,0.0,0.060938,0.006207
