t_ms,thr,str,mix_L,mix_R,tgt_L_hz,tgt_R_hz,meas_L_hz,meas_R_hz,duty_L,duty_R,int_L,int_R,freqdet_L_hz,freqdet_R_hz,spec_L_hz,spec_R_hz,spec_q_L,spec_q_R,spec_peak_L,spec_peak_R,zc_blocks_L,zc_blocks_R,zc_cross_L,zc_cross_R,zc_pkpk_L,zc_pkpk_R,zc_std_L,zc_std_R
31834.0,0.0,0.0,0.0,0.0,0.0,0.0,3.3,3.4,0.0,0.0,0.0,0.0,0.0,0.0,0.0,0.0,0.0,0.0,0.0,0.0,0.0,0.0,0.0,0.0,0.0,0.0,0.0,0.0
31838.0,0.0,0.0,0.0,0.0,0.0,0.0,3.3,3.4,0.0,0.0,0.0,0.0,0.0,0.0,0.0,0.0,0.0,0.0,0.0,0.0,0.0,0.0,0.0,0.0,0.0,0.0,0.0,0.0
31842.0,0.0,0.0,0.0,0.0,0.0,0.0,3.3,3.4,0.0,0.0,0.0,0.0,0.0,0.0,0.0,0.0,0.0,0.0,0.0,0.0,0.0,0.0,0.0,0.0,0.0,0.0,0.0,0.0
31848.0,0.0,0.0,0.0,0.0,0.0,0.0,3.0,3.0,0.0,0.0,0.0,0.0,0.0,0.0,0.0,0.0,0.0,0.0,0.0,0.0,0.0,0.0,0.0,0.0,0.0,0.0,0.0,0.0
31852.0,0.0,0.0,0.0,0.0,0.0,0.0,3.0,3.0,0.0,0.0,0.0,0.0,0.0,0.0,0.0,0.0,0.0,0.0,0.0,0.0,0.0,0.0,0.0,0.0,0.0,0.0,0.0,0.0
31855.0,0.0,0.0,0.0,0.0,0.0,0.0,3.0,3.0,0.0,0.0,0.0,0.0,0.0,0.0,0.0,0.0,0.0,0.0,0.0,0.0,0.0,0.0,0.0,0.0,0.0,0.0,0.0,0.0
31859.0,0.0,0.0,0.0,0.0,0.0,0.0,3.0,3.0,0.0,0.0,0.0,0.0,0.0,0.0,0.0,0.0,0.0,0.0,0.0,0.0,0.0,0.0,0.0,0.0,0.0,0.0,0.0,0.0
31862.0,0.0,0.0,0.0,0.0,0.0,0.0,3.0,3.0,0.0,0.0,0.0,0.0,0.0,0.0,0.0,0.0,0.0,0.0,0.0,0.0,0.0,0.0,0.0,0.0,0.0,0.0,0.0,0.0
31866.0,0.0,0.0,0.0,0.0,0.0,0.0,3.0,3.0,0.0,0.0,0.0,0.0,0.0,0.0,0.0,0.0,0.0,0.0,0.0,0.0,0.0,0.0,0.0,0.0,0.0,0.0,0.0,0.0
31869.0,0.0,0.0,0.0,0.0,0.0,0.0,3.0,3.0,0.0,0.0,0.0,0.0,0.0,0.0,0.0,0.0,0.0,0.0,0.0,0.0,0.0,0.0,0.0,0.0,0.0,0.0,0.0,0.0
31873.0,0.0,0.0,0.0,0.0,0.0,0.0,3.0,3.0,0.0,0.0,0.0,0.0,0.0,0.0,0.0,0.0,0.0,0.0,0.0,0.0,0.0,0.0,0.0,0.0,0.0,0.0,0.0,0.0
31876.0,0.0,0.0,0.0,0.0,0.0,0.0,3.0,3.0,0.0,0.0,0.0,0.0,0.0,0.0,0.0,0.0,0.0,0.0,0.0,0.0,0.0,0.0,0.0,0.0,0.0,0.0,0.0,0.0
31880.0,0.0,0.0,0.0,0.0,0.0,0.0,3.0,3.0,0.0,0.0,0.0,0.0,0.0,0.0,0.0,0.0,0.0,0.0,0.0,0.0,0.0,0.0,0.0,0.0,0.0,0.0,0.0,0.0
31883.0,0.0,0.0,0.0,0.0,0.0,0.0,3.0,3.0,0.0,0.0,0.0,0.0,0.0,0.0,0.0,0.0,0.0,0.0,0.0,0.0,0.0,0.0,0.0,0.0,0.0,0.0,0.0,0.0
31887.0,0.0,0.0,0.0,0.0,0.0,0.0,3.0,3.0,0.0,0.0,0.0,0.0,0.0,0.0,0.0,0.0,0.0,0.0,0.0,0.0,0.0,0.0,0.0,0.0,0.0,0.0,0.0,0.0
31891.0,0.0,0.0,0.0,0.0,0.0,0.0,3.0,3.0,0.0,0.0,0.0,0.0,0.0,0.0,0.0,0.0,0.0,0.0,0.0,0.0,0.0,0.0,0.0,0.0,0.0,0.0,0.0,0.0
31894.0,0.0,0.0,0.0,0.0,0.0,0.0,2.7,2.7,0.0,0.0,0.0,0.0,0.0,0.0,0.0,0.0,0.0,0.0,0.0,0.0,0.0,0.0,0.0,0.0,0.0,0.0,0.0,0.0
31900.0,0.0,0.0,0.0,0.0,0.0,0.0,2.7,2.7,0.0,0.0,0.0,0.0,0.0,0.0,0.0,0.0,0.0,0.0,0.0,0.0,0.0,0.0,0.0,0.0,0.0,0.0,0.0,0.0
31904.0,0.0,0.0,0.0,0.0,0.0,0.0,2.7,2.7,0.0,0.0,0.0,0.0,0.0,0.0,0.0,0.0,0.0,0.0,0.0,0.0,0.0,0.0,0.0,0.0,0.0,0.0,0.0,0.0
31907.0,0.0,0.0,0.0,0.0,0.0,0.0,2.7,2.7,0.0,0.0,0.0,0.0,0.0,0.0,0.0,0.0,0.0,0.0,0.0,0.0,0.0,0.0,0.0,0.0,0.0,0.0,0.0,0.0
31911.0,0.0,0.0,0.0,0.0,0.0,0.0,2.7,2.7,0.0,0.0,0.0,0.0,0.0,0.0,0.0,0.0,0.0,0.0,0.0,0.0,0.0,0.0,0.0,0.0,0.0,0.0,0.0,0.0
31914.0,0.0,0.0,0.0,0.0,0.0,0.0,2.7,2.7,0.0,0.0,0.0,0.0,0.0,0.0,0.0,0.0,0.0,0.0,0.0,0.0,0.0,0.0,0.0,0.0,0.0,0.0,0.0,0.0
31918.0,0.0,0.0,0.0,0.0,0.0,0.0,2.7,2.7,0.0,0.0,0.0,0.0,0.0,0.0,0.0,0.0,0.0,0.0,0.0,0.0,0.0,0.0,0.0,0.0,0.0,0.0,0.0,0.0
31921.0,0.0,0.0,0.0,0.0,0.0,0.0,2.7,2.7,0.0,0.0,0.0,0.0,0.0,0.0,0.0,0.0,0.0,0.0,0.0,0.0,0.0,0.0,0.0,0.0,0.0,0.0,0.0,0.0
31925.0,0.0,0.0,0.0,0.0,0.0,0.0,2.7,2.7,0.0,0.0,0.0,0.0,0.0,0.0,0.0,0.0,0.0,0.0,0.0,0.0,0.0,0.0,0.0,0.0,0.0,0.0,0.0,0.0
31928.0,0.0,0.0,0.0,0.0,0.0,0.0,2.7,2.7,0.0,0.0,0.0,0.0,0.0,0.0,0.0,0.0,0.0,0.0,0.0,0.0,0.0,0.0,0.0,0.0,0.0,0.0,0.0,0.0
31932.0,0.0,0.0,0.0,0.0,0.0,0.0,2.7,2.7,0.0,0.0,0.0,0.0,0.0,0.0,0.0,0.0,0.0,0.0,0.0,0.0,0.0,0.0,0.0,0.0,0.0,0.0,0.0,0.0
31936.0,0.0,0.0,0.0,0.0,0.0,0.0,2.7,2.7,0.0,0.0,0.0,0.0,0.0,0.0,0.0,0.0,0.0,0.0,0.0,0.0,0.0,0.0,0.0,0.0,0.0,0.0,0.0,0.0
31939.0,0.0,0.0,0.0,0.0,0.0,0.0,2.7,2.7,0.0,0.0,0.0,0.0,0.0,0.0,0.0,0.0,0.0,0.0,0.0,0.0,0.0,0.0,0.0,0.0,0.0,0.0,0.0,0.0
31943.0,0.0,0.0,0.0,0.0,0.0,0.0,2.7,2.7,0.0,0.0,0.0,0.0,0.0,0.0,0.0,0.0,0.0,0.0,0.0,0.0,0.0,0.0,0.0,0.0,0.0,0.0,0.0,0.0
31948.0,0.0,0.0,0.0,0.0,0.0,0.0,2.4,2.4,0.0,0.0,0.0,0.0,0.0,0.0,0.0,0.0,0.0,0.0,0.0,0.0,0.0,0.0,0.0,0.0,0.0,0.0,0.0,0.0
31952.0,0.0,0.0,0.0,0.0,0.0,0.0,2.4,2.4,0.0,0.0,0.0,0.0,0.0,0.0,0.0,0.0,0.0,0.0,0.0,0.0,0.0,0.0,0.0,0.0,0.0,0.0,0.0,0.0
31955.0,0.0,0.0,0.0,0.0,0.0,0.0,2.4,2.4,0.0,0.0,0.0,0.0,0.0,0.0,0.0,0.0,0.0,0.0,0.0,0.0,0.0,0.0,0.0,0.0,0.0,0.0,0.0,0.0
31959.0,0.0,0.0,0.0,0.0,0.0,0.0,2.4,2.4,0.0,0.0,0.0,0.0,0.0,0.0,0.0,0.0,0.0,0.0,0.0,0.0,0.0,0.0,0.0,0.0,0.0,0.0,0.0,0.0
31962.0,0.0,0.0,0.0,0.0,0.0,0.0,2.4,2.4,0.0,0.0,0.0,0.0,0.0,0.0,0.0,0.0,0.0,0.0,0.0,0.0,0.0,0.0,0.0,0.0,0.0,0.0,0.0,0.0
31966.0,0.0,0.0,0.0,0.0,0.0,0.0,2.4,2.4,0.0,0.0,0.0,0.0,0.0,0.0,0.0,0.0,0.0,0.0,0.0,0.0,0.0,0.0,0.0,0.0,0.0,0.0,0.0,0.0
31969.0,0.0,0.0,0.0,0.0,0.0,0.0,2.4,2.4,0.0,0.0,0.0,0.0,0.0,0.0,0.0,0.0,0.0,0.0,0.0,0.0,0.0,0.0,0.0,0.0,0.0,0.0,0.0,0.0
31973.0,0.0,0.0,0.0,0.0,0.0,0.0,2.4,2.4,0.0,0.0,0.0,0.0,0.0,0.0,0.0,0.0,0.0,0.0,0.0,0.0,0.0,0.0,0.0,0.0,0.0,0.0,0.0,0.0
31976.0,0.0,0.0,0.0,0.0,0.0,0.0,2.4,2.4,0.0,0.0,0.0,0.0,0.0,0.0,0.0,0.0,0.0,0.0,0.0,0.0,0.0,0.0,0.0,0.0,0.0,0.0,0.0,0.0
32161.0,0.6,0.0,0.6,0.6,564.0,564.0,1.6,1.6,0.6,0.6,0.0,0.0,0.0,0.0,0.0,0.0,0.0,0.0,0.0,0.0,0.0,0.0,0.0,0.0,0.0,0.0,0.0,0.0
32167.0,0.6,0.0,0.6,0.6,564.0,564.0,1.6,1.6,0.6,0.6,0.0,0.0,0.0,0.0,0.0,0.0,0.0,0.0,0.0,0.0,0.0,0.0,0.0,0.0,0.0,0.0,0.0,0.0
32171.0,0.6,0.0,0.6,0.6,564.0,564.0,1.6,1.6,0.6,0.6,0.0,0.0,0.0,0.0,0.0,0.0,0.0,0.0,0.0,0.0,0.0,0.0,0.0,0.0,0.0,0.0,0.0,0.0
32175.0,0.6,0.0,0.6,0.6,564.0,564.0,1.6,1.6,0.6,0.6,0.0,0.0,0.0,0.0,0.0,0.0,0.0,0.0,0.0,0.0,0.0,0.0,0.0,0.0,0.0,0.0,0.0,0.0
32180.0,0.6,0.0,0.6,0.6,564.0,564.0,1.6,1.6,0.6,0.6,0.0,0.0,0.0,0.0,0.0,0.0,0.0,0.0,0.0,0.0,0.0,0.0,0.0,0.0,0.0,0.0,0.0,0.0
32184.0,0.6,0.0,0.6,0.6,564.0,564.0,1.6,1.6,0.6,0.6,0.0,0.0,0.0,0.0,0.0,0.0,0.0,0.0,0.0,0.0,0.0,0.0,0.0,0.0,0.0,0.0,0.0,0.0
32189.0,0.6,0.0,0.6,0.6,564.0,564.0,1.6,1.6,0.6,0.6,0.0,0.0,0.0,0.0,0.0,0.0,0.0,0.0,0.0,0.0,0.0,0.0,0.0,0.0,0.0,0.0,0.0,0.0
32193.0,0.6,0.0,0.6,0.6,564.0,564.0,1.6,1.6,0.6,0.6,0.0,0.0,0.0,0.0,0.0,0.0,0.0,0.0,0.0,0.0,0.0,0.0,0.0,0.0,0.0,0.0,0.0,0.0
32197.0,0.6,0.0,0.6,0.6,564.0,564.0,1.6,1.6,0.6,0.6,0.0,0.0,0.0,0.0,0.0,0.0,0.0,0.0,0.0,0.0,0.0,0.0,0.0,0.0,0.0,0.0,0.0,0.0
32202.0,0.6,0.0,0.6,0.6,564.0,564.0,1.6,1.6,0.6,0.6,0.0,0.0,0.0,0.0,0.0,0.0,0.0,0.0,0.0,0.0,0.0,0.0,0.0,0.0,0.0,0.0,0.0,0.0
32328.0,0.6,0.0,0.6,0.6,564.0,564.0,144.0,171.4,0.6,0.6,2.9997,2.9997,205.1,244.1,0.0,0.0,2.34,2.49,207.7,160.8,8.0,8.0,21.0,25.0,4095.0,3858.0,1529.6,1042.8
32334.0,0.6,0.0,0.6,0.6,564.0,564.0,144.0,171.4,0.6,0.6,2.9997,2.9997,205.1,244.1,0.0,0.0,2.34,2.49,207.7,160.8,8.0,8.0,21.0,25.0,4095.0,3858.0,1529.6,1042.8
32340.0,0.6,0.0,0.6,0.6,564.0,564.0,144.0,171.4,0.6,0.6,2.9997,2.9997,205.1,244.1,0.0,0.0,2.34,2.49,207.7,160.8,8.0,8.0,21.0,25.0,4095.0,3858.0,1529.6,1042.8
32345.0,0.6,0.0,0.6,0.6,564.0,564.0,144.0,171.4,0.6,0.6,2.9997,2.9997,205.1,244.1,0.0,0.0,2.34,2.49,207.7,160.8,8.0,8.0,21.0,25.0,4095.0,3858.0,1529.6,1042.8
32350.0,0.6,0.0,0.6,0.6,564.0,564.0,144.0,171.4,0.6,0.6,2.9997,2.9997,205.1,244.1,0.0,0.0,2.34,2.49,207.7,160.8,8.0,8.0,21.0,25.0,4095.0,3858.0,1529.6,1042.8
32355.0,0.6,0.0,0.6,0.6,564.0,564.0,144.0,171.4,0.6,0.6,2.9997,2.9997,205.1,244.1,0.0,0.0,2.34,2.49,207.7,160.8,8.0,8.0,21.0,25.0,4095.0,3858.0,1529.6,1042.8
32360.0,0.6,0.0,0.6,0.6,564.0,564.0,144.0,171.4,0.6,0.6,2.9997,2.9997,205.1,244.1,0.0,0.0,2.34,2.49,207.7,160.8,8.0,8.0,21.0,25.0,4095.0,3858.0,1529.6,1042.8
32365.0,0.6,0.0,0.6,0.6,564.0,564.0,144.0,171.4,0.6,0.6,2.9997,2.9997,205.1,244.1,0.0,0.0,2.34,2.49,207.7,160.8,8.0,8.0,21.0,25.0,4095.0,3858.0,1529.6,1042.8
32370.0,0.6,0.0,0.6,0.6,564.0,564.0,144.0,171.4,0.6,0.6,2.9997,2.9997,205.1,244.1,0.0,0.0,2.34,2.49,207.7,160.8,8.0,8.0,21.0,25.0,4095.0,3858.0,1529.6,1042.8
32496.0,0.6,0.0,0.6,0.6,564.0,564.0,145.7,160.8,0.6,0.6,2.9997,2.9997,146.5,156.2,0.0,0.0,2.06,2.79,103.5,129.9,8.0,8.0,15.0,16.0,1734.0,1799.0,635.1,639.8
32503.0,0.6,0.0,0.6,0.6,564.0,564.0,145.7,160.8,0.6,0.6,2.9997,2.9997,146.5,156.2,0.0,0.0,2.06,2.79,103.5,129.9,8.0,8.0,15.0,16.0,1734.0,1799.0,635.1,639.8
32509.0,0.6,0.0,0.6,0.6,564.0,564.0,145.7,160.8,0.6,0.6,2.9997,2.9997,146.5,156.2,0.0,0.0,2.06,2.79,103.5,129.9,8.0,8.0,15.0,16.0,1734.0,1799.0,635.1,639.8
32515.0,0.6,0.0,0.6,0.6,564.0,564.0,145.7,160.8,0.6,0.6,2.9997,2.9997,146.5,156.2,0.0,0.0,2.06,2.79,103.5,129.9,8.0,8.0,15.0,16.0,1734.0,1799.0,635.1,639.8
32520.0,0.6,0.0,0.6,0.6,564.0,564.0,145.7,160.8,0.6,0.6,2.9997,2.9997,146.5,156.2,0.0,0.0,2.06,2.79,103.5,129.9,8.0,8.0,15.0,16.0,1734.0,1799.0,635.1,639.8
32526.0,0.6,0.0,0.6,0.6,564.0,564.0,145.7,160.8,0.6,0.6,2.9997,2.9997,146.5,156.2,0.0,0.0,2.06,2.79,103.5,129.9,8.0,8.0,15.0,16.0,1734.0,1799.0,635.1,639.8
32531.0,0.6,0.0,0.6,0.6,564.0,564.0,145.7,160.8,0.6,0.6,2.9997,2.9997,146.5,156.2,0.0,0.0,2.06,2.79,103.5,129.9,8.0,8.0,15.0,16.0,1734.0,1799.0,635.1,639.8
32536.0,0.6,0.0,0.6,0.6,564.0,564.0,145.7,160.8,0.6,0.6,2.9997,2.9997,146.5,156.2,0.0,0.0,2.06,2.79,103.5,129.9,8.0,8.0,15.0,16.0,1734.0,1799.0,635.1,639.8
32542.0,0.6,0.0,0.6,0.6,564.0,564.0,145.7,160.8,0.6,0.6,2.9997,2.9997,146.5,156.2,0.0,0.0,2.06,2.79,103.5,129.9,8.0,8.0,15.0,16.0,1734.0,1799.0,635.1,639.8
32677.0,0.6,0.0,0.6,0.6,564.0,564.0,242.0,212.3,0.6,0.6,2.9997,2.9997,283.2,234.4,469.8,487.5,5.19,3.7,204.5,131.6,8.0,8.0,29.0,24.0,1745.0,1801.0,680.7,688.6
32684.0,0.6,0.0,0.6,0.6,564.0,564.0,242.0,212.3,0.6,0.6,2.9997,2.9997,283.2,234.4,469.8,487.5,5.19,3.7,204.5,131.6,8.0,8.0,29.0,24.0,1745.0,1801.0,680.7,688.6
32689.0,0.6,0.0,0.6,0.6,564.0,564.0,242.0,212.3,0.6,0.6,2.9997,2.9997,283.2,234.4,469.8,487.5,5.19,3.7,204.5,131.6,8.0,8.0,29.0,24.0,1745.0,1801.0,680.7,688.6
32694.0,0.6,0.0,0.6,0.6,564.0,564.0,242.0,212.3,0.6,0.6,2.9997,2.9997,283.2,234.4,469.8,487.5,5.19,3.7,204.5,131.6,8.0,8.0,29.0,24.0,1745.0,1801.0,680.7,688.6
32699.0,0.6,0.0,0.6,0.6,564.0,564.0,242.0,212.3,0.6,0.6,2.9997,2.9997,283.2,234.4,469.8,487.5,5.19,3.7,204.5,131.6,8.0,8.0,29.0,24.0,1745.0,1801.0,680.7,688.6
32704.0,0.6,0.0,0.6,0.6,564.0,564.0,242.0,212.3,0.6,0.6,2.9997,2.9997,283.2,234.4,469.8,487.5,5.19,3.7,204.5,131.6,8.0,8.0,29.0,24.0,1745.0,1801.0,680.7,688.6
32709.0,0.6,0.0,0.6,0.6,564.0,564.0,242.0,212.3,0.6,0.6,2.9997,2.9997,283.2,234.4,469.8,487.5,5.19,3.7,204.5,131.6,8.0,8.0,29.0,24.0,1745.0,1801.0,680.7,688.6
32714.0,0.6,0.0,0.6,0.6,564.0,564.0,242.0,212.3,0.6,0.6,2.9997,2.9997,283.2,234.4,469.8,487.5,5.19,3.7,204.5,131.6,8.0,8.0,29.0,24.0,1745.0,1801.0,680.7,688.6
32842.0,0.6,0.0,0.6,0.6,564.0,564.0,202.5,193.6,0.6,0.6,2.9997,2.9997,185.5,185.5,526.0,0.0,3.5,2.63,158.8,127.9,8.0,8.0,19.0,19.0,1778.0,1788.0,708.3,693.4
32849.0,0.6,0.0,0.6,0.6,564.0,564.0,202.5,193.6,0.6,0.6,2.9997,2.9997,185.5,185.5,526.0,0.0,3.5,2.63,158.8,127.9,8.0,8.0,19.0,19.0,1778.0,1788.0,708.3,693.4
32856.0,0.6,0.0,0.6,0.6,564.0,564.0,202.5,193.6,0.6,0.6,2.9997,2.9997,185.5,185.5,526.0,0.0,3.5,2.63,158.8,127.9,8.0,8.0,19.0,19.0,1778.0,1788.0,708.3,693.4
32861.0,0.6,0.0,0.6,0.6,564.0,564.0,202.5,193.6,0.6,0.6,2.9997,2.9997,185.5,185.5,526.0,0.0,3.5,2.63,158.8,127.9,8.0,8.0,19.0,19.0,1778.0,1788.0,708.3,693.4
32866.0,0.6,0.0,0.6,0.6,564.0,564.0,202.5,193.6,0.6,0.6,2.9997,2.9997,185.5,185.5,526.0,0.0,3.5,2.63,158.8,127.9,8.0,8.0,19.0,19.0,1778.0,1788.0,708.3,693.4
32871.0,0.6,0.0,0.6,0.6,564.0,564.0,202.5,193.6,0.6,0.6,2.9997,2.9997,185.5,185.5,526.0,0.0,3.5,2.63,158.8,127.9,8.0,8.0,19.0,19.0,1778.0,1788.0,708.3,693.4
32876.0,0.6,0.0,0.6,0.6,564.0,564.0,202.5,193.6,0.6,0.6,2.9997,2.9997,185.5,185.5,526.0,0.0,3.5,2.63,158.8,127.9,8.0,8.0,19.0,19.0,1778.0,1788.0,708.3,693.4
32882.0,0.6,0.0,0.6,0.6,564.0,564.0,202.5,193.6,0.6,0.6,2.9997,2.9997,185.5,185.5,526.0,0.0,3.5,2.63,158.8,127.9,8.0,8.0,19.0,19.0,1778.0,1788.0,708.3,693.4
33015.0,0.6,0.0,0.6,0.6,564.0,564.0,156.4,153.8,0.6,0.6,2.9997,2.9997,136.7,136.7,490.2,0.0,3.06,2.88,187.8,143.5,8.0,8.0,14.0,14.0,1758.0,1814.0,722.9,697.2
33022.0,0.6,0.0,0.6,0.6,564.0,564.0,156.4,153.8,0.6,0.6,2.9997,2.9997,136.7,136.7,490.2,0.0,3.06,2.88,187.8,143.5,8.0,8.0,14.0,14.0,1758.0,1814.0,722.9,697.2
33027.0,0.6,0.0,0.6,0.6,564.0,564.0,156.4,153.8,0.6,0.6,2.9997,2.9997,136.7,136.7,490.2,0.0,3.06,2.88,187.8,143.5,8.0,8.0,14.0,14.0,1758.0,1814.0,722.9,697.2
33032.0,0.6,0.0,0.6,0.6,564.0,564.0,156.4,153.8,0.6,0.6,2.9997,2.9997,136.7,136.7,490.2,0.0,3.06,2.88,187.8,143.5,8.0,8.0,14.0,14.0,1758.0,1814.0,722.9,697.2
33037.0,0.6,0.0,0.6,0.6,564.0,564.0,156.4,153.8,0.6,0.6,2.9997,2.9997,136.7,136.7,490.2,0.0,3.06,2.88,187.8,143.5,8.0,8.0,14.0,14.0,1758.0,1814.0,722.9,697.2
33042.0,0.6,0.0,0.6,0.6,564.0,564.0,156.4,153.8,0.6,0.6,2.9997,2.9997,136.7,136.7,490.2,0.0,3.06,2.88,187.8,143.5,8.0,8.0,14.0,14.0,1758.0,1814.0,722.9,697.2
33047.0,0.6,0.0,0.6,0.6,564.0,564.0,156.4,153.8,0.6,0.6,2.9997,2.9997,136.7,136.7,490.2,0.0,3.06,2.88,187.8,143.5,8.0,8.0,14.0,14.0,1758.0,1814.0,722.9,697.2
33052.0,0.6,0.0,0.6,0.6,564.0,564.0,156.4,153.8,0.6,0.6,2.9997,2.9997,136.7,136.7,490.2,0.0,3.06,2.88,187.8,143.5,8.0,8.0,14.0,14.0,1758.0,1814.0,722.9,697.2
33182.0,0.6,0.0,0.6,0.6,564.0,564.0,176.8,176.0,0.6,0.6,2.9997,2.9997,185.5,185.5,0.0,0.0,2.69,2.58,133.1,116.2,8.0,8.0,19.0,19.0,1736.0,1767.0,739.4,718.5
33188.0,0.6,0.0,0.6,0.6,564.0,564.0,176.8,176.0,0.6,0.6,2.9997,2.9997,185.5,185.5,0.0,0.0,2.69,2.58,133.1,116.2,8.0,8.0,19.0,19.0,1736.0,1767.0,739.4,718.5
33194.0,0.6,0.0,0.6,0.6,564.0,564.0,176.8,176.0,0.6,0.6,2.9997,2.9997,185.5,185.5,0.0,0.0,2.69,2.58,133.1,116.2,8.0,8.0,19.0,19.0,1736.0,1767.0,739.4,718.5
33199.0,0.6,0.0,0.6,0.6,564.0,564.0,176.8,176.0,0.6,0.6,2.9997,2.9997,185.5,185.5,0.0,0.0,2.69,2.58,133.1,116.2,8.0,8.0,19.0,19.0,1736.0,1767.0,739.4,718.5
33204.0,0.6,0.0,0.6,0.6,564.0,564.0,176.8,176.0,0.6,0.6,2.9997,2.9997,185.5,185.5,0.0,0.0,2.69,2.58,133.1,116.2,8.0,8.0,19.0,19.0,1736.0,1767.0,739.4,718.5
33209.0,0.6,0.0,0.6,0.6,564.0,564.0,176.8,176.0,0.6,0.6,2.9997,2.9997,185.5,185.5,0.0,0.0,2.69,2.58,133.1,116.2,8.0,8.0,19.0,19.0,1736.0,1767.0,739.4,718.5
33214.0,0.6,0.0,0.6,0.6,564.0,564.0,176.8,176.0,0.6,0.6,2.9997,2.9997,185.5,185.5,0.0,0.0,2.69,2.58,133.1,116.2,8.0,8.0,19.0,19.0,1736.0,1767.0,739.4,718.5
33219.0,0.6,0.0,0.6,0.6,564.0,564.0,176.8,176.0,0.6,0.6,2.9997,2.9997,185.5,185.5,0.0,0.0,2.69,2.58,133.1,116.2,8.0,8.0,19.0,19.0,1736.0,1767.0,739.4,718.5
33224.0,0.6,0.0,0.6,0.6,564.0,564.0,176.8,176.0,0.6,0.6,2.9997,2.9997,185.5,185.5,0.0,0.0,2.69,2.58,133.1,116.2,8.0,8.0,19.0,19.0,1736.0,1767.0,739.4,718.5
33229.0,0.6,0.0,0.6,0.6,564.0,564.0,182.9,182.7,0.6,0.6,2.9997,2.9997,185.5,185.5,0.0,0.0,2.38,2.66,145.8,154.1,8.0,8.0,19.0,19.0,1761.0,1759.0,721.8,719.6
33354.0,0.6,0.0,0.6,0.6,564.0,564.0,182.9,182.7,0.6,0.6,2.9997,2.9997,185.5,185.5,0.0,0.0,2.38,2.66,145.8,154.1,8.0,8.0,19.0,19.0,1761.0,1759.0,721.8,719.6
33360.0,0.6,0.0,0.6,0.6,564.0,564.0,182.9,182.7,0.6,0.6,2.9997,2.9997,185.5,185.5,0.0,0.0,2.38,2.66,145.8,154.1,8.0,8.0,19.0,19.0,1761.0,1759.0,721.8,719.6
33365.0,0.6,0.0,0.6,0.6,564.0,564.0,182.9,182.7,0.6,0.6,2.9997,2.9997,185.5,185.5,0.0,0.0,2.38,2.66,145.8,154.1,8.0,8.0,19.0,19.0,1761.0,1759.0,721.8,719.6
33370.0,0.6,0.0,0.6,0.6,564.0,564.0,182.9,182.7,0.6,0.6,2.9997,2.9997,185.5,185.5,0.0,0.0,2.38,2.66,145.8,154.1,8.0,8.0,19.0,19.0,1761.0,1759.0,721.8,719.6
33375.0,0.6,0.0,0.6,0.6,564.0,564.0,182.9,182.7,0.6,0.6,2.9997,2.9997,185.5,185.5,0.0,0.0,2.38,2.66,145.8,154.1,8.0,8.0,19.0,19.0,1761.0,1759.0,721.8,719.6
33380.0,0.6,0.0,0.6,0.6,564.0,564.0,182.9,182.7,0.6,0.6,2.9997,2.9997,185.5,185.5,0.0,0.0,2.38,2.66,145.8,154.1,8.0,8.0,19.0,19.0,1761.0,1759.0,721.8,719.6
33385.0,0.6,0.0,0.6,0.6,564.0,564.0,182.9,182.7,0.6,0.6,2.9997,2.9997,185.5,185.5,0.0,0.0,2.38,2.66,145.8,154.1,8.0,8.0,19.0,19.0,1761.0,1759.0,721.8,719.6
33390.0,0.6,0.0,0.6,0.6,564.0,564.0,182.9,182.7,0.6,0.6,2.9997,2.9997,185.5,185.5,0.0,0.0,2.38,2.66,145.8,154.1,8.0,8.0,19.0,19.0,1761.0,1759.0,721.8,719.6
33396.0,0.6,0.0,0.6,0.6,564.0,564.0,182.9,182.7,0.6,0.6,2.9997,2.9997,185.5,185.5,0.0,0.0,2.38,2.66,145.8,154.1,8.0,8.0,19.0,19.0,1761.0,1759.0,721.8,719.6
33521.0,0.6,0.0,0.6,0.6,564.0,564.0,171.1,184.7,0.6,0.6,2.9997,2.9997,166.0,185.5,0.0,0.0,2.58,2.13,119.6,93.7,8.0,8.0,17.0,19.0,1771.0,1763.0,733.3,722.4
33527.0,0.6,0.0,0.6,0.6,564.0,564.0,171.1,184.7,0.6,0.6,2.9997,2.9997,166.0,185.5,0.0,0.0,2.58,2.13,119.6,93.7,8.0,8.0,17.0,19.0,1771.0,1763.0,733.3,722.4
33532.0,0.6,0.0,0.6,0.6,564.0,564.0,171.1,184.7,0.6,0.6,2.9997,2.9997,166.0,185.5,0.0,0.0,2.58,2.13,119.6,93.7,8.0,8.0,17.0,19.0,1771.0,1763.0,733.3,722.4
33537.0,0.6,0.0,0.6,0.6,564.0,564.0,171.1,184.7,0.6,0.6,2.9997,2.9997,166.0,185.5,0.0,0.0,2.58,2.13,119.6,93.7,8.0,8.0,17.0,19.0,1771.0,1763.0,733.3,722.4
33542.0,0.6,0.0,0.6,0.6,564.0,564.0,171.1,184.7,0.6,0.6,2.9997,2.9997,166.0,185.5,0.0,0.0,2.58,2.13,119.6,93.7,8.0,8.0,17.0,19.0,1771.0,1763.0,733.3,722.4
33547.0,0.6,0.0,0.6,0.6,564.0,564.0,171.1,184.7,0.6,0.6,2.9997,2.9997,166.0,185.5,0.0,0.0,2.58,2.13,119.6,93.7,8.0,8.0,17.0,19.0,1771.0,1763.0,733.3,722.4
33552.0,0.6,0.0,0.6,0.6,564.0,564.0,171.1,184.7,0.6,0.6,2.9997,2.9997,166.0,185.5,0.0,0.0,2.58,2.13,119.6,93.7,8.0,8.0,17.0,19.0,1771.0,1763.0,733.3,722.4
33557.0,0.6,0.0,0.6,0.6,564.0,564.0,171.1,184.7,0.6,0.6,2.9997,2.9997,166.0,185.5,0.0,0.0,2.58,2.13,119.6,93.7,8.0,8.0,17.0,19.0,1771.0,1763.0,733.3,722.4
33562.0,0.6,0.0,0.6,0.6,564.0,564.0,171.1,184.7,0.6,0.6,2.9997,2.9997,166.0,185.5,0.0,0.0,2.58,2.13,119.6,93.7,8.0,8.0,17.0,19.0,1771.0,1763.0,733.3,722.4
33687.0,0.6,0.0,0.6,0.6,564.0,564.0,222.2,233.1,0.6,0.6,2.9997,2.9997,244.1,253.9,0.0,0.0,2.6,2.69,141.6,152.3,8.0,8.0,25.0,26.0,1766.0,1744.0,715.2,711.1
33693.0,0.6,0.0,0.6,0.6,564.0,564.0,222.2,233.1,0.6,0.6,2.9997,2.9997,244.1,253.9,0.0,0.0,2.6,2.69,141.6,152.3,8.0,8.0,25.0,26.0,1766.0,1744.0,715.2,711.1
33698.0,0.6,0.0,0.6,0.6,564.0,564.0,222.2,233.1,0.6,0.6,2.9997,2.9997,244.1,253.9,0.0,0.0,2.6,2.69,141.6,152.3,8.0,8.0,25.0,26.0,1766.0,1744.0,715.2,711.1
33703.0,0.6,0.0,0.6,0.6,564.0,564.0,222.2,233.1,0.6,0.6,2.9997,2.9997,244.1,253.9,0.0,0.0,2.6,2.69,141.6,152.3,8.0,8.0,25.0,26.0,1766.0,1744.0,715.2,711.1
33708.0,0.6,0.0,0.6,0.6,564.0,564.0,222.2,233.1,0.6,0.6,2.9997,2.9997,244.1,253.9,0.0,0.0,2.6,2.69,141.6,152.3,8.0,8.0,25.0,26.0,1766.0,1744.0,715.2,711.1
33713.0,0.6,0.0,0.6,0.6,564.0,564.0,222.2,233.1,0.6,0.6,2.9997,2.9997,244.1,253.9,0.0,0.0,2.6,2.69,141.6,152.3,8.0,8.0,25.0,26.0,1766.0,1744.0,715.2,711.1
33718.0,0.6,0.0,0.6,0.6,564.0,564.0,222.2,233.1,0.6,0.6,2.9997,2.9997,244.1,253.9,0.0,0.0,2.6,2.69,141.6,152.3,8.0,8.0,25.0,26.0,1766.0,1744.0,715.2,711.1
33723.0,0.6,0.0,0.6,0.6,564.0,564.0,222.2,233.1,0.6,0.6,2.9997,2.9997,244.1,253.9,0.0,0.0,2.6,2.69,141.6,152.3,8.0,8.0,25.0,26.0,1766.0,1744.0,715.2,711.1
33728.0,0.6,0.0,0.6,0.6,564.0,564.0,222.2,233.1,0.6,0.6,2.9997,2.9997,244.1,253.9,0.0,0.0,2.6,2.69,141.6,152.3,8.0,8.0,25.0,26.0,1766.0,1744.0,715.2,711.1
33857.0,0.6,0.0,0.6,0.6,564.0,564.0,230.7,234.0,0.6,0.6,2.9997,2.9997,234.4,234.4,487.0,0.0,3.65,1.79,181.6,96.5,8.0,8.0,24.0,24.0,1783.0,1755.0,725.3,716.6
33864.0,0.6,0.0,0.6,0.6,564.0,564.0,230.7,234.0,0.6,0.6,2.9997,2.9997,234.4,234.4,487.0,0.0,3.65,1.79,181.6,96.5,8.0,8.0,24.0,24.0,1783.0,1755.0,725.3,716.6
33869.0,0.6,0.0,0.6,0.6,564.0,564.0,230.7,234.0,0.6,0.6,2.9997,2.9997,234.4,234.4,487.0,0.0,3.65,1.79,181.6,96.5,8.0,8.0,24.0,24.0,1783.0,1755.0,725.3,716.6
33874.0,0.6,0.0,0.6,0.6,564.0,564.0,230.7,234.0,0.6,0.6,2.9997,2.9997,234.4,234.4,487.0,0.0,3.65,1.79,181.6,96.5,8.0,8.0,24.0,24.0,1783.0,1755.0,725.3,716.6
33879.0,0.6,0.0,0.6,0.6,564.0,564.0,230.7,234.0,0.6,0.6,2.9997,2.9997,234.4,234.4,487.0,0.0,3.65,1.79,181.6,96.5,8.0,8.0,24.0,24.0,1783.0,1755.0,725.3,716.6
33884.0,0.6,0.0,0.6,0.6,564.0,564.0,230.7,234.0,0.6,0.6,2.9997,2.9997,234.4,234.4,487.0,0.0,3.65,1.79,181.6,96.5,8.0,8.0,24.0,24.0,1783.0,1755.0,725.3,716.6
33889.0,0.6,0.0,0.6,0.6,564.0,564.0,230.7,234.0,0.6,0.6,2.9997,2.9997,234.4,234.4,487.0,0.0,3.65,1.79,181.6,96.5,8.0,8.0,24.0,24.0,1783.0,1755.0,725.3,716.6
33895.0,0.6,0.0,0.6,0.6,564.0,564.0,230.7,234.0,0.6,0.6,2.9997,2.9997,234.4,234.4,487.0,0.0,3.65,1.79,181.6,96.5,8.0,8.0,24.0,24.0,1783.0,1755.0,725.3,716.6
33900.0,0.6,0.0,0.6,0.6,564.0,564.0,230.7,234.0,0.6,0.6,2.9997,2.9997,234.4,234.4,487.0,0.0,3.65,1.79,181.6,96.5,8.0,8.0,24.0,24.0,1783.0,1755.0,725.3,716.6
34025.0,0.6,0.0,0.6,0.6,564.0,564.0,171.8,165.9,0.6,0.6,2.9997,2.9997,146.5,136.7,0.0,0.0,2.69,2.33,153.5,157.4,8.0,8.0,15.0,14.0,1753.0,1751.0,726.8,730.0
34032.0,0.6,0.0,0.6,0.6,564.0,564.0,171.8,165.9,0.6,0.6,2.9997,2.9997,146.5,136.7,0.0,0.0,2.69,2.33,153.5,157.4,8.0,8.0,15.0,14.0,1753.0,1751.0,726.8,730.0
34038.0,0.6,0.0,0.6,0.6,564.0,564.0,171.8,165.9,0.6,0.6,2.9997,2.9997,146.5,136.7,0.0,0.0,2.69,2.33,153.5,157.4,8.0,8.0,15.0,14.0,1753.0,1751.0,726.8,730.0
34043.0,0.6,0.0,0.6,0.6,564.0,564.0,171.8,165.9,0.6,0.6,2.9997,2.9997,146.5,136.7,0.0,0.0,2.69,2.33,153.5,157.4,8.0,8.0,15.0,14.0,1753.0,1751.0,726.8,730.0
34048.0,0.6,0.0,0.6,0.6,564.0,564.0,171.8,165.9,0.6,0.6,2.9997,2.9997,146.5,136.7,0.0,0.0,2.69,2.33,153.5,157.4,8.0,8.0,15.0,14.0,1753.0,1751.0,726.8,730.0
34053.0,0.6,0.0,0.6,0.6,564.0,564.0,171.8,165.9,0.6,0.6,2.9997,2.9997,146.5,136.7,0.0,0.0,2.69,2.33,153.5,157.4,8.0,8.0,15.0,14.0,1753.0,1751.0,726.8,730.0
34058.0,0.6,0.0,0.6,0.6,564.0,564.0,171.8,165.9,0.6,0.6,2.9997,2.9997,146.5,136.7,0.0,0.0,2.69,2.33,153.5,157.4,8.0,8.0,15.0,14.0,1753.0,1751.0,726.8,730.0
34063.0,0.6,0.0,0.6,0.6,564.0,564.0,171.8,165.9,0.6,0.6,2.9997,2.9997,146.5,136.7,0.0,0.0,2.69,2.33,153.5,157.4,8.0,8.0,15.0,14.0,1753.0,1751.0,726.8,730.0
34068.0,0.6,0.0,0.6,0.6,564.0,564.0,171.8,165.9,0.6,0.6,2.9997,2.9997,146.5,136.7,0.0,0.0,2.69,2.33,153.5,157.4,8.0,8.0,15.0,14.0,1753.0,1751.0,726.8,730.0
34194.0,0.6,0.0,0.6,0.6,564.0,564.0,181.4,193.3,0.6,0.6,2.9997,2.9997,185.5,205.1,0.0,0.0,1.87,1.94,116.1,121.5,8.0,8.0,19.0,21.0,1748.0,1740.0,724.1,715.0
34200.0,0.6,0.0,0.6,0.6,564.0,564.0,181.4,193.3,0.6,0.6,2.9997,2.9997,185.5,205.1,0.0,0.0,1.87,1.94,116.1,121.5,8.0,8.0,19.0,21.0,1748.0,1740.0,724.1,715.0
34205.0,0.6,0.0,0.6,0.6,564.0,564.0,181.4,193.3,0.6,0.6,2.9997,2.9997,185.5,205.1,0.0,0.0,1.87,1.94,116.1,121.5,8.0,8.0,19.0,21.0,1748.0,1740.0,724.1,715.0
34211.0,0.6,0.0,0.6,0.6,564.0,564.0,181.4,193.3,0.6,0.6,2.9997,2.9997,185.5,205.1,0.0,0.0,1.87,1.94,116.1,121.5,8.0,8.0,19.0,21.0,1748.0,1740.0,724.1,715.0
34216.0,0.6,0.0,0.6,0.6,564.0,564.0,181.4,193.3,0.6,0.6,2.9997,2.9997,185.5,205.1,0.0,0.0,1.87,1.94,116.1,121.5,8.0,8.0,19.0,21.0,1748.0,1740.0,724.1,715.0
34221.0,0.6,0.0,0.6,0.6,564.0,564.0,181.4,193.3,0.6,0.6,2.9997,2.9997,185.5,205.1,0.0,0.0,1.87,1.94,116.1,121.5,8.0,8.0,19.0,21.0,1748.0,1740.0,724.1,715.0
34226.0,0.6,0.0,0.6,0.6,564.0,564.0,181.4,193.3,0.6,0.6,2.9997,2.9997,185.5,205.1,0.0,0.0,1.87,1.94,116.1,121.5,8.0,8.0,19.0,21.0,1748.0,1740.0,724.1,715.0
34231.0,0.6,0.0,0.6,0.6,564.0,564.0,181.4,193.3,0.6,0.6,2.9997,2.9997,185.5,205.1,0.0,0.0,1.87,1.94,116.1,121.5,8.0,8.0,19.0,21.0,1748.0,1740.0,724.1,715.0
34236.0,0.6,0.0,0.6,0.6,564.0,564.0,181.4,193.3,0.6,0.6,2.9997,2.9997,185.5,205.1,0.0,0.0,1.87,1.94,116.1,121.5,8.0,8.0,19.0,21.0,1748.0,1740.0,724.1,715.0
34360.0,0.6,0.0,0.6,0.6,564.0,564.0,191.1,194.7,0.6,0.6,2.9997,2.9997,195.3,195.3,0.0,0.0,2.41,2.2,135.8,116.8,8.0,8.0,20.0,20.0,1739.0,1766.0,712.3,745.7
34366.0,0.6,0.0,0.6,0.6,564.0,564.0,191.1,194.7,0.6,0.6,2.9997,2.9997,195.3,195.3,0.0,0.0,2.41,2.2,135.8,116.8,8.0,8.0,20.0,20.0,1739.0,1766.0,712.3,745.7
34371.0,0.6,0.0,0.6,0.6,564.0,564.0,191.1,194.7,0.6,0.6,2.9997,2.9997,195.3,195.3,0.0,0.0,2.41,2.2,135.8,116.8,8.0,8.0,20.0,20.0,1739.0,1766.0,712.3,745.7
34376.0,0.6,0.0,0.6,0.6,564.0,564.0,191.1,194.7,0.6,0.6,2.9997,2.9997,195.3,195.3,0.0,0.0,2.41,2.2,135.8,116.8,8.0,8.0,20.0,20.0,1739.0,1766.0,712.3,745.7
34382.0,0.6,0.0,0.6,0.6,564.0,564.0,191.1,194.7,0.6,0.6,2.9997,2.9997,195.3,195.3,0.0,0.0,2.41,2.2,135.8,116.8,8.0,8.0,20.0,20.0,1739.0,1766.0,712.3,745.7
34387.0,0.6,0.0,0.6,0.6,564.0,564.0,191.1,194.7,0.6,0.6,2.9997,2.9997,195.3,195.3,0.0,0.0,2.41,2.2,135.8,116.8,8.0,8.0,20.0,20.0,1739.0,1766.0,712.3,745.7
34392.0,0.6,0.0,0.6,0.6,564.0,564.0,191.1,194.7,0.6,0.6,2.9997,2.9997,195.3,195.3,0.0,0.0,2.41,2.2,135.8,116.8,8.0,8.0,20.0,20.0,1739.0,1766.0,712.3,745.7
34397.0,0.6,0.0,0.6,0.6,564.0,564.0,191.1,194.7,0.6,0.6,2.9997,2.9997,195.3,195.3,0.0,0.0,2.41,2.2,135.8,116.8,8.0,8.0,20.0,20.0,1739.0,1766.0,712.3,745.7
34407.0,0.6,0.0,0.6,0.6,564.0,564.0,248.7,222.5,0.6,0.6,2.9997,2.9997,273.4,234.4,0.0,486.1,2.88,3.7,123.3,186.7,8.0,8.0,28.0,24.0,1758.0,1739.0,718.6,726.3
34537.0,0.6,0.0,0.6,0.6,564.0,564.0,248.7,222.5,0.6,0.6,2.9997,2.9997,273.4,234.4,0.0,486.1,2.88,3.7,123.3,186.7,8.0,8.0,28.0,24.0,1758.0,1739.0,718.6,726.3
34543.0,0.6,0.0,0.6,0.6,564.0,564.0,248.7,222.5,0.6,0.6,2.9997,2.9997,273.4,234.4,0.0,486.1,2.88,3.7,123.3,186.7,8.0,8.0,28.0,24.0,1758.0,1739.0,718.6,726.3
34548.0,0.6,0.0,0.6,0.6,564.0,564.0,248.7,222.5,0.6,0.6,2.9997,2.9997,273.4,234.4,0.0,486.1,2.88,3.7,123.3,186.7,8.0,8.0,28.0,24.0,1758.0,1739.0,718.6,726.3
34553.0,0.6,0.0,0.6,0.6,564.0,564.0,248.7,222.5,0.6,0.6,2.9997,2.9997,273.4,234.4,0.0,486.1,2.88,3.7,123.3,186.7,8.0,8.0,28.0,24.0,1758.0,1739.0,718.6,726.3
34558.0,0.6,0.0,0.6,0.6,564.0,564.0,248.7,222.5,0.6,0.6,2.9997,2.9997,273.4,234.4,0.0,486.1,2.88,3.7,123.3,186.7,8.0,8.0,28.0,24.0,1758.0,1739.0,718.6,726.3
34563.0,0.6,0.0,0.6,0.6,564.0,564.0,248.7,222.5,0.6,0.6,2.9997,2.9997,273.4,234.4,0.0,486.1,2.88,3.7,123.3,186.7,8.0,8.0,28.0,24.0,1758.0,1739.0,718.6,726.3
34568.0,0.6,0.0,0.6,0.6,564.0,564.0,248.7,222.5,0.6,0.6,2.9997,2.9997,273.4,234.4,0.0,486.1,2.88,3.7,123.3,186.7,8.0,8.0,28.0,24.0,1758.0,1739.0,718.6,726.3
34573.0,0.6,0.0,0.6,0.6,564.0,564.0,248.7,222.5,0.6,0.6,2.9997,2.9997,273.4,234.4,0.0,486.1,2.88,3.7,123.3,186.7,8.0,8.0,28.0,24.0,1758.0,1739.0,718.6,726.3
34579.0,0.6,0.0,0.6,0.6,564.0,564.0,248.7,222.5,0.6,0.6,2.9997,2.9997,273.4,234.4,0.0,486.1,2.88,3.7,123.3,186.7,8.0,8.0,28.0,24.0,1758.0,1739.0,718.6,726.3
34703.0,0.6,0.0,0.6,0.6,564.0,564.0,184.0,176.1,0.6,0.6,2.9997,2.9997,156.2,156.2,0.0,0.0,2.1,2.33,107.9,132.1,8.0,8.0,16.0,16.0,1773.0,1788.0,734.7,734.9
34710.0,0.6,0.0,0.6,0.6,564.0,564.0,184.0,176.1,0.6,0.6,2.9997,2.9997,156.2,156.2,0.0,0.0,2.1,2.33,107.9,132.1,8.0,8.0,16.0,16.0,1773.0,1788.0,734.7,734.9
34716.0,0.6,0.0,0.6,0.6,564.0,564.0,184.0,176.1,0.6,0.6,2.9997,2.9997,156.2,156.2,0.0,0.0,2.1,2.33,107.9,132.1,8.0,8.0,16.0,16.0,1773.0,1788.0,734.7,734.9
34722.0,0.6,0.0,0.6,0.6,564.0,564.0,184.0,176.1,0.6,0.6,2.9997,2.9997,156.2,156.2,0.0,0.0,2.1,2.33,107.9,132.1,8.0,8.0,16.0,16.0,1773.0,1788.0,734.7,734.9
34728.0,0.6,0.0,0.6,0.6,564.0,564.0,184.0,176.1,0.6,0.6,2.9997,2.9997,156.2,156.2,0.0,0.0,2.1,2.33,107.9,132.1,8.0,8.0,16.0,16.0,1773.0,1788.0,734.7,734.9
34733.0,0.6,0.0,0.6,0.6,564.0,564.0,184.0,176.1,0.6,0.6,2.9997,2.9997,156.2,156.2,0.0,0.0,2.1,2.33,107.9,132.1,8.0,8.0,16.0,16.0,1773.0,1788.0,734.7,734.9
34739.0,0.6,0.0,0.6,0.6,564.0,564.0,184.0,176.1,0.6,0.6,2.9997,2.9997,156.2,156.2,0.0,0.0,2.1,2.33,107.9,132.1,8.0,8.0,16.0,16.0,1773.0,1788.0,734.7,734.9
34744.0,0.6,0.0,0.6,0.6,564.0,564.0,184.0,176.1,0.6,0.6,2.9997,2.9997,156.2,156.2,0.0,0.0,2.1,2.33,107.9,132.1,8.0,8.0,16.0,16.0,1773.0,1788.0,734.7,734.9
34879.0,0.6,0.0,0.6,0.6,564.0,564.0,164.6,162.2,0.6,0.6,2.9997,2.9997,156.2,156.2,487.8,369.2,5.2,3.79,227.7,154.6,8.0,8.0,16.0,16.0,1768.0,1784.0,682.3,635.9
34885.0,0.6,0.0,0.6,0.6,564.0,564.0,164.6,162.2,0.6,0.6,2.9997,2.9997,156.2,156.2,487.8,369.2,5.2,3.79,227.7,154.6,8.0,8.0,16.0,16.0,1768.0,1784.0,682.3,635.9
34891.0,0.6,0.0,0.6,0.6,564.0,564.0,164.6,162.2,0.6,0.6,2.9997,2.9997,156.2,156.2,487.8,369.2,5.2,3.79,227.7,154.6,8.0,8.0,16.0,16.0,1768.0,1784.0,682.3,635.9
34897.0,0.6,0.0,0.6,0.6,564.0,564.0,164.6,162.2,0.6,0.6,2.9997,2.9997,156.2,156.2,487.8,369.2,5.2,3.79,227.7,154.6,8.0,8.0,16.0,16.0,1768.0,1784.0,682.3,635.9
34903.0,0.6,0.0,0.6,0.6,564.0,564.0,164.6,162.2,0.6,0.6,2.9997,2.9997,156.2,156.2,487.8,369.2,5.2,3.79,227.7,154.6,8.0,8.0,16.0,16.0,1768.0,1784.0,682.3,635.9
34909.0,0.6,0.0,0.6,0.6,564.0,564.0,164.6,162.2,0.6,0.6,2.9997,2.9997,156.2,156.2,487.8,369.2,5.2,3.79,227.7,154.6,8.0,8.0,16.0,16.0,1768.0,1784.0,682.3,635.9
34914.0,0.6,0.0,0.6,0.6,564.0,564.0,164.6,162.2,0.6,0.6,2.9997,2.9997,156.2,156.2,487.8,369.2,5.2,3.79,227.7,154.6,8.0,8.0,16.0,16.0,1768.0,1784.0,682.3,635.9
34921.0,0.6,0.0,0.6,0.6,564.0,564.0,164.6,162.2,0.6,0.6,2.9997,2.9997,156.2,156.2,487.8,369.2,5.2,3.79,227.7,154.6,8.0,8.0,16.0,16.0,1768.0,1784.0,682.3,635.9
35047.0,0.6,0.0,0.6,0.6,564.0,564.0,227.1,233.2,0.6,0.6,2.9997,2.9997,253.9,263.7,0.0,0.0,2.38,2.11,126.7,115.8,8.0,8.0,26.0,27.0,1744.0,1781.0,718.8,714.4
35054.0,0.6,0.0,0.6,0.6,564.0,564.0,227.1,233.2,0.6,0.6,2.9997,2.9997,253.9,263.7,0.0,0.0,2.38,2.11,126.7,115.8,8.0,8.0,26.0,27.0,1744.0,1781.0,718.8,714.4
35059.0,0.6,0.0,0.6,0.6,564.0,564.0,227.1,233.2,0.6,0.6,2.9997,2.9997,253.9,263.7,0.0,0.0,2.38,2.11,126.7,115.8,8.0,8.0,26.0,27.0,1744.0,1781.0,718.8,714.4
35065.0,0.6,0.0,0.6,0.6,564.0,564.0,227.1,233.2,0.6,0.6,2.9997,2.9997,253.9,263.7,0.0,0.0,2.38,2.11,126.7,115.8,8.0,8.0,26.0,27.0,1744.0,1781.0,718.8,714.4
35070.0,0.6,0.0,0.6,0.6,564.0,564.0,227.1,233.2,0.6,0.6,2.9997,2.9997,253.9,263.7,0.0,0.0,2.38,2.11,126.7,115.8,8.0,8.0,26.0,27.0,1744.0,1781.0,718.8,714.4
35075.0,0.6,0.0,0.6,0.6,564.0,564.0,227.1,233.2,0.6,0.6,2.9997,2.9997,253.9,263.7,0.0,0.0,2.38,2.11,126.7,115.8,8.0,8.0,26.0,27.0,1744.0,1781.0,718.8,714.4
35080.0,0.6,0.0,0.6,0.6,564.0,564.0,227.1,233.2,0.6,0.6,2.9997,2.9997,253.9,263.7,0.0,0.0,2.38,2.11,126.7,115.8,8.0,8.0,26.0,27.0,1744.0,1781.0,718.8,714.4
35085.0,0.6,0.0,0.6,0.6,564.0,564.0,227.1,233.2,0.6,0.6,2.9997,2.9997,253.9,263.7,0.0,0.0,2.38,2.11,126.7,115.8,8.0,8.0,26.0,27.0,1744.0,1781.0,718.8,714.4
35090.0,0.6,0.0,0.6,0.6,564.0,564.0,227.1,233.2,0.6,0.6,2.9997,2.9997,253.9,263.7,0.0,0.0,2.38,2.11,126.7,115.8,8.0,8.0,26.0,27.0,1744.0,1781.0,718.8,714.4
35221.0,0.6,0.0,0.6,0.6,564.0,564.0,204.9,206.7,0.6,0.6,2.9997,2.9997,195.3,195.3,0.0,365.7,2.84,3.33,181.0,186.2,8.0,8.0,20.0,20.0,1785.0,1781.0,666.6,680.8
35228.0,0.6,0.0,0.6,0.6,564.0,564.0,204.9,206.7,0.6,0.6,2.9997,2.9997,195.3,195.3,0.0,365.7,2.84,3.33,181.0,186.2,8.0,8.0,20.0,20.0,1785.0,1781.0,666.6,680.8
35233.0,0.6,0.0,0.6,0.6,564.0,564.0,204.9,206.7,0.6,0.6,2.9997,2.9997,195.3,195.3,0.0,365.7,2.84,3.33,181.0,186.2,8.0,8.0,20.0,20.0,1785.0,1781.0,666.6,680.8
35238.0,0.6,0.0,0.6,0.6,564.0,564.0,204.9,206.7,0.6,0.6,2.9997,2.9997,195.3,195.3,0.0,365.7,2.84,3.33,181.0,186.2,8.0,8.0,20.0,20.0,1785.0,1781.0,666.6,680.8
35243.0,0.6,0.0,0.6,0.6,564.0,564.0,204.9,206.7,0.6,0.6,2.9997,2.9997,195.3,195.3,0.0,365.7,2.84,3.33,181.0,186.2,8.0,8.0,20.0,20.0,1785.0,1781.0,666.6,680.8
35248.0,0.6,0.0,0.6,0.6,564.0,564.0,204.9,206.7,0.6,0.6,2.9997,2.9997,195.3,195.3,0.0,365.7,2.84,3.33,181.0,186.2,8.0,8.0,20.0,20.0,1785.0,1781.0,666.6,680.8
35253.0,0.6,0.0,0.6,0.6,564.0,564.0,204.9,206.7,0.6,0.6,2.9997,2.9997,195.3,195.3,0.0,365.7,2.84,3.33,181.0,186.2,8.0,8.0,20.0,20.0,1785.0,1781.0,666.6,680.8
35259.0,0.6,0.0,0.6,0.6,564.0,564.0,204.9,206.7,0.6,0.6,2.9997,2.9997,195.3,195.3,0.0,365.7,2.84,3.33,181.0,186.2,8.0,8.0,20.0,20.0,1785.0,1781.0,666.6,680.8
35263.0,0.6,0.0,0.6,0.6,564.0,564.0,204.9,206.7,0.6,0.6,2.9997,2.9997,195.3,195.3,0.0,365.7,2.84,3.33,181.0,186.2,8.0,8.0,20.0,20.0,1785.0,1781.0,666.6,680.8
35390.0,0.6,0.0,0.6,0.6,564.0,564.0,198.2,198.7,0.6,0.6,2.9997,2.9997,195.3,195.3,0.0,0.0,2.71,2.15,154.5,118.9,8.0,8.0,20.0,20.0,1796.0,1751.0,698.1,690.3
35397.0,0.6,0.0,0.6,0.6,564.0,564.0,198.2,198.7,0.6,0.6,2.9997,2.9997,195.3,195.3,0.0,0.0,2.71,2.15,154.5,118.9,8.0,8.0,20.0,20.0,1796.0,1751.0,698.1,690.3
35402.0,0.6,0.0,0.6,0.6,564.0,564.0,198.2,198.7,0.6,0.6,2.9997,2.9997,195.3,195.3,0.0,0.0,2.71,2.15,154.5,118.9,8.0,8.0,20.0,20.0,1796.0,1751.0,698.1,690.3
35407.0,0.6,0.0,0.6,0.6,564.0,564.0,198.2,198.7,0.6,0.6,2.9997,2.9997,195.3,195.3,0.0,0.0,2.71,2.15,154.5,118.9,8.0,8.0,20.0,20.0,1796.0,1751.0,698.1,690.3
35412.0,0.6,0.0,0.6,0.6,564.0,564.0,198.2,198.7,0.6,0.6,2.9997,2.9997,195.3,195.3,0.0,0.0,2.71,2.15,154.5,118.9,8.0,8.0,20.0,20.0,1796.0,1751.0,698.1,690.3
35417.0,0.6,0.0,0.6,0.6,564.0,564.0,198.2,198.7,0.6,0.6,2.9997,2.9997,195.3,195.3,0.0,0.0,2.71,2.15,154.5,118.9,8.0,8.0,20.0,20.0,1796.0,1751.0,698.1,690.3
35422.0,0.6,0.0,0.6,0.6,564.0,564.0,198.2,198.7,0.6,0.6,2.9997,2.9997,195.3,195.3,0.0,0.0,2.71,2.15,154.5,118.9,8.0,8.0,20.0,20.0,1796.0,1751.0,698.1,690.3
35427.0,0.6,0.0,0.6,0.6,564.0,564.0,198.2,198.7,0.6,0.6,2.9997,2.9997,195.3,195.3,0.0,0.0,2.71,2.15,154.5,118.9,8.0,8.0,20.0,20.0,1796.0,1751.0,698.1,690.3
35432.0,0.6,0.0,0.6,0.6,564.0,564.0,198.2,198.7,0.6,0.6,2.9997,2.9997,195.3,195.3,0.0,0.0,2.71,2.15,154.5,118.9,8.0,8.0,20.0,20.0,1796.0,1751.0,698.1,690.3
35563.0,0.6,0.0,0.6,0.6,564.0,564.0,155.2,155.3,0.6,0.6,2.9997,2.9997,136.7,136.7,384.8,380.9,3.35,3.3,187.7,172.6,8.0,8.0,14.0,14.0,1736.0,1769.0,734.0,723.3
35570.0,0.6,0.0,0.6,0.6,564.0,564.0,155.2,155.3,0.6,0.6,2.9997,2.9997,136.7,136.7,384.8,380.9,3.35,3.3,187.7,172.6,8.0,8.0,14.0,14.0,1736.0,1769.0,734.0,723.3
35575.0,0.6,0.0,0.6,0.6,564.0,564.0,155.2,155.3,0.6,0.6,2.9997,2.9997,136.7,136.7,384.8,380.9,3.35,3.3,187.7,172.6,8.0,8.0,14.0,14.0,1736.0,1769.0,734.0,723.3
35580.0,0.6,0.0,0.6,0.6,564.0,564.0,155.2,155.3,0.6,0.6,2.9997,2.9997,136.7,136.7,384.8,380.9,3.35,3.3,187.7,172.6,8.0,8.0,14.0,14.0,1736.0,1769.0,734.0,723.3
35586.0,0.6,0.0,0.6,0.6,564.0,564.0,155.2,155.3,0.6,0.6,2.9997,2.9997,136.7,136.7,384.8,380.9,3.35,3.3,187.7,172.6,8.0,8.0,14.0,14.0,1736.0,1769.0,734.0,723.3
35590.0,0.6,0.0,0.6,0.6,564.0,564.0,155.2,155.3,0.6,0.6,2.9997,2.9997,136.7,136.7,384.8,380.9,3.35,3.3,187.7,172.6,8.0,8.0,14.0,14.0,1736.0,1769.0,734.0,723.3
35595.0,0.6,0.0,0.6,0.6,564.0,564.0,155.2,155.3,0.6,0.6,2.9997,2.9997,136.7,136.7,384.8,380.9,3.35,3.3,187.7,172.6,8.0,8.0,14.0,14.0,1736.0,1769.0,734.0,723.3
35600.0,0.6,0.0,0.6,0.6,564.0,564.0,155.2,155.3,0.6,0.6,2.9997,2.9997,136.7,136.7,384.8,380.9,3.35,3.3,187.7,172.6,8.0,8.0,14.0,14.0,1736.0,1769.0,734.0,723.3
35606.0,0.6,0.0,0.6,0.6,564.0,564.0,155.2,155.3,0.6,0.6,2.9997,2.9997,136.7,136.7,384.8,380.9,3.35,3.3,187.7,172.6,8.0,8.0,14.0,14.0,1736.0,1769.0,734.0,723.3
35734.0,0.6,0.0,0.6,0.6,564.0,564.0,210.6,238.0,0.6,0.6,2.9997,2.9997,234.4,273.4,0.0,485.0,2.34,3.53,98.4,143.4,8.0,8.0,24.0,28.0,1751.0,1741.0,668.0,666.4
35741.0,0.6,0.0,0.6,0.6,564.0,564.0,210.6,238.0,0.6,0.6,2.9997,2.9997,234.4,273.4,0.0,485.0,2.34,3.53,98.4,143.4,8.0,8.0,24.0,28.0,1751.0,1741.0,668.0,666.4
35747.0,0.6,0.0,0.6,0.6,564.0,564.0,210.6,238.0,0.6,0.6,2.9997,2.9997,234.4,273.4,0.0,485.0,2.34,3.53,98.4,143.4,8.0,8.0,24.0,28.0,1751.0,1741.0,668.0,666.4
35752.0,0.6,0.0,0.6,0.6,564.0,564.0,210.6,238.0,0.6,0.6,2.9997,2.9997,234.4,273.4,0.0,485.0,2.34,3.53,98.4,143.4,8.0,8.0,24.0,28.0,1751.0,1741.0,668.0,666.4
35757.0,0.6,0.0,0.6,0.6,564.0,564.0,210.6,238.0,0.6,0.6,2.9997,2.9997,234.4,273.4,0.0,485.0,2.34,3.53,98.4,143.4,8.0,8.0,24.0,28.0,1751.0,1741.0,668.0,666.4
35762.0,0.6,0.0,0.6,0.6,564.0,564.0,210.6,238.0,0.6,0.6,2.9997,2.9997,234.4,273.4,0.0,485.0,2.34,3.53,98.4,143.4,8.0,8.0,24.0,28.0,1751.0,1741.0,668.0,666.4
35767.0,0.6,0.0,0.6,0.6,564.0,564.0,210.6,238.0,0.6,0.6,2.9997,2.9997,234.4,273.4,0.0,485.0,2.34,3.53,98.4,143.4,8.0,8.0,24.0,28.0,1751.0,1741.0,668.0,666.4
35777.0,0.6,0.0,0.6,0.6,564.0,564.0,234.1,242.3,0.6,0.6,2.9997,2.9997,244.1,244.1,0.0,0.0,2.21,2.14,108.3,107.6,8.0,8.0,25.0,25.0,1740.0,1748.0,724.0,743.4
35903.0,0.6,0.0,0.6,0.6,564.0,564.0,234.1,242.3,0.6,0.6,2.9997,2.9997,244.1,244.1,0.0,0.0,2.21,2.14,108.3,107.6,8.0,8.0,25.0,25.0,1740.0,1748.0,724.0,743.4
35911.0,0.6,0.0,0.6,0.6,564.0,564.0,234.1,242.3,0.6,0.6,2.9997,2.9997,244.1,244.1,0.0,0.0,2.21,2.14,108.3,107.6,8.0,8.0,25.0,25.0,1740.0,1748.0,724.0,743.4
35917.0,0.6,0.0,0.6,0.6,564.0,564.0,234.1,242.3,0.6,0.6,2.9997,2.9997,244.1,244.1,0.0,0.0,2.21,2.14,108.3,107.6,8.0,8.0,25.0,25.0,1740.0,1748.0,724.0,743.4
35922.0,0.6,0.0,0.6,0.6,564.0,564.0,234.1,242.3,0.6,0.6,2.9997,2.9997,244.1,244.1,0.0,0.0,2.21,2.14,108.3,107.6,8.0,8.0,25.0,25.0,1740.0,1748.0,724.0,743.4
35927.0,0.6,0.0,0.6,0.6,564.0,564.0,234.1,242.3,0.6,0.6,2.9997,2.9997,244.1,244.1,0.0,0.0,2.21,2.14,108.3,107.6,8.0,8.0,25.0,25.0,1740.0,1748.0,724.0,743.4
35932.0,0.6,0.0,0.6,0.6,564.0,564.0,234.1,242.3,0.6,0.6,2.9997,2.9997,244.1,244.1,0.0,0.0,2.21,2.14,108.3,107.6,8.0,8.0,25.0,25.0,1740.0,1748.0,724.0,743.4
35937.0,0.6,0.0,0.6,0.6,564.0,564.0,234.1,242.3,0.6,0.6,2.9997,2.9997,244.1,244.1,0.0,0.0,2.21,2.14,108.3,107.6,8.0,8.0,25.0,25.0,1740.0,1748.0,724.0,743.4
35942.0,0.6,0.0,0.6,0.6,564.0,564.0,234.1,242.3,0.6,0.6,2.9997,2.9997,244.1,244.1,0.0,0.0,2.21,2.14,108.3,107.6,8.0,8.0,25.0,25.0,1740.0,1748.0,724.0,743.4
36066.0,0.6,0.0,0.6,0.6,564.0,564.0,200.1,216.2,0.6,0.6,2.9997,2.9997,185.5,205.1,0.0,0.0,2.13,2.28,130.8,141.4,8.0,8.0,19.0,21.0,1757.0,1790.0,717.5,723.3
36073.0,0.6,0.0,0.6,0.6,564.0,564.0,200.1,216.2,0.6,0.6,2.9997,2.9997,185.5,205.1,0.0,0.0,2.13,2.28,130.8,141.4,8.0,8.0,19.0,21.0,1757.0,1790.0,717.5,723.3
36078.0,0.6,0.0,0.6,0.6,564.0,564.0,200.1,216.2,0.6,0.6,2.9997,2.9997,185.5,205.1,0.0,0.0,2.13,2.28,130.8,141.4,8.0,8.0,19.0,21.0,1757.0,1790.0,717.5,723.3
36083.0,0.6,0.0,0.6,0.6,564.0,564.0,200.1,216.2,0.6,0.6,2.9997,2.9997,185.5,205.1,0.0,0.0,2.13,2.28,130.8,141.4,8.0,8.0,19.0,21.0,1757.0,1790.0,717.5,723.3
36088.0,0.6,0.0,0.6,0.6,564.0,564.0,200.1,216.2,0.6,0.6,2.9997,2.9997,185.5,205.1,0.0,0.0,2.13,2.28,130.8,141.4,8.0,8.0,19.0,21.0,1757.0,1790.0,717.5,723.3
36093.0,0.6,0.0,0.6,0.6,564.0,564.0,200.1,216.2,0.6,0.6,2.9997,2.9997,185.5,205.1,0.0,0.0,2.13,2.28,130.8,141.4,8.0,8.0,19.0,21.0,1757.0,1790.0,717.5,723.3
36098.0,0.6,0.0,0.6,0.6,564.0,564.0,200.1,216.2,0.6,0.6,2.9997,2.9997,185.5,205.1,0.0,0.0,2.13,2.28,130.8,141.4,8.0,8.0,19.0,21.0,1757.0,1790.0,717.5,723.3
36103.0,0.6,0.0,0.6,0.6,564.0,564.0,200.1,216.2,0.6,0.6,2.9997,2.9997,185.5,205.1,0.0,0.0,2.13,2.28,130.8,141.4,8.0,8.0,19.0,21.0,1757.0,1790.0,717.5,723.3
36108.0,0.6,0.0,0.6,0.6,564.0,564.0,200.1,216.2,0.6,0.6,2.9997,2.9997,185.5,205.1,0.0,0.0,2.13,2.28,130.8,141.4,8.0,8.0,19.0,21.0,1757.0,1790.0,717.5,723.3
36113.0,0.6,0.0,0.6,0.6,564.0,564.0,189.9,215.3,0.6,0.6,2.9997,2.9997,185.5,214.8,0.0,0.0,2.91,2.79,150.5,142.8,8.0,8.0,19.0,22.0,1750.0,1753.0,712.0,688.7
36238.0,0.6,0.0,0.6,0.6,564.0,564.0,189.9,215.3,0.6,0.6,2.9997,2.9997,185.5,214.8,0.0,0.0,2.91,2.79,150.5,142.8,8.0,8.0,19.0,22.0,1750.0,1753.0,712.0,688.7
36244.0,0.6,0.0,0.6,0.6,564.0,564.0,189.9,215.3,0.6,0.6,2.9997,2.9997,185.5,214.8,0.0,0.0,2.91,2.79,150.5,142.8,8.0,8.0,19.0,22.0,1750.0,1753.0,712.0,688.7
36249.0,0.6,0.0,0.6,0.6,564.0,564.0,189.9,215.3,0.6,0.6,2.9997,2.9997,185.5,214.8,0.0,0.0,2.91,2.79,150.5,142.8,8.0,8.0,19.0,22.0,1750.0,1753.0,712.0,688.7
36254.0,0.6,0.0,0.6,0.6,564.0,564.0,189.9,215.3,0.6,0.6,2.9997,2.9997,185.5,214.8,0.0,0.0,2.91,2.79,150.5,142.8,8.0,8.0,19.0,22.0,1750.0,1753.0,712.0,688.7
36259.0,0.6,0.0,0.6,0.6,564.0,564.0,189.9,215.3,0.6,0.6,2.9997,2.9997,185.5,214.8,0.0,0.0,2.91,2.79,150.5,142.8,8.0,8.0,19.0,22.0,1750.0,1753.0,712.0,688.7
36264.0,0.6,0.0,0.6,0.6,564.0,564.0,189.9,215.3,0.6,0.6,2.9997,2.9997,185.5,214.8,0.0,0.0,2.91,2.79,150.5,142.8,8.0,8.0,19.0,22.0,1750.0,1753.0,712.0,688.7
36269.0,0.6,0.0,0.6,0.6,564.0,564.0,189.9,215.3,0.6,0.6,2.9997,2.9997,185.5,214.8,0.0,0.0,2.91,2.79,150.5,142.8,8.0,8.0,19.0,22.0,1750.0,1753.0,712.0,688.7
36274.0,0.6,0.0,0.6,0.6,564.0,564.0,189.9,215.3,0.6,0.6,2.9997,2.9997,185.5,214.8,0.0,0.0,2.91,2.79,150.5,142.8,8.0,8.0,19.0,22.0,1750.0,1753.0,712.0,688.7
36279.0,0.6,0.0,0.6,0.6,564.0,564.0,189.9,215.3,0.6,0.6,2.9997,2.9997,185.5,214.8,0.0,0.0,2.91,2.79,150.5,142.8,8.0,8.0,19.0,22.0,1750.0,1753.0,712.0,688.7
36404.0,0.6,0.0,0.6,0.6,564.0,564.0,193.7,187.6,0.6,0.6,2.9997,2.9997,195.3,175.8,0.0,0.0,2.49,1.87,142.8,109.4,8.0,8.0,20.0,18.0,1767.0,1741.0,719.6,705.4
36411.0,0.6,0.0,0.6,0.6,564.0,564.0,193.7,187.6,0.6,0.6,2.9997,2.9997,195.3,175.8,0.0,0.0,2.49,1.87,142.8,109.4,8.0,8.0,20.0,18.0,1767.0,1741.0,719.6,705.4
36416.0,0.6,0.0,0.6,0.6,564.0,564.0,193.7,187.6,0.6,0.6,2.9997,2.9997,195.3,175.8,0.0,0.0,2.49,1.87,142.8,109.4,8.0,8.0,20.0,18.0,1767.0,1741.0,719.6,705.4
36421.0,0.6,0.0,0.6,0.6,564.0,564.0,193.7,187.6,0.6,0.6,2.9997,2.9997,195.3,175.8,0.0,0.0,2.49,1.87,142.8,109.4,8.0,8.0,20.0,18.0,1767.0,1741.0,719.6,705.4
36426.0,0.6,0.0,0.6,0.6,564.0,564.0,193.7,187.6,0.6,0.6,2.9997,2.9997,195.3,175.8,0.0,0.0,2.49,1.87,142.8,109.4,8.0,8.0,20.0,18.0,1767.0,1741.0,719.6,705.4
36431.0,0.6,0.0,0.6,0.6,564.0,564.0,193.7,187.6,0.6,0.6,2.9997,2.9997,195.3,175.8,0.0,0.0,2.49,1.87,142.8,109.4,8.0,8.0,20.0,18.0,1767.0,1741.0,719.6,705.4
36436.0,0.6,0.0,0.6,0.6,564.0,564.0,193.7,187.6,0.6,0.6,2.9997,2.9997,195.3,175.8,0.0,0.0,2.49,1.87,142.8,109.4,8.0,8.0,20.0,18.0,1767.0,1741.0,719.6,705.4
36441.0,0.6,0.0,0.6,0.6,564.0,564.0,193.7,187.6,0.6,0.6,2.9997,2.9997,195.3,175.8,0.0,0.0,2.49,1.87,142.8,109.4,8.0,8.0,20.0,18.0,1767.0,1741.0,719.6,705.4
36446.0,0.6,0.0,0.6,0.6,564.0,564.0,193.7,187.6,0.6,0.6,2.9997,2.9997,195.3,175.8,0.0,0.0,2.49,1.87,142.8,109.4,8.0,8.0,20.0,18.0,1767.0,1741.0,719.6,705.4
36572.0,0.6,0.0,0.6,0.6,564.0,564.0,188.0,186.2,0.6,0.6,2.9997,2.9997,185.5,185.5,0.0,0.0,2.41,2.88,142.8,157.4,8.0,8.0,19.0,19.0,1747.0,1737.0,737.5,707.0
36578.0,0.6,0.0,0.6,0.6,564.0,564.0,188.0,186.2,0.6,0.6,2.9997,2.9997,185.5,185.5,0.0,0.0,2.41,2.88,142.8,157.4,8.0,8.0,19.0,19.0,1747.0,1737.0,737.5,707.0
36583.0,0.6,0.0,0.6,0.6,564.0,564.0,188.0,186.2,0.6,0.6,2.9997,2.9997,185.5,185.5,0.0,0.0,2.41,2.88,142.8,157.4,8.0,8.0,19.0,19.0,1747.0,1737.0,737.5,707.0
36588.0,0.6,0.0,0.6,0.6,564.0,564.0,188.0,186.2,0.6,0.6,2.9997,2.9997,185.5,185.5,0.0,0.0,2.41,2.88,142.8,157.4,8.0,8.0,19.0,19.0,1747.0,1737.0,737.5,707.0
36593.0,0.6,0.0,0.6,0.6,564.0,564.0,188.0,186.2,0.6,0.6,2.9997,2.9997,185.5,185.5,0.0,0.0,2.41,2.88,142.8,157.4,8.0,8.0,19.0,19.0,1747.0,1737.0,737.5,707.0
36598.0,0.6,0.0,0.6,0.6,564.0,564.0,188.0,186.2,0.6,0.6,2.9997,2.9997,185.5,185.5,0.0,0.0,2.41,2.88,142.8,157.4,8.0,8.0,19.0,19.0,1747.0,1737.0,737.5,707.0
36603.0,0.6,0.0,0.6,0.6,564.0,564.0,188.0,186.2,0.6,0.6,2.9997,2.9997,185.5,185.5,0.0,0.0,2.41,2.88,142.8,157.4,8.0,8.0,19.0,19.0,1747.0,1737.0,737.5,707.0
36608.0,0.6,0.0,0.6,0.6,564.0,564.0,188.0,186.2,0.6,0.6,2.9997,2.9997,185.5,185.5,0.0,0.0,2.41,2.88,142.8,157.4,8.0,8.0,19.0,19.0,1747.0,1737.0,737.5,707.0
36613.0,0.6,0.0,0.6,0.6,564.0,564.0,188.0,186.2,0.6,0.6,2.9997,2.9997,185.5,185.5,0.0,0.0,2.41,2.88,142.8,157.4,8.0,8.0,19.0,19.0,1747.0,1737.0,737.5,707.0
36748.0,0.6,0.0,0.6,0.6,564.0,564.0,179.4,192.6,0.6,0.6,2.9997,2.9997,175.8,195.3,377.2,376.9,3.06,3.29,174.7,179.4,8.0,8.0,18.0,20.0,1743.0,1751.0,701.6,703.6
36754.0,0.6,0.0,0.6,0.6,564.0,564.0,179.4,192.6,0.6,0.6,2.9997,2.9997,175.8,195.3,377.2,376.9,3.06,3.29,174.7,179.4,8.0,8.0,18.0,20.0,1743.0,1751.0,701.6,703.6
36759.0,0.6,0.0,0.6,0.6,564.0,564.0,179.4,192.6,0.6,0.6,2.9997,2.9997,175.8,195.3,377.2,376.9,3.06,3.29,174.7,179.4,8.0,8.0,18.0,20.0,1743.0,1751.0,701.6,703.6
36764.0,0.6,0.0,0.6,0.6,564.0,564.0,179.4,192.6,0.6,0.6,2.9997,2.9997,175.8,195.3,377.2,376.9,3.06,3.29,174.7,179.4,8.0,8.0,18.0,20.0,1743.0,1751.0,701.6,703.6
36770.0,0.6,0.0,0.6,0.6,564.0,564.0,179.4,192.6,0.6,0.6,2.9997,2.9997,175.8,195.3,377.2,376.9,3.06,3.29,174.7,179.4,8.0,8.0,18.0,20.0,1743.0,1751.0,701.6,703.6
36775.0,0.6,0.0,0.6,0.6,564.0,564.0,179.4,192.6,0.6,0.6,2.9997,2.9997,175.8,195.3,377.2,376.9,3.06,3.29,174.7,179.4,8.0,8.0,18.0,20.0,1743.0,1751.0,701.6,703.6
36780.0,0.6,0.0,0.6,0.6,564.0,564.0,179.4,192.6,0.6,0.6,2.9997,2.9997,175.8,195.3,377.2,376.9,3.06,3.29,174.7,179.4,8.0,8.0,18.0,20.0,1743.0,1751.0,701.6,703.6
36785.0,0.6,0.0,0.6,0.6,564.0,564.0,179.4,192.6,0.6,0.6,2.9997,2.9997,175.8,195.3,377.2,376.9,3.06,3.29,174.7,179.4,8.0,8.0,18.0,20.0,1743.0,1751.0,701.6,703.6
36792.0,0.6,0.0,0.6,0.6,564.0,564.0,179.4,192.6,0.6,0.6,2.9997,2.9997,175.8,195.3,377.2,376.9,3.06,3.29,174.7,179.4,8.0,8.0,18.0,20.0,1743.0,1751.0,701.6,703.6
36917.0,0.6,0.0,0.6,0.6,564.0,564.0,183.7,194.5,0.6,0.6,2.9997,2.9997,185.5,195.3,0.0,0.0,2.44,2.46,152.1,143.0,8.0,8.0,19.0,20.0,1780.0,1754.0,727.1,725.3
36925.0,0.6,0.0,0.6,0.6,564.0,564.0,183.7,194.5,0.6,0.6,2.9997,2.9997,185.5,195.3,0.0,0.0,2.44,2.46,152.1,143.0,8.0,8.0,19.0,20.0,1780.0,1754.0,727.1,725.3
36931.0,0.6,0.0,0.6,0.6,564.0,564.0,183.7,194.5,0.6,0.6,2.9997,2.9997,185.5,195.3,0.0,0.0,2.44,2.46,152.1,143.0,8.0,8.0,19.0,20.0,1780.0,1754.0,727.1,725.3
36936.0,0.6,0.0,0.6,0.6,564.0,564.0,183.7,194.5,0.6,0.6,2.9997,2.9997,185.5,195.3,0.0,0.0,2.44,2.46,152.1,143.0,8.0,8.0,19.0,20.0,1780.0,1754.0,727.1,725.3
36941.0,0.6,0.0,0.6,0.6,564.0,564.0,183.7,194.5,0.6,0.6,2.9997,2.9997,185.5,195.3,0.0,0.0,2.44,2.46,152.1,143.0,8.0,8.0,19.0,20.0,1780.0,1754.0,727.1,725.3
36946.0,0.6,0.0,0.6,0.6,564.0,564.0,183.7,194.5,0.6,0.6,2.9997,2.9997,185.5,195.3,0.0,0.0,2.44,2.46,152.1,143.0,8.0,8.0,19.0,20.0,1780.0,1754.0,727.1,725.3
36951.0,0.6,0.0,0.6,0.6,564.0,564.0,183.7,194.5,0.6,0.6,2.9997,2.9997,185.5,195.3,0.0,0.0,2.44,2.46,152.1,143.0,8.0,8.0,19.0,20.0,1780.0,1754.0,727.1,725.3
36956.0,0.6,0.0,0.6,0.6,564.0,564.0,183.7,194.5,0.6,0.6,2.9997,2.9997,185.5,195.3,0.0,0.0,2.44,2.46,152.1,143.0,8.0,8.0,19.0,20.0,1780.0,1754.0,727.1,725.3
36961.0,0.6,0.0,0.6,0.6,564.0,564.0,183.7,194.5,0.6,0.6,2.9997,2.9997,185.5,195.3,0.0,0.0,2.44,2.46,152.1,143.0,8.0,8.0,19.0,20.0,1780.0,1754.0,727.1,725.3
37092.0,0.6,0.0,0.6,0.6,564.0,564.0,164.5,167.7,0.6,0.6,2.9997,2.9997,156.2,156.2,488.7,488.6,3.46,3.05,185.4,167.3,8.0,8.0,16.0,16.0,1769.0,1816.0,729.3,697.8
37099.0,0.6,0.0,0.6,0.6,564.0,564.0,164.5,167.7,0.6,0.6,2.9997,2.9997,156.2,156.2,488.7,488.6,3.46,3.05,185.4,167.3,8.0,8.0,16.0,16.0,1769.0,1816.0,729.3,697.8
37105.0,0.6,0.0,0.6,0.6,564.0,564.0,164.5,167.7,0.6,0.6,2.9997,2.9997,156.2,156.2,488.7,488.6,3.46,3.05,185.4,167.3,8.0,8.0,16.0,16.0,1769.0,1816.0,729.3,697.8
37110.0,0.6,0.0,0.6,0.6,564.0,564.0,164.5,167.7,0.6,0.6,2.9997,2.9997,156.2,156.2,488.7,488.6,3.46,3.05,185.4,167.3,8.0,8.0,16.0,16.0,1769.0,1816.0,729.3,697.8
37116.0,0.6,0.0,0.6,0.6,564.0,564.0,164.5,167.7,0.6,0.6,2.9997,2.9997,156.2,156.2,488.7,488.6,3.46,3.05,185.4,167.3,8.0,8.0,16.0,16.0,1769.0,1816.0,729.3,697.8
37122.0,0.6,0.0,0.6,0.6,564.0,564.0,164.5,167.7,0.6,0.6,2.9997,2.9997,156.2,156.2,488.7,488.6,3.46,3.05,185.4,167.3,8.0,8.0,16.0,16.0,1769.0,1816.0,729.3,697.8
37127.0,0.6,0.0,0.6,0.6,564.0,564.0,164.5,167.7,0.6,0.6,2.9997,2.9997,156.2,156.2,488.7,488.6,3.46,3.05,185.4,167.3,8.0,8.0,16.0,16.0,1769.0,1816.0,729.3,697.8
37133.0,0.6,0.0,0.6,0.6,564.0,564.0,164.5,167.7,0.6,0.6,2.9997,2.9997,156.2,156.2,488.7,488.6,3.46,3.05,185.4,167.3,8.0,8.0,16.0,16.0,1769.0,1816.0,729.3,697.8
37260.0,0.6,0.0,0.6,0.6,564.0,564.0,165.6,166.5,0.6,0.6,2.9997,2.9997,166.0,166.0,0.0,0.0,1.96,1.89,101.9,102.7,8.0,8.0,17.0,17.0,1741.0,1742.0,660.3,661.6
37266.0,0.6,0.0,0.6,0.6,564.0,564.0,165.6,166.5,0.6,0.6,2.9997,2.9997,166.0,166.0,0.0,0.0,1.96,1.89,101.9,102.7,8.0,8.0,17.0,17.0,1741.0,1742.0,660.3,661.6
37271.0,0.6,0.0,0.6,0.6,564.0,564.0,165.6,166.5,0.6,0.6,2.9997,2.9997,166.0,166.0,0.0,0.0,1.96,1.89,101.9,102.7,8.0,8.0,17.0,17.0,1741.0,1742.0,660.3,661.6
37276.0,0.6,0.0,0.6,0.6,564.0,564.0,165.6,166.5,0.6,0.6,2.9997,2.9997,166.0,166.0,0.0,0.0,1.96,1.89,101.9,102.7,8.0,8.0,17.0,17.0,1741.0,1742.0,660.3,661.6
37281.0,0.6,0.0,0.6,0.6,564.0,564.0,165.6,166.5,0.6,0.6,2.9997,2.9997,166.0,166.0,0.0,0.0,1.96,1.89,101.9,102.7,8.0,8.0,17.0,17.0,1741.0,1742.0,660.3,661.6
37286.0,0.6,0.0,0.6,0.6,564.0,564.0,165.6,166.5,0.6,0.6,2.9997,2.9997,166.0,166.0,0.0,0.0,1.96,1.89,101.9,102.7,8.0,8.0,17.0,17.0,1741.0,1742.0,660.3,661.6
37291.0,0.6,0.0,0.6,0.6,564.0,564.0,165.6,166.5,0.6,0.6,2.9997,2.9997,166.0,166.0,0.0,0.0,1.96,1.89,101.9,102.7,8.0,8.0,17.0,17.0,1741.0,1742.0,660.3,661.6
37295.0,0.6,0.0,0.6,0.6,564.0,564.0,165.6,166.5,0.6,0.6,2.9997,2.9997,166.0,166.0,0.0,0.0,1.96,1.89,101.9,102.7,8.0,8.0,17.0,17.0,1741.0,1742.0,660.3,661.6
37300.0,0.6,0.0,0.6,0.6,564.0,564.0,165.6,166.5,0.6,0.6,2.9997,2.9997,166.0,166.0,0.0,0.0,1.96,1.89,101.9,102.7,8.0,8.0,17.0,17.0,1741.0,1742.0,660.3,661.6
37426.0,0.6,0.0,0.6,0.6,564.0,564.0,172.7,173.0,0.6,0.6,2.9997,2.9997,175.8,175.8,0.0,0.0,2.32,2.43,114.0,137.0,8.0,8.0,18.0,18.0,1779.0,1755.0,731.0,733.4
37432.0,0.6,0.0,0.6,0.6,564.0,564.0,172.7,173.0,0.6,0.6,2.9997,2.9997,175.8,175.8,0.0,0.0,2.32,2.43,114.0,137.0,8.0,8.0,18.0,18.0,1779.0,1755.0,731.0,733.4
37438.0,0.6,0.0,0.6,0.6,564.0,564.0,172.7,173.0,0.6,0.6,2.9997,2.9997,175.8,175.8,0.0,0.0,2.32,2.43,114.0,137.0,8.0,8.0,18.0,18.0,1779.0,1755.0,731.0,733.4
37443.0,0.6,0.0,0.6,0.6,564.0,564.0,172.7,173.0,0.6,0.6,2.9997,2.9997,175.8,175.8,0.0,0.0,2.32,2.43,114.0,137.0,8.0,8.0,18.0,18.0,1779.0,1755.0,731.0,733.4
37447.0,0.6,0.0,0.6,0.6,564.0,564.0,172.7,173.0,0.6,0.6,2.9997,2.9997,175.8,175.8,0.0,0.0,2.32,2.43,114.0,137.0,8.0,8.0,18.0,18.0,1779.0,1755.0,731.0,733.4
37453.0,0.6,0.0,0.6,0.6,564.0,564.0,172.7,173.0,0.6,0.6,2.9997,2.9997,175.8,175.8,0.0,0.0,2.32,2.43,114.0,137.0,8.0,8.0,18.0,18.0,1779.0,1755.0,731.0,733.4
37458.0,0.6,0.0,0.6,0.6,564.0,564.0,172.7,173.0,0.6,0.6,2.9997,2.9997,175.8,175.8,0.0,0.0,2.32,2.43,114.0,137.0,8.0,8.0,18.0,18.0,1779.0,1755.0,731.0,733.4
37463.0,0.6,0.0,0.6,0.6,564.0,564.0,172.7,173.0,0.6,0.6,2.9997,2.9997,175.8,175.8,0.0,0.0,2.32,2.43,114.0,137.0,8.0,8.0,18.0,18.0,1779.0,1755.0,731.0,733.4
37468.0,0.6,0.0,0.6,0.6,564.0,564.0,172.7,173.0,0.6,0.6,2.9997,2.9997,175.8,175.8,0.0,0.0,2.32,2.43,114.0,137.0,8.0,8.0,18.0,18.0,1779.0,1755.0,731.0,733.4
37598.0,0.6,0.0,0.6,0.6,564.0,564.0,181.7,181.8,0.6,0.6,2.9997,2.9997,185.5,185.5,0.0,483.0,2.79,3.6,155.7,195.7,8.0,8.0,19.0,19.0,1739.0,1752.0,671.9,644.0
37604.0,0.6,0.0,0.6,0.6,564.0,564.0,181.7,181.8,0.6,0.6,2.9997,2.9997,185.5,185.5,0.0,483.0,2.79,3.6,155.7,195.7,8.0,8.0,19.0,19.0,1739.0,1752.0,671.9,644.0
37609.0,0.6,0.0,0.6,0.6,564.0,564.0,181.7,181.8,0.6,0.6,2.9997,2.9997,185.5,185.5,0.0,483.0,2.79,3.6,155.7,195.7,8.0,8.0,19.0,19.0,1739.0,1752.0,671.9,644.0
37614.0,0.6,0.0,0.6,0.6,564.0,564.0,181.7,181.8,0.6,0.6,2.9997,2.9997,185.5,185.5,0.0,483.0,2.79,3.6,155.7,195.7,8.0,8.0,19.0,19.0,1739.0,1752.0,671.9,644.0
37619.0,0.6,0.0,0.6,0.6,564.0,564.0,181.7,181.8,0.6,0.6,2.9997,2.9997,185.5,185.5,0.0,483.0,2.79,3.6,155.7,195.7,8.0,8.0,19.0,19.0,1739.0,1752.0,671.9,644.0
37624.0,0.6,0.0,0.6,0.6,564.0,564.0,181.7,181.8,0.6,0.6,2.9997,2.9997,185.5,185.5,0.0,483.0,2.79,3.6,155.7,195.7,8.0,8.0,19.0,19.0,1739.0,1752.0,671.9,644.0
37629.0,0.6,0.0,0.6,0.6,564.0,564.0,181.7,181.8,0.6,0.6,2.9997,2.9997,185.5,185.5,0.0,483.0,2.79,3.6,155.7,195.7,8.0,8.0,19.0,19.0,1739.0,1752.0,671.9,644.0
37635.0,0.6,0.0,0.6,0.6,564.0,564.0,181.7,181.8,0.6,0.6,2.9997,2.9997,185.5,185.5,0.0,483.0,2.79,3.6,155.7,195.7,8.0,8.0,19.0,19.0,1739.0,1752.0,671.9,644.0
37640.0,0.6,0.0,0.6,0.6,564.0,564.0,181.7,181.8,0.6,0.6,2.9997,2.9997,185.5,185.5,0.0,483.0,2.79,3.6,155.7,195.7,8.0,8.0,19.0,19.0,1739.0,1752.0,671.9,644.0
37768.0,0.6,0.0,0.6,0.6,564.0,564.0,177.6,177.6,0.6,0.6,2.9997,2.9997,175.8,175.8,0.0,0.0,2.44,2.43,126.2,131.7,8.0,8.0,18.0,18.0,1781.0,1749.0,740.5,747.2
37775.0,0.6,0.0,0.6,0.6,564.0,564.0,177.6,177.6,0.6,0.6,2.9997,2.9997,175.8,175.8,0.0,0.0,2.44,2.43,126.2,131.7,8.0,8.0,18.0,18.0,1781.0,1749.0,740.5,747.2
37781.0,0.6,0.0,0.6,0.6,564.0,564.0,177.6,177.6,0.6,0.6,2.9997,2.9997,175.8,175.8,0.0,0.0,2.44,2.43,126.2,131.7,8.0,8.0,18.0,18.0,1781.0,1749.0,740.5,747.2
37786.0,0.6,0.0,0.6,0.6,564.0,564.0,177.6,177.6,0.6,0.6,2.9997,2.9997,175.8,175.8,0.0,0.0,2.44,2.43,126.2,131.7,8.0,8.0,18.0,18.0,1781.0,1749.0,740.5,747.2
37791.0,0.6,0.0,0.6,0.6,564.0,564.0,177.6,177.6,0.6,0.6,2.9997,2.9997,175.8,175.8,0.0,0.0,2.44,2.43,126.2,131.7,8.0,8.0,18.0,18.0,1781.0,1749.0,740.5,747.2
37796.0,0.6,0.0,0.6,0.6,564.0,564.0,177.6,177.6,0.6,0.6,2.9997,2.9997,175.8,175.8,0.0,0.0,2.44,2.43,126.2,131.7,8.0,8.0,18.0,18.0,1781.0,1749.0,740.5,747.2
37801.0,0.6,0.0,0.6,0.6,564.0,564.0,177.6,177.6,0.6,0.6,2.9997,2.9997,175.8,175.8,0.0,0.0,2.44,2.43,126.2,131.7,8.0,8.0,18.0,18.0,1781.0,1749.0,740.5,747.2
37806.0,0.6,0.0,0.6,0.6,564.0,564.0,177.6,177.6,0.6,0.6,2.9997,2.9997,175.8,175.8,0.0,0.0,2.44,2.43,126.2,131.7,8.0,8.0,18.0,18.0,1781.0,1749.0,740.5,747.2
37811.0,0.6,0.0,0.6,0.6,564.0,564.0,177.6,177.6,0.6,0.6,2.9997,2.9997,175.8,175.8,0.0,0.0,2.44,2.43,126.2,131.7,8.0,8.0,18.0,18.0,1781.0,1749.0,740.5,747.2
37939.0,0.6,0.0,0.6,0.6,564.0,564.0,196.8,183.2,0.6,0.6,2.9997,2.9997,205.1,185.5,487.2,0.0,3.85,2.88,176.5,114.4,8.0,8.0,21.0,19.0,1753.0,1770.0,714.6,704.1
37946.0,0.6,0.0,0.6,0.6,564.0,564.0,196.8,183.2,0.6,0.6,2.9997,2.9997,205.1,185.5,487.2,0.0,3.85,2.88,176.5,114.4,8.0,8.0,21.0,19.0,1753.0,1770.0,714.6,704.1
37952.0,0.6,0.0,0.6,0.6,564.0,564.0,196.8,183.2,0.6,0.6,2.9997,2.9997,205.1,185.5,487.2,0.0,3.85,2.88,176.5,114.4,8.0,8.0,21.0,19.0,1753.0,1770.0,714.6,704.1
37957.0,0.6,0.0,0.6,0.6,564.0,564.0,196.8,183.2,0.6,0.6,2.9997,2.9997,205.1,185.5,487.2,0.0,3.85,2.88,176.5,114.4,8.0,8.0,21.0,19.0,1753.0,1770.0,714.6,704.1
37962.0,0.6,0.0,0.6,0.6,564.0,564.0,196.8,183.2,0.6,0.6,2.9997,2.9997,205.1,185.5,487.2,0.0,3.85,2.88,176.5,114.4,8.0,8.0,21.0,19.0,1753.0,1770.0,714.6,704.1
37967.0,0.6,0.0,0.6,0.6,564.0,564.0,196.8,183.2,0.6,0.6,2.9997,2.9997,205.1,185.5,487.2,0.0,3.85,2.88,176.5,114.4,8.0,8.0,21.0,19.0,1753.0,1770.0,714.6,704.1
37972.0,0.6,0.0,0.6,0.6,564.0,564.0,196.8,183.2,0.6,0.6,2.9997,2.9997,205.1,185.5,487.2,0.0,3.85,2.88,176.5,114.4,8.0,8.0,21.0,19.0,1753.0,1770.0,714.6,704.1
37977.0,0.6,0.0,0.6,0.6,564.0,564.0,196.8,183.2,0.6,0.6,2.9997,2.9997,205.1,185.5,487.2,0.0,3.85,2.88,176.5,114.4,8.0,8.0,21.0,19.0,1753.0,1770.0,714.6,704.1
37982.0,0.6,0.0,0.6,0.6,564.0,564.0,196.8,183.2,0.6,0.6,2.9997,2.9997,205.1,185.5,487.2,0.0,3.85,2.88,176.5,114.4,8.0,8.0,21.0,19.0,1753.0,1770.0,714.6,704.1
38111.0,0.6,0.0,0.6,0.6,564.0,564.0,154.7,164.3,0.6,0.6,2.9997,2.9997,136.7,156.2,0.0,0.0,2.18,2.31,104.7,115.9,8.0,8.0,14.0,16.0,1774.0,1736.0,711.6,705.3
38118.0,0.6,0.0,0.6,0.6,564.0,564.0,154.7,164.3,0.6,0.6,2.9997,2.9997,136.7,156.2,0.0,0.0,2.18,2.31,104.7,115.9,8.0,8.0,14.0,16.0,1774.0,1736.0,711.6,705.3
38124.0,0.6,0.0,0.6,0.6,564.0,564.0,154.7,164.3,0.6,0.6,2.9997,2.9997,136.7,156.2,0.0,0.0,2.18,2.31,104.7,115.9,8.0,8.0,14.0,16.0,1774.0,1736.0,711.6,705.3
38129.0,0.6,0.0,0.6,0.6,564.0,564.0,154.7,164.3,0.6,0.6,2.9997,2.9997,136.7,156.2,0.0,0.0,2.18,2.31,104.7,115.9,8.0,8.0,14.0,16.0,1774.0,1736.0,711.6,705.3
38135.0,0.6,0.0,0.6,0.6,564.0,564.0,154.7,164.3,0.6,0.6,2.9997,2.9997,136.7,156.2,0.0,0.0,2.18,2.31,104.7,115.9,8.0,8.0,14.0,16.0,1774.0,1736.0,711.6,705.3
38140.0,0.6,0.0,0.6,0.6,564.0,564.0,154.7,164.3,0.6,0.6,2.9997,2.9997,136.7,156.2,0.0,0.0,2.18,2.31,104.7,115.9,8.0,8.0,14.0,16.0,1774.0,1736.0,711.6,705.3
38146.0,0.6,0.0,0.6,0.6,564.0,564.0,154.7,164.3,0.6,0.6,2.9997,2.9997,136.7,156.2,0.0,0.0,2.18,2.31,104.7,115.9,8.0,8.0,14.0,16.0,1774.0,1736.0,711.6,705.3
