t_ms,thr,str,mix_L,mix_R,tgt_L_hz,tgt_R_hz,meas_L_hz,meas_R_hz,duty_L,duty_R,int_L,int_R,freqdet_L_hz,freqdet_R_hz
9950.0,0.0,0.0,0.0,0.0,0.0,0.0,0.0,0.0,0.0,0.0,0.0,0.0,0.0,0.0
9955.0,0.0,0.0,0.0,0.0,0.0,0.0,0.0,0.0,0.0,0.0,0.0,0.0,0.0,0.0
9958.0,0.0,0.0,0.0,0.0,0.0,0.0,0.0,0.0,0.0,0.0,0.0,0.0,0.0,0.0
9959.0,0.0,0.0,0.0,0.0,0.0,0.0,0.0,0.0,0.0,0.0,0.0,0.0,0.0,0.0
9961.0,0.0,0.0,0.0,0.0,0.0,0.0,0.0,0.0,0.0,0.0,0.0,0.0,0.0,0.0
9962.0,0.0,0.0,0.0,0.0,0.0,0.0,0.0,0.0,0.0,0.0,0.0,0.0,0.0,0.0
9964.0,0.0,0.0,0.0,0.0,0.0,0.0,0.0,0.0,0.0,0.0,0.0,0.0,0.0,0.0
9966.0,0.0,0.0,0.0,0.0,0.0,0.0,0.0,0.0,0.0,0.0,0.0,0.0,0.0,0.0
9967.0,0.0,0.0,0.0,0.0,0.0,0.0,0.0,0.0,0.0,0.0,0.0,0.0,0.0,0.0
9969.0,0.0,0.0,0.0,0.0,0.0,0.0,0.0,0.0,0.0,0.0,0.0,0.0,0.0,0.0
9971.0,0.0,0.0,0.0,0.0,0.0,0.0,0.0,0.0,0.0,0.0,0.0,0.0,0.0,0.0
9972.0,0.0,0.0,0.0,0.0,0.0,0.0,0.0,0.0,0.0,0.0,0.0,0.0,0.0,0.0
9974.0,0.0,0.0,0.0,0.0,0.0,0.0,0.0,0.0,0.0,0.0,0.0,0.0,0.0,0.0
9975.0,0.0,0.0,0.0,0.0,0.0,0.0,0.0,0.0,0.0,0.0,0.0,0.0,0.0,0.0
9977.0,0.0,0.0,0.0,0.0,0.0,0.0,0.0,0.0,0.0,0.0,0.0,0.0,0.0,0.0
9979.0,0.0,0.0,0.0,0.0,0.0,0.0,0.0,0.0,0.0,0.0,0.0,0.0,0.0,0.0
9980.0,0.0,0.0,0.0,0.0,0.0,0.0,0.0,0.0,0.0,0.0,0.0,0.0,0.0,0.0
9982.0,0.0,0.0,0.0,0.0,0.0,0.0,0.0,0.0,0.0,0.0,0.0,0.0,0.0,0.0
9983.0,0.0,0.0,0.0,0.0,0.0,0.0,0.0,0.0,0.0,0.0,0.0,0.0,0.0,0.0
9985.0,0.0,0.0,0.0,0.0,0.0,0.0,0.0,0.0,0.0,0.0,0.0,0.0,0.0,0.0
9987.0,0.0,0.0,0.0,0.0,0.0,0.0,0.0,0.0,0.0,0.0,0.0,0.0,0.0,0.0
9988.0,0.0,0.0,0.0,0.0,0.0,0.0,0.0,0.0,0.0,0.0,0.0,0.0,0.0,0.0
9990.0,0.0,0.0,0.0,0.0,0.0,0.0,0.0,0.0,0.0,0.0,0.0,0.0,0.0,0.0
9991.0,0.0,0.0,0.0,0.0,0.0,0.0,0.0,0.0,0.0,0.0,0.0,0.0,0.0,0.0
9993.0,0.0,0.0,0.0,0.0,0.0,0.0,0.0,0.0,0.0,0.0,0.0,0.0,0.0,0.0
9995.0,0.0,0.0,0.0,0.0,0.0,0.0,0.0,0.0,0.0,0.0,0.0,0.0,0.0,0.0
9996.0,0.0,0.0,0.0,0.0,0.0,0.0,0.0,0.0,0.0,0.0,0.0,0.0,0.0,0.0
9998.0,0.0,0.0,0.0,0.0,0.0,0.0,0.0,0.0,0.0,0.0,0.0,0.0,0.0,0.0
10000.0,0.0,0.0,0.0,0.0,0.0,0.0,0.0,0.0,0.0,0.0,0.0,0.0,0.0,0.0
10001.0,0.0,0.0,0.0,0.0,0.0,0.0,0.0,0.0,0.0,0.0,0.0,0.0,0.0,0.0
10003.0,0.0,0.0,0.0,0.0,0.0,0.0,0.0,0.0,0.0,0.0,0.0,0.0,0.0,0.0
10004.0,0.0,0.0,0.0,0.0,0.0,0.0,0.0,0.0,0.0,0.0,0.0,0.0,0.0,0.0
10006.0,0.0,0.0,0.0,0.0,0.0,0.0,0.0,0.0,0.0,0.0,0.0,0.0,0.0,0.0
10008.0,0.0,0.0,0.0,0.0,0.0,0.0,0.0,0.0,0.0,0.0,0.0,0.0,0.0,0.0
10009.0,0.0,0.0,0.0,0.0,0.0,0.0,0.0,0.0,0.0,0.0,0.0,0.0,0.0,0.0
10011.0,0.0,0.0,0.0,0.0,0.0,0.0,0.0,0.0,0.0,0.0,0.0,0.0,0.0,0.0
10012.0,0.0,0.0,0.0,0.0,0.0,0.0,0.0,0.0,0.0,0.0,0.0,0.0,0.0,0.0
10014.0,0.0,0.0,0.0,0.0,0.0,0.0,0.0,0.0,0.0,0.0,0.0,0.0,0.0,0.0
10016.0,0.0,0.0,0.0,0.0,0.0,0.0,0.0,0.0,0.0,0.0,0.0,0.0,0.0,0.0
10018.0,0.0,0.0,0.0,0.0,0.0,0.0,0.0,0.0,0.0,0.0,0.0,0.0,0.0,0.0
10020.0,0.0,0.0,0.0,0.0,0.0,0.0,0.0,0.0,0.0,0.0,0.0,0.0,0.0,0.0
10022.0,0.0,0.0,0.0,0.0,0.0,0.0,0.0,0.0,0.0,0.0,0.0,0.0,0.0,0.0
10024.0,0.0,0.0,0.0,0.0,0.0,0.0,0.0,0.0,0.0,0.0,0.0,0.0,0.0,0.0
10025.0,0.0,0.0,0.0,0.0,0.0,0.0,0.0,0.0,0.0,0.0,0.0,0.0,0.0,0.0
10027.0,0.0,0.0,0.0,0.0,0.0,0.0,0.0,0.0,0.0,0.0,0.0,0.0,0.0,0.0
10028.0,0.0,0.0,0.0,0.0,0.0,0.0,0.0,0.0,0.0,0.0,0.0,0.0,0.0,0.0
10030.0,0.0,0.0,0.0,0.0,0.0,0.0,0.0,0.0,0.0,0.0,0.0,0.0,0.0,0.0
10031.0,0.0,0.0,0.0,0.0,0.0,0.0,0.0,0.0,0.0,0.0,0.0,0.0,0.0,0.0
10033.0,0.0,0.0,0.0,0.0,0.0,0.0,0.0,0.0,0.0,0.0,0.0,0.0,0.0,0.0
10035.0,0.0,0.0,0.0,0.0,0.0,0.0,0.0,0.0,0.0,0.0,0.0,0.0,0.0,0.0
10036.0,0.0,0.0,0.0,0.0,0.0,0.0,0.0,0.0,0.0,0.0,0.0,0.0,0.0,0.0
10038.0,0.0,0.0,0.0,0.0,0.0,0.0,0.0,0.0,0.0,0.0,0.0,0.0,0.0,0.0
10040.0,0.0,0.0,0.0,0.0,0.0,0.0,0.0,0.0,0.0,0.0,0.0,0.0,0.0,0.0
10041.0,0.0,0.0,0.0,0.0,0.0,0.0,0.0,0.0,0.0,0.0,0.0,0.0,0.0,0.0
10043.0,0.0,0.0,0.0,0.0,0.0,0.0,0.0,0.0,0.0,0.0,0.0,0.0,0.0,0.0
10045.0,0.0,0.0,0.0,0.0,0.0,0.0,0.0,0.0,0.0,0.0,0.0,0.0,0.0,0.0
10046.0,0.0,0.0,0.0,0.0,0.0,0.0,0.0,0.0,0.0,0.0,0.0,0.0,0.0,0.0
10048.0,0.0,0.0,0.0,0.0,0.0,0.0,0.0,0.0,0.0,0.0,0.0,0.0,0.0,0.0
10049.0,0.0,0.0,0.0,0.0,0.0,0.0,0.0,0.0,0.0,0.0,0.0,0.0,0.0,0.0
10051.0,0.0,0.0,0.0,0.0,0.0,0.0,0.0,0.0,0.0,0.0,0.0,0.0,0.0,0.0
10052.0,0.0,0.0,0.0,0.0,0.0,0.0,0.0,0.0,0.0,0.0,0.0,0.0,0.0,0.0
10279.0,0.2,0.0,0.2,0.2,188.0,188.0,0.0,0.0,0.0,0.0,0.0,0.0,0.0,0.0
10285.0,0.2,0.0,0.2,0.2,188.0,188.0,0.0,0.0,0.0,0.0,0.0,0.0,0.0,0.0
10288.0,0.2,0.0,0.2,0.2,188.0,188.0,0.0,0.0,0.0,0.0,0.0,0.0,0.0,0.0
10292.0,0.2,0.0,0.2,0.2,188.0,188.0,0.0,0.0,0.0,0.0,0.0,0.0,0.0,0.0
10295.0,0.2,0.0,0.2,0.2,188.0,188.0,0.0,0.0,0.0,0.0,0.0,0.0,0.0,0.0
10298.0,0.2,0.0,0.2,0.2,188.0,188.0,0.0,0.0,0.0,0.0,0.0,0.0,0.0,0.0
10301.0,0.2,0.0,0.2,0.2,188.0,188.0,0.0,0.0,0.0,0.0,0.0,0.0,0.0,0.0
10304.0,0.2,0.0,0.2,0.2,188.0,188.0,0.0,0.0,0.0,0.0,0.0,0.0,0.0,0.0
10308.0,0.2,0.0,0.2,0.2,188.0,188.0,0.0,0.0,0.0,0.0,0.0,0.0,0.0,0.0
10311.0,0.2,0.0,0.2,0.2,188.0,188.0,0.0,0.0,0.0,0.0,0.0,0.0,0.0,0.0
10314.0,0.2,0.0,0.2,0.2,188.0,188.0,0.0,0.0,0.0,0.0,0.0,0.0,0.0,0.0
10319.0,0.2,0.0,0.2,0.2,188.0,188.0,0.0,270.0,0.259,0.209,0.0,0.0,0.0,385.7
10323.0,0.2,0.0,0.2,0.2,188.0,188.0,0.0,270.0,0.259,0.209,0.0,0.0,0.0,385.7
10327.0,0.2,0.0,0.2,0.2,188.0,188.0,0.0,270.0,0.259,0.209,0.0,0.0,0.0,385.7
10330.0,0.2,0.0,0.2,0.2,188.0,188.0,0.0,270.0,0.259,0.209,0.0,0.0,0.0,385.7
10333.0,0.2,0.0,0.2,0.2,188.0,188.0,0.0,270.0,0.259,0.209,0.0,0.0,0.0,385.7
10337.0,0.2,0.0,0.2,0.2,188.0,188.0,0.0,270.0,0.259,0.209,0.0,0.0,0.0,385.7
10340.0,0.2,0.0,0.2,0.2,188.0,188.0,0.0,270.0,0.259,0.209,0.0,0.0,0.0,385.7
10343.0,0.2,0.0,0.2,0.2,188.0,188.0,0.0,270.0,0.259,0.209,0.0,0.0,0.0,385.7
10347.0,0.2,0.0,0.2,0.2,188.0,188.0,0.0,270.0,0.259,0.209,0.0,0.0,0.0,385.7
10350.0,0.2,0.0,0.2,0.2,188.0,188.0,0.0,270.0,0.259,0.209,0.0,0.0,0.0,385.7
10354.0,0.2,0.0,0.2,0.2,188.0,188.0,0.0,270.0,0.259,0.209,0.0,0.0,0.0,385.7
10357.0,0.2,0.0,0.2,0.2,188.0,188.0,0.0,270.0,0.259,0.209,0.0,0.0,0.0,385.7
10360.0,0.2,0.0,0.2,0.2,188.0,188.0,0.0,270.0,0.259,0.209,0.0,0.0,0.0,385.7
10364.0,0.2,0.0,0.2,0.2,188.0,188.0,0.0,270.0,0.259,0.209,0.0,0.0,0.0,385.7
10367.0,0.2,0.0,0.2,0.2,188.0,188.0,0.0,270.0,0.259,0.209,0.0,0.0,0.0,385.7
10371.0,0.2,0.0,0.2,0.2,188.0,188.0,0.0,270.0,0.259,0.209,0.0,0.0,0.0,385.7
10375.0,0.2,0.0,0.2,0.2,188.0,188.0,0.0,270.0,0.259,0.209,0.0,0.0,0.0,385.7
10379.0,0.2,0.0,0.2,0.2,188.0,188.0,0.0,270.0,0.259,0.209,0.0,0.0,0.0,385.7
10382.0,0.2,0.0,0.2,0.2,188.0,188.0,0.0,270.0,0.259,0.209,0.0,0.0,0.0,385.7
10386.0,0.2,0.0,0.2,0.2,188.0,188.0,0.0,270.0,0.259,0.209,0.0,0.0,0.0,385.7
10389.0,0.2,0.0,0.2,0.2,188.0,188.0,0.0,270.0,0.259,0.209,0.0,0.0,0.0,385.7
10392.0,0.2,0.0,0.2,0.2,188.0,188.0,0.0,270.0,0.259,0.209,0.0,0.0,0.0,385.7
10396.0,0.2,0.0,0.2,0.2,188.0,188.0,0.0,270.0,0.259,0.209,0.0,0.0,0.0,385.7
10399.0,0.2,0.0,0.2,0.2,188.0,188.0,0.0,270.0,0.259,0.209,0.0,0.0,0.0,385.7
10403.0,0.2,0.0,0.2,0.2,188.0,188.0,0.0,270.0,0.259,0.209,0.0,0.0,0.0,385.7
10406.0,0.2,0.0,0.2,0.2,188.0,188.0,0.0,270.0,0.259,0.209,0.0,0.0,0.0,385.7
10411.0,0.2,0.0,0.2,0.2,188.0,188.0,0.0,270.0,0.259,0.209,0.0,0.0,0.0,385.7
10415.0,0.2,0.0,0.2,0.2,188.0,188.0,0.0,270.0,0.259,0.209,0.0,0.0,0.0,385.7
10418.0,0.2,0.0,0.2,0.2,188.0,188.0,0.0,270.0,0.259,0.209,0.0,0.0,0.0,385.7
10422.0,0.2,0.0,0.2,0.2,188.0,188.0,0.0,270.0,0.259,0.209,0.0,0.0,0.0,385.7
10425.0,0.2,0.0,0.2,0.2,188.0,188.0,0.0,270.0,0.259,0.209,0.0,0.0,0.0,385.7
10429.0,0.2,0.0,0.2,0.2,188.0,188.0,0.0,270.0,0.259,0.209,0.0,0.0,0.0,385.7
10432.0,0.2,0.0,0.2,0.2,188.0,188.0,0.0,270.0,0.259,0.209,0.0,0.0,0.0,385.7
10435.0,0.2,0.0,0.2,0.2,188.0,188.0,0.0,270.0,0.259,0.209,0.0,0.0,0.0,385.7
10439.0,0.2,0.0,0.2,0.2,188.0,188.0,0.0,270.0,0.259,0.209,0.0,0.0,0.0,385.7
10442.0,0.2,0.0,0.2,0.2,188.0,188.0,0.0,270.0,0.259,0.209,0.0,0.0,0.0,385.7
10446.0,0.2,0.0,0.2,0.2,188.0,188.0,0.0,270.0,0.259,0.209,0.0,0.0,0.0,385.7
10449.0,0.2,0.0,0.2,0.2,188.0,188.0,0.0,270.0,0.259,0.209,0.0,0.0,0.0,385.7
10452.0,0.2,0.0,0.2,0.2,188.0,188.0,0.0,270.0,0.259,0.209,0.0,0.0,0.0,385.7
10456.0,0.2,0.0,0.2,0.2,188.0,188.0,0.0,270.0,0.259,0.209,0.0,0.0,0.0,385.7
10459.0,0.2,0.0,0.2,0.2,188.0,188.0,0.0,270.0,0.259,0.209,0.0,0.0,0.0,385.7
10463.0,0.2,0.0,0.2,0.2,188.0,188.0,0.0,270.0,0.259,0.209,0.0,0.0,0.0,385.7
10466.0,0.2,0.0,0.2,0.2,188.0,188.0,0.0,270.0,0.259,0.209,0.0,0.0,0.0,385.7
10469.0,0.2,0.0,0.2,0.2,188.0,188.0,0.0,270.0,0.259,0.209,0.0,0.0,0.0,385.7
10473.0,0.2,0.0,0.2,0.2,188.0,188.0,0.0,270.0,0.259,0.209,0.0,0.0,0.0,385.7
10476.0,0.2,0.0,0.2,0.2,188.0,188.0,0.0,270.0,0.259,0.209,0.0,0.0,0.0,385.7
10480.0,0.2,0.0,0.2,0.2,188.0,188.0,0.0,270.0,0.259,0.209,0.0,0.0,0.0,385.7
10483.0,0.2,0.0,0.2,0.2,188.0,188.0,0.0,270.0,0.259,0.209,0.0,0.0,0.0,385.7
10487.0,0.2,0.0,0.2,0.2,188.0,188.0,0.0,270.0,0.259,0.209,0.0,0.0,0.0,385.7
10490.0,0.2,0.0,0.2,0.2,188.0,188.0,0.0,270.0,0.259,0.209,0.0,0.0,0.0,385.7
10494.0,0.2,0.0,0.2,0.2,188.0,188.0,0.0,270.0,0.259,0.209,0.0,0.0,0.0,385.7
10497.0,0.2,0.0,0.2,0.2,188.0,188.0,0.0,270.0,0.259,0.209,0.0,0.0,0.0,385.7
10501.0,0.2,0.0,0.2,0.2,188.0,188.0,0.0,270.0,0.259,0.209,0.0,0.0,0.0,385.7
10507.0,0.2,0.0,0.2,0.2,188.0,188.0,314.5,433.1,0.199,0.199,-1.9996,-1.9996,449.2,502.9
10511.0,0.2,0.0,0.2,0.2,188.0,188.0,314.5,433.1,0.199,0.199,-1.9996,-1.9996,449.2,502.9
10515.0,0.2,0.0,0.2,0.2,188.0,188.0,314.5,433.1,0.199,0.199,-1.9996,-1.9996,449.2,502.9
10519.0,0.2,0.0,0.2,0.2,188.0,188.0,314.5,433.1,0.199,0.199,-1.9996,-1.9996,449.2,502.9
10523.0,0.2,0.0,0.2,0.2,188.0,188.0,314.5,433.1,0.199,0.199,-1.9996,-1.9996,449.2,502.9
10526.0,0.2,0.0,0.2,0.2,188.0,188.0,314.5,433.1,0.199,0.199,-1.9996,-1.9996,449.2,502.9
10530.0,0.2,0.0,0.2,0.2,188.0,188.0,314.5,433.1,0.199,0.199,-1.9996,-1.9996,449.2,502.9
10534.0,0.2,0.0,0.2,0.2,188.0,188.0,314.5,433.1,0.199,0.199,-1.9996,-1.9996,449.2,502.9
10537.0,0.2,0.0,0.2,0.2,188.0,188.0,314.5,433.1,0.199,0.199,-1.9996,-1.9996,449.2,502.9
10541.0,0.2,0.0,0.2,0.2,188.0,188.0,314.5,433.1,0.199,0.199,-1.9996,-1.9996,449.2,502.9
10545.0,0.2,0.0,0.2,0.2,188.0,188.0,314.5,433.1,0.199,0.199,-1.9996,-1.9996,449.2,502.9
10549.0,0.2,0.0,0.2,0.2,188.0,188.0,314.5,433.1,0.199,0.199,-1.9996,-1.9996,449.2,502.9
10552.0,0.2,0.0,0.2,0.2,188.0,188.0,314.5,433.1,0.199,0.199,-1.9996,-1.9996,449.2,502.9
10556.0,0.2,0.0,0.2,0.2,188.0,188.0,314.5,433.1,0.199,0.199,-1.9996,-1.9996,449.2,502.9
10560.0,0.2,0.0,0.2,0.2,188.0,188.0,314.5,433.1,0.199,0.199,-1.9996,-1.9996,449.2,502.9
10563.0,0.2,0.0,0.2,0.2,188.0,188.0,314.5,433.1,0.199,0.199,-1.9996,-1.9996,449.2,502.9
10567.0,0.2,0.0,0.2,0.2,188.0,188.0,314.5,433.1,0.199,0.199,-1.9996,-1.9996,449.2,502.9
10571.0,0.2,0.0,0.2,0.2,188.0,188.0,314.5,433.1,0.199,0.199,-1.9996,-1.9996,449.2,502.9
10574.0,0.2,0.0,0.2,0.2,188.0,188.0,314.5,433.1,0.199,0.199,-1.9996,-1.9996,449.2,502.9
10578.0,0.2,0.0,0.2,0.2,188.0,188.0,314.5,433.1,0.199,0.199,-1.9996,-1.9996,449.2,502.9
10582.0,0.2,0.0,0.2,0.2,188.0,188.0,314.5,433.1,0.199,0.199,-1.9996,-1.9996,449.2,502.9
10585.0,0.2,0.0,0.2,0.2,188.0,188.0,314.5,433.1,0.199,0.199,-1.9996,-1.9996,449.2,502.9
10589.0,0.2,0.0,0.2,0.2,188.0,188.0,314.5,433.1,0.199,0.199,-1.9996,-1.9996,449.2,502.9
10593.0,0.2,0.0,0.2,0.2,188.0,188.0,314.5,433.1,0.199,0.199,-1.9996,-1.9996,449.2,502.9
10597.0,0.2,0.0,0.2,0.2,188.0,188.0,314.5,433.1,0.199,0.199,-1.9996,-1.9996,449.2,502.9
10602.0,0.2,0.0,0.2,0.2,188.0,188.0,314.5,433.1,0.199,0.199,-1.9996,-1.9996,449.2,502.9
10605.0,0.2,0.0,0.2,0.2,188.0,188.0,314.5,433.1,0.199,0.199,-1.9996,-1.9996,449.2,502.9
10609.0,0.2,0.0,0.2,0.2,188.0,188.0,314.5,433.1,0.199,0.199,-1.9996,-1.9996,449.2,502.9
10613.0,0.2,0.0,0.2,0.2,188.0,188.0,314.5,433.1,0.199,0.199,-1.9996,-1.9996,449.2,502.9
10617.0,0.2,0.0,0.2,0.2,188.0,188.0,314.5,433.1,0.199,0.199,-1.9996,-1.9996,449.2,502.9
10620.0,0.2,0.0,0.2,0.2,188.0,188.0,314.5,433.1,0.199,0.199,-1.9996,-1.9996,449.2,502.9
10625.0,0.2,0.0,0.2,0.2,188.0,188.0,314.5,433.1,0.199,0.199,-1.9996,-1.9996,449.2,502.9
10629.0,0.2,0.0,0.2,0.2,188.0,188.0,314.5,433.1,0.199,0.199,-1.9996,-1.9996,449.2,502.9
10633.0,0.2,0.0,0.2,0.2,188.0,188.0,314.5,433.1,0.199,0.199,-1.9996,-1.9996,449.2,502.9
10637.0,0.2,0.0,0.2,0.2,188.0,188.0,314.5,433.1,0.199,0.199,-1.9996,-1.9996,449.2,502.9
10640.0,0.2,0.0,0.2,0.2,188.0,188.0,314.5,433.1,0.199,0.199,-1.9996,-1.9996,449.2,502.9
10644.0,0.2,0.0,0.2,0.2,188.0,188.0,314.5,433.1,0.199,0.199,-1.9996,-1.9996,449.2,502.9
10648.0,0.2,0.0,0.2,0.2,188.0,188.0,314.5,433.1,0.199,0.199,-1.9996,-1.9996,449.2,502.9
10651.0,0.2,0.0,0.2,0.2,188.0,188.0,314.5,433.1,0.199,0.199,-1.9996,-1.9996,449.2,502.9
10655.0,0.2,0.0,0.2,0.2,188.0,188.0,314.5,433.1,0.199,0.199,-1.9996,-1.9996,449.2,502.9
10659.0,0.2,0.0,0.2,0.2,188.0,188.0,314.5,433.1,0.199,0.199,-1.9996,-1.9996,449.2,502.9
10662.0,0.2,0.0,0.2,0.2,188.0,188.0,314.5,433.1,0.199,0.199,-1.9996,-1.9996,449.2,502.9
10666.0,0.2,0.0,0.2,0.2,188.0,188.0,314.5,433.1,0.199,0.199,-1.9996,-1.9996,449.2,502.9
10670.0,0.2,0.0,0.2,0.2,188.0,188.0,314.5,433.1,0.199,0.199,-1.9996,-1.9996,449.2,502.9
10673.0,0.2,0.0,0.2,0.2,188.0,188.0,314.5,433.1,0.199,0.199,-1.9996,-1.9996,449.2,502.9
10677.0,0.2,0.0,0.2,0.2,188.0,188.0,314.5,433.1,0.199,0.199,-1.9996,-1.9996,449.2,502.9
10681.0,0.2,0.0,0.2,0.2,188.0,188.0,314.5,433.1,0.199,0.199,-1.9996,-1.9996,449.2,502.9
10684.0,0.2,0.0,0.2,0.2,188.0,188.0,314.5,433.1,0.199,0.199,-1.9996,-1.9996,449.2,502.9
10688.0,0.2,0.0,0.2,0.2,188.0,188.0,314.5,433.1,0.199,0.199,-1.9996,-1.9996,449.2,502.9
10694.0,0.2,0.0,0.2,0.2,188.0,188.0,419.0,464.9,0.199,0.199,-1.9996,-1.9996,463.9,478.5
10698.0,0.2,0.0,0.2,0.2,188.0,188.0,419.0,464.9,0.199,0.199,-1.9996,-1.9996,463.9,478.5
10702.0,0.2,0.0,0.2,0.2,188.0,188.0,419.0,464.9,0.199,0.199,-1.9996,-1.9996,463.9,478.5
10705.0,0.2,0.0,0.2,0.2,188.0,188.0,419.0,464.9,0.199,0.199,-1.9996,-1.9996,463.9,478.5
10709.0,0.2,0.0,0.2,0.2,188.0,188.0,419.0,464.9,0.199,0.199,-1.9996,-1.9996,463.9,478.5
10713.0,0.2,0.0,0.2,0.2,188.0,188.0,419.0,464.9,0.199,0.199,-1.9996,-1.9996,463.9,478.5
10716.0,0.2,0.0,0.2,0.2,188.0,188.0,419.0,464.9,0.199,0.199,-1.9996,-1.9996,463.9,478.5
10720.0,0.2,0.0,0.2,0.2,188.0,188.0,419.0,464.9,0.199,0.199,-1.9996,-1.9996,463.9,478.5
10724.0,0.2,0.0,0.2,0.2,188.0,188.0,419.0,464.9,0.199,0.199,-1.9996,-1.9996,463.9,478.5
10728.0,0.2,0.0,0.2,0.2,188.0,188.0,419.0,464.9,0.199,0.199,-1.9996,-1.9996,463.9,478.5
10731.0,0.2,0.0,0.2,0.2,188.0,188.0,419.0,464.9,0.199,0.199,-1.9996,-1.9996,463.9,478.5
10735.0,0.2,0.0,0.2,0.2,188.0,188.0,419.0,464.9,0.199,0.199,-1.9996,-1.9996,463.9,478.5
10739.0,0.2,0.0,0.2,0.2,188.0,188.0,419.0,464.9,0.199,0.199,-1.9996,-1.9996,463.9,478.5
10742.0,0.2,0.0,0.2,0.2,188.0,188.0,419.0,464.9,0.199,0.199,-1.9996,-1.9996,463.9,478.5
10747.0,0.2,0.0,0.2,0.2,188.0,188.0,419.0,464.9,0.199,0.199,-1.9996,-1.9996,463.9,478.5
10751.0,0.2,0.0,0.2,0.2,188.0,188.0,419.0,464.9,0.199,0.199,-1.9996,-1.9996,463.9,478.5
10755.0,0.2,0.0,0.2,0.2,188.0,188.0,419.0,464.9,0.199,0.199,-1.9996,-1.9996,463.9,478.5
10759.0,0.2,0.0,0.2,0.2,188.0,188.0,419.0,464.9,0.199,0.199,-1.9996,-1.9996,463.9,478.5
10762.0,0.2,0.0,0.2,0.2,188.0,188.0,419.0,464.9,0.199,0.199,-1.9996,-1.9996,463.9,478.5
10766.0,0.2,0.0,0.2,0.2,188.0,188.0,419.0,464.9,0.199,0.199,-1.9996,-1.9996,463.9,478.5
10770.0,0.2,0.0,0.2,0.2,188.0,188.0,419.0,464.9,0.199,0.199,-1.9996,-1.9996,463.9,478.5
10773.0,0.2,0.0,0.2,0.2,188.0,188.0,419.0,464.9,0.199,0.199,-1.9996,-1.9996,463.9,478.5
10777.0,0.2,0.0,0.2,0.2,188.0,188.0,419.0,464.9,0.199,0.199,-1.9996,-1.9996,463.9,478.5
10781.0,0.2,0.0,0.2,0.2,188.0,188.0,419.0,464.9,0.199,0.199,-1.9996,-1.9996,463.9,478.5
10784.0,0.2,0.0,0.2,0.2,188.0,188.0,419.0,464.9,0.199,0.199,-1.9996,-1.9996,463.9,478.5
10790.0,0.2,0.0,0.2,0.2,188.0,188.0,419.0,464.9,0.199,0.199,-1.9996,-1.9996,463.9,478.5
10793.0,0.2,0.0,0.2,0.2,188.0,188.0,419.0,464.9,0.199,0.199,-1.9996,-1.9996,463.9,478.5
10797.0,0.2,0.0,0.2,0.2,188.0,188.0,419.0,464.9,0.199,0.199,-1.9996,-1.9996,463.9,478.5
10801.0,0.2,0.0,0.2,0.2,188.0,188.0,419.0,464.9,0.199,0.199,-1.9996,-1.9996,463.9,478.5
10804.0,0.2,0.0,0.2,0.2,188.0,188.0,419.0,464.9,0.199,0.199,-1.9996,-1.9996,463.9,478.5
10808.0,0.2,0.0,0.2,0.2,188.0,188.0,419.0,464.9,0.199,0.199,-1.9996,-1.9996,463.9,478.5
10812.0,0.2,0.0,0.2,0.2,188.0,188.0,419.0,464.9,0.199,0.199,-1.9996,-1.9996,463.9,478.5
10815.0,0.2,0.0,0.2,0.2,188.0,188.0,419.0,464.9,0.199,0.199,-1.9996,-1.9996,463.9,478.5
10819.0,0.2,0.0,0.2,0.2,188.0,188.0,419.0,464.9,0.199,0.199,-1.9996,-1.9996,463.9,478.5
10823.0,0.2,0.0,0.2,0.2,188.0,188.0,419.0,464.9,0.199,0.199,-1.9996,-1.9996,463.9,478.5
10827.0,0.2,0.0,0.2,0.2,188.0,188.0,419.0,464.9,0.199,0.199,-1.9996,-1.9996,463.9,478.5
10830.0,0.2,0.0,0.2,0.2,188.0,188.0,419.0,464.9,0.199,0.199,-1.9996,-1.9996,463.9,478.5
10834.0,0.2,0.0,0.2,0.2,188.0,188.0,419.0,464.9,0.199,0.199,-1.9996,-1.9996,463.9,478.5
10838.0,0.2,0.0,0.2,0.2,188.0,188.0,419.0,464.9,0.199,0.199,-1.9996,-1.9996,463.9,478.5
10841.0,0.2,0.0,0.2,0.2,188.0,188.0,419.0,464.9,0.199,0.199,-1.9996,-1.9996,463.9,478.5
10845.0,0.2,0.0,0.2,0.2,188.0,188.0,419.0,464.9,0.199,0.199,-1.9996,-1.9996,463.9,478.5
10849.0,0.2,0.0,0.2,0.2,188.0,188.0,419.0,464.9,0.199,0.199,-1.9996,-1.9996,463.9,478.5
10853.0,0.2,0.0,0.2,0.2,188.0,188.0,419.0,464.9,0.199,0.199,-1.9996,-1.9996,463.9,478.5
10856.0,0.2,0.0,0.2,0.2,188.0,188.0,419.0,464.9,0.199,0.199,-1.9996,-1.9996,463.9,478.5
10860.0,0.2,0.0,0.2,0.2,188.0,188.0,419.0,464.9,0.199,0.199,-1.9996,-1.9996,463.9,478.5
10864.0,0.2,0.0,0.2,0.2,188.0,188.0,419.0,464.9,0.199,0.199,-1.9996,-1.9996,463.9,478.5
10868.0,0.2,0.0,0.2,0.2,188.0,188.0,419.0,464.9,0.199,0.199,-1.9996,-1.9996,463.9,478.5
10872.0,0.2,0.0,0.2,0.2,188.0,188.0,419.0,464.9,0.199,0.199,-1.9996,-1.9996,463.9,478.5
10876.0,0.2,0.0,0.2,0.2,188.0,188.0,419.0,464.9,0.199,0.199,-1.9996,-1.9996,463.9,478.5
10881.0,0.2,0.0,0.2,0.2,188.0,188.0,440.2,460.8,0.199,0.199,-1.9996,-1.9996,449.2,459.0
10886.0,0.2,0.0,0.2,0.2,188.0,188.0,440.2,460.8,0.199,0.199,-1.9996,-1.9996,449.2,459.0
10890.0,0.2,0.0,0.2,0.2,188.0,188.0,440.2,460.8,0.199,0.199,-1.9996,-1.9996,449.2,459.0
10893.0,0.2,0.0,0.2,0.2,188.0,188.0,440.2,460.8,0.199,0.199,-1.9996,-1.9996,449.2,459.0
10897.0,0.2,0.0,0.2,0.2,188.0,188.0,440.2,460.8,0.199,0.199,-1.9996,-1.9996,449.2,459.0
10901.0,0.2,0.0,0.2,0.2,188.0,188.0,440.2,460.8,0.199,0.199,-1.9996,-1.9996,449.2,459.0
10904.0,0.2,0.0,0.2,0.2,188.0,188.0,440.2,460.8,0.199,0.199,-1.9996,-1.9996,449.2,459.0
10908.0,0.2,0.0,0.2,0.2,188.0,188.0,440.2,460.8,0.199,0.199,-1.9996,-1.9996,449.2,459.0
10912.0,0.2,0.0,0.2,0.2,188.0,188.0,440.2,460.8,0.199,0.199,-1.9996,-1.9996,449.2,459.0
10916.0,0.2,0.0,0.2,0.2,188.0,188.0,440.2,460.8,0.199,0.199,-1.9996,-1.9996,449.2,459.0
10919.0,0.2,0.0,0.2,0.2,188.0,188.0,440.2,460.8,0.199,0.199,-1.9996,-1.9996,449.2,459.0
10923.0,0.2,0.0,0.2,0.2,188.0,188.0,440.2,460.8,0.199,0.199,-1.9996,-1.9996,449.2,459.0
10927.0,0.2,0.0,0.2,0.2,188.0,188.0,440.2,460.8,0.199,0.199,-1.9996,-1.9996,449.2,459.0
10930.0,0.2,0.0,0.2,0.2,188.0,188.0,440.2,460.8,0.199,0.199,-1.9996,-1.9996,449.2,459.0
10934.0,0.2,0.0,0.2,0.2,188.0,188.0,440.2,460.8,0.199,0.199,-1.9996,-1.9996,449.2,459.0
10938.0,0.2,0.0,0.2,0.2,188.0,188.0,440.2,460.8,0.199,0.199,-1.9996,-1.9996,449.2,459.0
10941.0,0.2,0.0,0.2,0.2,188.0,188.0,440.2,460.8,0.199,0.199,-1.9996,-1.9996,449.2,459.0
10945.0,0.2,0.0,0.2,0.2,188.0,188.0,440.2,460.8,0.199,0.199,-1.9996,-1.9996,449.2,459.0
10949.0,0.2,0.0,0.2,0.2,188.0,188.0,440.2,460.8,0.199,0.199,-1.9996,-1.9996,449.2,459.0
10952.0,0.2,0.0,0.2,0.2,188.0,188.0,440.2,460.8,0.199,0.199,-1.9996,-1.9996,449.2,459.0
10957.0,0.2,0.0,0.2,0.2,188.0,188.0,440.2,460.8,0.199,0.199,-1.9996,-1.9996,449.2,459.0
10960.0,0.2,0.0,0.2,0.2,188.0,188.0,440.2,460.8,0.199,0.199,-1.9996,-1.9996,449.2,459.0
10964.0,0.2,0.0,0.2,0.2,188.0,188.0,440.2,460.8,0.199,0.199,-1.9996,-1.9996,449.2,459.0
10968.0,0.2,0.0,0.2,0.2,188.0,188.0,440.2,460.8,0.199,0.199,-1.9996,-1.9996,449.2,459.0
10972.0,0.2,0.0,0.2,0.2,188.0,188.0,440.2,460.8,0.199,0.199,-1.9996,-1.9996,449.2,459.0
10977.0,0.2,0.0,0.2,0.2,188.0,188.0,440.2,460.8,0.199,0.199,-1.9996,-1.9996,449.2,459.0
10981.0,0.2,0.0,0.2,0.2,188.0,188.0,440.2,460.8,0.199,0.199,-1.9996,-1.9996,449.2,459.0
10985.0,0.2,0.0,0.2,0.2,188.0,188.0,440.2,460.8,0.199,0.199,-1.9996,-1.9996,449.2,459.0
10989.0,0.2,0.0,0.2,0.2,188.0,188.0,440.2,460.8,0.199,0.199,-1.9996,-1.9996,449.2,459.0
10993.0,0.2,0.0,0.2,0.2,188.0,188.0,440.2,460.8,0.199,0.199,-1.9996,-1.9996,449.2,459.0
10997.0,0.2,0.0,0.2,0.2,188.0,188.0,440.2,460.8,0.199,0.199,-1.9996,-1.9996,449.2,459.0
11001.0,0.2,0.0,0.2,0.2,188.0,188.0,440.2,460.8,0.199,0.199,-1.9996,-1.9996,449.2,459.0
11005.0,0.2,0.0,0.2,0.2,188.0,188.0,440.2,460.8,0.199,0.199,-1.9996,-1.9996,449.2,459.0
11008.0,0.2,0.0,0.2,0.2,188.0,188.0,440.2,460.8,0.199,0.199,-1.9996,-1.9996,449.2,459.0
11012.0,0.2,0.0,0.2,0.2,188.0,188.0,440.2,460.8,0.199,0.199,-1.9996,-1.9996,449.2,459.0
11016.0,0.2,0.0,0.2,0.2,188.0,188.0,440.2,460.8,0.199,0.199,-1.9996,-1.9996,449.2,459.0
11019.0,0.2,0.0,0.2,0.2,188.0,188.0,440.2,460.8,0.199,0.199,-1.9996,-1.9996,449.2,459.0
11023.0,0.2,0.0,0.2,0.2,188.0,188.0,440.2,460.8,0.199,0.199,-1.9996,-1.9996,449.2,459.0
11027.0,0.2,0.0,0.2,0.2,188.0,188.0,440.2,460.8,0.199,0.199,-1.9996,-1.9996,449.2,459.0
11031.0,0.2,0.0,0.2,0.2,188.0,188.0,440.2,460.8,0.199,0.199,-1.9996,-1.9996,449.2,459.0
11034.0,0.2,0.0,0.2,0.2,188.0,188.0,440.2,460.8,0.199,0.199,-1.9996,-1.9996,449.2,459.0
11038.0,0.2,0.0,0.2,0.2,188.0,188.0,440.2,460.8,0.199,0.199,-1.9996,-1.9996,449.2,459.0
11041.0,0.2,0.0,0.2,0.2,188.0,188.0,440.2,460.8,0.199,0.199,-1.9996,-1.9996,449.2,459.0
11045.0,0.2,0.0,0.2,0.2,188.0,188.0,440.2,460.8,0.199,0.199,-1.9996,-1.9996,449.2,459.0
11049.0,0.2,0.0,0.2,0.2,188.0,188.0,440.2,460.8,0.199,0.199,-1.9996,-1.9996,449.2,459.0
11052.0,0.2,0.0,0.2,0.2,188.0,188.0,440.2,460.8,0.199,0.199,-1.9996,-1.9996,449.2,459.0
11056.0,0.2,0.0,0.2,0.2,188.0,188.0,440.2,460.8,0.199,0.199,-1.9996,-1.9996,449.2,459.0
11060.0,0.2,0.0,0.2,0.2,188.0,188.0,440.2,460.8,0.199,0.199,-1.9996,-1.9996,449.2,459.0
11063.0,0.2,0.0,0.2,0.2,188.0,188.0,440.2,460.8,0.199,0.199,-1.9996,-1.9996,449.2,459.0
11067.0,0.2,0.0,0.2,0.2,188.0,188.0,440.2,460.8,0.199,0.199,-1.9996,-1.9996,449.2,459.0
11073.0,0.2,0.0,0.2,0.2,188.0,188.0,460.2,469.8,0.199,0.199,-1.9996,-1.9996,468.8,473.6
11078.0,0.2,0.0,0.2,0.2,188.0,188.0,460.2,469.8,0.199,0.199,-1.9996,-1.9996,468.8,473.6
11083.0,0.2,0.0,0.2,0.2,188.0,188.0,460.2,469.8,0.199,0.199,-1.9996,-1.9996,468.8,473.6
11087.0,0.2,0.0,0.2,0.2,188.0,188.0,460.2,469.8,0.199,0.199,-1.9996,-1.9996,468.8,473.6
11091.0,0.2,0.0,0.2,0.2,188.0,188.0,460.2,469.8,0.199,0.199,-1.9996,-1.9996,468.8,473.6
11096.0,0.2,0.0,0.2,0.2,188.0,188.0,460.2,469.8,0.199,0.199,-1.9996,-1.9996,468.8,473.6
11101.0,0.2,0.0,0.2,0.2,188.0,188.0,460.2,469.8,0.199,0.199,-1.9996,-1.9996,468.8,473.6
11105.0,0.2,0.0,0.2,0.2,188.0,188.0,460.2,469.8,0.199,0.199,-1.9996,-1.9996,468.8,473.6
11110.0,0.2,0.0,0.2,0.2,188.0,188.0,460.2,469.8,0.199,0.199,-1.9996,-1.9996,468.8,473.6
11115.0,0.2,0.0,0.2,0.2,188.0,188.0,460.2,469.8,0.199,0.199,-1.9996,-1.9996,468.8,473.6
11120.0,0.2,0.0,0.2,0.2,188.0,188.0,460.2,469.8,0.199,0.199,-1.9996,-1.9996,468.8,473.6
11124.0,0.2,0.0,0.2,0.2,188.0,188.0,460.2,469.8,0.199,0.199,-1.9996,-1.9996,468.8,473.6
11129.0,0.2,0.0,0.2,0.2,188.0,188.0,460.2,469.8,0.199,0.199,-1.9996,-1.9996,468.8,473.6
11133.0,0.2,0.0,0.2,0.2,188.0,188.0,460.2,469.8,0.199,0.199,-1.9996,-1.9996,468.8,473.6
11137.0,0.2,0.0,0.2,0.2,188.0,188.0,460.2,469.8,0.199,0.199,-1.9996,-1.9996,468.8,473.6
11142.0,0.2,0.0,0.2,0.2,188.0,188.0,460.2,469.8,0.199,0.199,-1.9996,-1.9996,468.8,473.6
11146.0,0.2,0.0,0.2,0.2,188.0,188.0,460.2,469.8,0.199,0.199,-1.9996,-1.9996,468.8,473.6
11151.0,0.2,0.0,0.2,0.2,188.0,188.0,460.2,469.8,0.199,0.199,-1.9996,-1.9996,468.8,473.6
11155.0,0.2,0.0,0.2,0.2,188.0,188.0,460.2,469.8,0.199,0.199,-1.9996,-1.9996,468.8,473.6
11160.0,0.2,0.0,0.2,0.2,188.0,188.0,460.2,469.8,0.199,0.199,-1.9996,-1.9996,468.8,473.6
11164.0,0.2,0.0,0.2,0.2,188.0,188.0,460.2,469.8,0.199,0.199,-1.9996,-1.9996,468.8,473.6
11170.0,0.2,0.0,0.2,0.2,188.0,188.0,460.2,469.8,0.199,0.199,-1.9996,-1.9996,468.8,473.6
11175.0,0.2,0.0,0.2,0.2,188.0,188.0,460.2,469.8,0.199,0.199,-1.9996,-1.9996,468.8,473.6
11179.0,0.2,0.0,0.2,0.2,188.0,188.0,460.2,469.8,0.199,0.199,-1.9996,-1.9996,468.8,473.6
11184.0,0.2,0.0,0.2,0.2,188.0,188.0,460.2,469.8,0.199,0.199,-1.9996,-1.9996,468.8,473.6
11188.0,0.2,0.0,0.2,0.2,188.0,188.0,460.2,469.8,0.199,0.199,-1.9996,-1.9996,468.8,473.6
11193.0,0.2,0.0,0.2,0.2,188.0,188.0,460.2,469.8,0.199,0.199,-1.9996,-1.9996,468.8,473.6
11197.0,0.2,0.0,0.2,0.2,188.0,188.0,460.2,469.8,0.199,0.199,-1.9996,-1.9996,468.8,473.6
11202.0,0.2,0.0,0.2,0.2,188.0,188.0,460.2,469.8,0.199,0.199,-1.9996,-1.9996,468.8,473.6
11206.0,0.2,0.0,0.2,0.2,188.0,188.0,460.2,469.8,0.199,0.199,-1.9996,-1.9996,468.8,473.6
11211.0,0.2,0.0,0.2,0.2,188.0,188.0,460.2,469.8,0.199,0.199,-1.9996,-1.9996,468.8,473.6
11215.0,0.2,0.0,0.2,0.2,188.0,188.0,460.2,469.8,0.199,0.199,-1.9996,-1.9996,468.8,473.6
11219.0,0.2,0.0,0.2,0.2,188.0,188.0,460.2,469.8,0.199,0.199,-1.9996,-1.9996,468.8,473.6
11224.0,0.2,0.0,0.2,0.2,188.0,188.0,460.2,469.8,0.199,0.199,-1.9996,-1.9996,468.8,473.6
11228.0,0.2,0.0,0.2,0.2,188.0,188.0,460.2,469.8,0.199,0.199,-1.9996,-1.9996,468.8,473.6
11234.0,0.2,0.0,0.2,0.2,188.0,188.0,460.2,469.8,0.199,0.199,-1.9996,-1.9996,468.8,473.6
11239.0,0.2,0.0,0.2,0.2,188.0,188.0,460.2,469.8,0.199,0.199,-1.9996,-1.9996,468.8,473.6
11243.0,0.2,0.0,0.2,0.2,188.0,188.0,460.2,469.8,0.199,0.199,-1.9996,-1.9996,468.8,473.6
11247.0,0.2,0.0,0.2,0.2,188.0,188.0,460.2,469.8,0.199,0.199,-1.9996,-1.9996,468.8,473.6
11252.0,0.2,0.0,0.2,0.2,188.0,188.0,460.2,469.8,0.199,0.199,-1.9996,-1.9996,468.8,473.6
11257.0,0.2,0.0,0.2,0.2,188.0,188.0,460.2,469.8,0.199,0.199,-1.9996,-1.9996,468.8,473.6
11263.0,0.2,0.0,0.2,0.2,188.0,188.0,401.2,421.2,0.199,0.199,-1.9996,-1.9996,376.0,400.4
11267.0,0.2,0.0,0.2,0.2,188.0,188.0,401.2,421.2,0.199,0.199,-1.9996,-1.9996,376.0,400.4
11271.0,0.2,0.0,0.2,0.2,188.0,188.0,401.2,421.2,0.199,0.199,-1.9996,-1.9996,376.0,400.4
11275.0,0.2,0.0,0.2,0.2,188.0,188.0,401.2,421.2,0.199,0.199,-1.9996,-1.9996,376.0,400.4
11278.0,0.2,0.0,0.2,0.2,188.0,188.0,401.2,421.2,0.199,0.199,-1.9996,-1.9996,376.0,400.4
11282.0,0.2,0.0,0.2,0.2,188.0,188.0,401.2,421.2,0.199,0.199,-1.9996,-1.9996,376.0,400.4
11286.0,0.2,0.0,0.2,0.2,188.0,188.0,401.2,421.2,0.199,0.199,-1.9996,-1.9996,376.0,400.4
11290.0,0.2,0.0,0.2,0.2,188.0,188.0,401.2,421.2,0.199,0.199,-1.9996,-1.9996,376.0,400.4
11293.0,0.2,0.0,0.2,0.2,188.0,188.0,401.2,421.2,0.199,0.199,-1.9996,-1.9996,376.0,400.4
11297.0,0.2,0.0,0.2,0.2,188.0,188.0,401.2,421.2,0.199,0.199,-1.9996,-1.9996,376.0,400.4
11301.0,0.2,0.0,0.2,0.2,188.0,188.0,401.2,421.2,0.199,0.199,-1.9996,-1.9996,376.0,400.4
11304.0,0.2,0.0,0.2,0.2,188.0,188.0,401.2,421.2,0.199,0.199,-1.9996,-1.9996,376.0,400.4
11308.0,0.2,0.0,0.2,0.2,188.0,188.0,401.2,421.2,0.199,0.199,-1.9996,-1.9996,376.0,400.4
11311.0,0.2,0.0,0.2,0.2,188.0,188.0,401.2,421.2,0.199,0.199,-1.9996,-1.9996,376.0,400.4
11315.0,0.2,0.0,0.2,0.2,188.0,188.0,401.2,421.2,0.199,0.199,-1.9996,-1.9996,376.0,400.4
11319.0,0.2,0.0,0.2,0.2,188.0,188.0,401.2,421.2,0.199,0.199,-1.9996,-1.9996,376.0,400.4
11322.0,0.2,0.0,0.2,0.2,188.0,188.0,401.2,421.2,0.199,0.199,-1.9996,-1.9996,376.0,400.4
11326.0,0.2,0.0,0.2,0.2,188.0,188.0,401.2,421.2,0.199,0.199,-1.9996,-1.9996,376.0,400.4
11330.0,0.2,0.0,0.2,0.2,188.0,188.0,401.2,421.2,0.199,0.199,-1.9996,-1.9996,376.0,400.4
11333.0,0.2,0.0,0.2,0.2,188.0,188.0,401.2,421.2,0.199,0.199,-1.9996,-1.9996,376.0,400.4
11337.0,0.2,0.0,0.2,0.2,188.0,188.0,401.2,421.2,0.199,0.199,-1.9996,-1.9996,376.0,400.4
11341.0,0.2,0.0,0.2,0.2,188.0,188.0,401.2,421.2,0.199,0.199,-1.9996,-1.9996,376.0,400.4
11345.0,0.2,0.0,0.2,0.2,188.0,188.0,401.2,421.2,0.199,0.199,-1.9996,-1.9996,376.0,400.4
11348.0,0.2,0.0,0.2,0.2,188.0,188.0,401.2,421.2,0.199,0.199,-1.9996,-1.9996,376.0,400.4
11352.0,0.2,0.0,0.2,0.2,188.0,188.0,401.2,421.2,0.199,0.199,-1.9996,-1.9996,376.0,400.4
11358.0,0.2,0.0,0.2,0.2,188.0,188.0,401.2,421.2,0.199,0.199,-1.9996,-1.9996,376.0,400.4
11362.0,0.2,0.0,0.2,0.2,188.0,188.0,401.2,421.2,0.199,0.199,-1.9996,-1.9996,376.0,400.4
11366.0,0.2,0.0,0.2,0.2,188.0,188.0,401.2,421.2,0.199,0.199,-1.9996,-1.9996,376.0,400.4
11370.0,0.2,0.0,0.2,0.2,188.0,188.0,401.2,421.2,0.199,0.199,-1.9996,-1.9996,376.0,400.4
11373.0,0.2,0.0,0.2,0.2,188.0,188.0,401.2,421.2,0.199,0.199,-1.9996,-1.9996,376.0,400.4
11377.0,0.2,0.0,0.2,0.2,188.0,188.0,401.2,421.2,0.199,0.199,-1.9996,-1.9996,376.0,400.4
11381.0,0.2,0.0,0.2,0.2,188.0,188.0,401.2,421.2,0.199,0.199,-1.9996,-1.9996,376.0,400.4
11385.0,0.2,0.0,0.2,0.2,188.0,188.0,401.2,421.2,0.199,0.199,-1.9996,-1.9996,376.0,400.4
11388.0,0.2,0.0,0.2,0.2,188.0,188.0,401.2,421.2,0.199,0.199,-1.9996,-1.9996,376.0,400.4
11392.0,0.2,0.0,0.2,0.2,188.0,188.0,401.2,421.2,0.199,0.199,-1.9996,-1.9996,376.0,400.4
11396.0,0.2,0.0,0.2,0.2,188.0,188.0,401.2,421.2,0.199,0.199,-1.9996,-1.9996,376.0,400.4
11399.0,0.2,0.0,0.2,0.2,188.0,188.0,401.2,421.2,0.199,0.199,-1.9996,-1.9996,376.0,400.4
11403.0,0.2,0.0,0.2,0.2,188.0,188.0,401.2,421.2,0.199,0.199,-1.9996,-1.9996,376.0,400.4
11407.0,0.2,0.0,0.2,0.2,188.0,188.0,401.2,421.2,0.199,0.199,-1.9996,-1.9996,376.0,400.4
11410.0,0.2,0.0,0.2,0.2,188.0,188.0,401.2,421.2,0.199,0.199,-1.9996,-1.9996,376.0,400.4
11414.0,0.2,0.0,0.2,0.2,188.0,188.0,401.2,421.2,0.199,0.199,-1.9996,-1.9996,376.0,400.4
11418.0,0.2,0.0,0.2,0.2,188.0,188.0,401.2,421.2,0.199,0.199,-1.9996,-1.9996,376.0,400.4
11422.0,0.2,0.0,0.2,0.2,188.0,188.0,401.2,421.2,0.199,0.199,-1.9996,-1.9996,376.0,400.4
11425.0,0.2,0.0,0.2,0.2,188.0,188.0,401.2,421.2,0.199,0.199,-1.9996,-1.9996,376.0,400.4
11429.0,0.2,0.0,0.2,0.2,188.0,188.0,401.2,421.2,0.199,0.199,-1.9996,-1.9996,376.0,400.4
11433.0,0.2,0.0,0.2,0.2,188.0,188.0,401.2,421.2,0.199,0.199,-1.9996,-1.9996,376.0,400.4
11436.0,0.2,0.0,0.2,0.2,188.0,188.0,401.2,421.2,0.199,0.199,-1.9996,-1.9996,376.0,400.4
11440.0,0.2,0.0,0.2,0.2,188.0,188.0,401.2,421.2,0.199,0.199,-1.9996,-1.9996,376.0,400.4
11444.0,0.2,0.0,0.2,0.2,188.0,188.0,401.2,421.2,0.199,0.199,-1.9996,-1.9996,376.0,400.4
11447.0,0.2,0.0,0.2,0.2,188.0,188.0,401.2,421.2,0.199,0.199,-1.9996,-1.9996,376.0,400.4
11453.0,0.2,0.0,0.2,0.2,188.0,188.0,448.5,454.5,0.199,0.199,-1.9996,-1.9996,468.8,468.8
11458.0,0.2,0.0,0.2,0.2,188.0,188.0,448.5,454.5,0.199,0.199,-1.9996,-1.9996,468.8,468.8
11463.0,0.2,0.0,0.2,0.2,188.0,188.0,448.5,454.5,0.199,0.199,-1.9996,-1.9996,468.8,468.8
11468.0,0.2,0.0,0.2,0.2,188.0,188.0,448.5,454.5,0.199,0.199,-1.9996,-1.9996,468.8,468.8
11473.0,0.2,0.0,0.2,0.2,188.0,188.0,448.5,454.5,0.199,0.199,-1.9996,-1.9996,468.8,468.8
11478.0,0.2,0.0,0.2,0.2,188.0,188.0,448.5,454.5,0.199,0.199,-1.9996,-1.9996,468.8,468.8
11484.0,0.2,0.0,0.2,0.2,188.0,188.0,448.5,454.5,0.199,0.199,-1.9996,-1.9996,468.8,468.8
11488.0,0.2,0.0,0.2,0.2,188.0,188.0,448.5,454.5,0.199,0.199,-1.9996,-1.9996,468.8,468.8
11493.0,0.2,0.0,0.2,0.2,188.0,188.0,448.5,454.5,0.199,0.199,-1.9996,-1.9996,468.8,468.8
11498.0,0.2,0.0,0.2,0.2,188.0,188.0,448.5,454.5,0.199,0.199,-1.9996,-1.9996,468.8,468.8
11502.0,0.2,0.0,0.2,0.2,188.0,188.0,448.5,454.5,0.199,0.199,-1.9996,-1.9996,468.8,468.8
11507.0,0.2,0.0,0.2,0.2,188.0,188.0,448.5,454.5,0.199,0.199,-1.9996,-1.9996,468.8,468.8
11512.0,0.2,0.0,0.2,0.2,188.0,188.0,448.5,454.5,0.199,0.199,-1.9996,-1.9996,468.8,468.8
11517.0,0.2,0.0,0.2,0.2,188.0,188.0,448.5,454.5,0.199,0.199,-1.9996,-1.9996,468.8,468.8
11521.0,0.2,0.0,0.2,0.2,188.0,188.0,448.5,454.5,0.199,0.199,-1.9996,-1.9996,468.8,468.8
11526.0,0.2,0.0,0.2,0.2,188.0,188.0,448.5,454.5,0.199,0.199,-1.9996,-1.9996,468.8,468.8
11531.0,0.2,0.0,0.2,0.2,188.0,188.0,448.5,454.5,0.199,0.199,-1.9996,-1.9996,468.8,468.8
11536.0,0.2,0.0,0.2,0.2,188.0,188.0,448.5,454.5,0.199,0.199,-1.9996,-1.9996,468.8,468.8
11540.0,0.2,0.0,0.2,0.2,188.0,188.0,448.5,454.5,0.199,0.199,-1.9996,-1.9996,468.8,468.8
11545.0,0.2,0.0,0.2,0.2,188.0,188.0,448.5,454.5,0.199,0.199,-1.9996,-1.9996,468.8,468.8
11552.0,0.2,0.0,0.2,0.2,188.0,188.0,448.5,454.5,0.199,0.199,-1.9996,-1.9996,468.8,468.8
11556.0,0.2,0.0,0.2,0.2,188.0,188.0,448.5,454.5,0.199,0.199,-1.9996,-1.9996,468.8,468.8
11561.0,0.2,0.0,0.2,0.2,188.0,188.0,448.5,454.5,0.199,0.199,-1.9996,-1.9996,468.8,468.8
11566.0,0.2,0.0,0.2,0.2,188.0,188.0,448.5,454.5,0.199,0.199,-1.9996,-1.9996,468.8,468.8
11570.0,0.2,0.0,0.2,0.2,188.0,188.0,448.5,454.5,0.199,0.199,-1.9996,-1.9996,468.8,468.8
11575.0,0.2,0.0,0.2,0.2,188.0,188.0,448.5,454.5,0.199,0.199,-1.9996,-1.9996,468.8,468.8
11580.0,0.2,0.0,0.2,0.2,188.0,188.0,448.5,454.5,0.199,0.199,-1.9996,-1.9996,468.8,468.8
11585.0,0.2,0.0,0.2,0.2,188.0,188.0,448.5,454.5,0.199,0.199,-1.9996,-1.9996,468.8,468.8
11589.0,0.2,0.0,0.2,0.2,188.0,188.0,448.5,454.5,0.199,0.199,-1.9996,-1.9996,468.8,468.8
11594.0,0.2,0.0,0.2,0.2,188.0,188.0,448.5,454.5,0.199,0.199,-1.9996,-1.9996,468.8,468.8
11600.0,0.2,0.0,0.2,0.2,188.0,188.0,448.5,454.5,0.199,0.199,-1.9996,-1.9996,468.8,468.8
11605.0,0.2,0.0,0.2,0.2,188.0,188.0,448.5,454.5,0.199,0.199,-1.9996,-1.9996,468.8,468.8
11610.0,0.2,0.0,0.2,0.2,188.0,188.0,448.5,454.5,0.199,0.199,-1.9996,-1.9996,468.8,468.8
11615.0,0.2,0.0,0.2,0.2,188.0,188.0,448.5,454.5,0.199,0.199,-1.9996,-1.9996,468.8,468.8
11619.0,0.2,0.0,0.2,0.2,188.0,188.0,448.5,454.5,0.199,0.199,-1.9996,-1.9996,468.8,468.8
11624.0,0.2,0.0,0.2,0.2,188.0,188.0,448.5,454.5,0.199,0.199,-1.9996,-1.9996,468.8,468.8
11629.0,0.2,0.0,0.2,0.2,188.0,188.0,448.5,454.5,0.199,0.199,-1.9996,-1.9996,468.8,468.8
11634.0,0.2,0.0,0.2,0.2,188.0,188.0,448.5,454.5,0.199,0.199,-1.9996,-1.9996,468.8,468.8
11638.0,0.2,0.0,0.2,0.2,188.0,188.0,448.5,454.5,0.199,0.199,-1.9996,-1.9996,468.8,468.8
11646.0,0.2,0.0,0.2,0.2,188.0,188.0,390.9,402.9,0.199,0.199,-1.9996,-1.9996,366.2,380.9
11650.0,0.2,0.0,0.2,0.2,188.0,188.0,390.9,402.9,0.199,0.199,-1.9996,-1.9996,366.2,380.9
11653.0,0.2,0.0,0.2,0.2,188.0,188.0,390.9,402.9,0.199,0.199,-1.9996,-1.9996,366.2,380.9
11657.0,0.2,0.0,0.2,0.2,188.0,188.0,390.9,402.9,0.199,0.199,-1.9996,-1.9996,366.2,380.9
11661.0,0.2,0.0,0.2,0.2,188.0,188.0,390.9,402.9,0.199,0.199,-1.9996,-1.9996,366.2,380.9
11665.0,0.2,0.0,0.2,0.2,188.0,188.0,390.9,402.9,0.199,0.199,-1.9996,-1.9996,366.2,380.9
11668.0,0.2,0.0,0.2,0.2,188.0,188.0,390.9,402.9,0.199,0.199,-1.9996,-1.9996,366.2,380.9
11672.0,0.2,0.0,0.2,0.2,188.0,188.0,390.9,402.9,0.199,0.199,-1.9996,-1.9996,366.2,380.9
11676.0,0.2,0.0,0.2,0.2,188.0,188.0,390.9,402.9,0.199,0.199,-1.9996,-1.9996,366.2,380.9
11679.0,0.2,0.0,0.2,0.2,188.0,188.0,390.9,402.9,0.199,0.199,-1.9996,-1.9996,366.2,380.9
11683.0,0.2,0.0,0.2,0.2,188.0,188.0,390.9,402.9,0.199,0.199,-1.9996,-1.9996,366.2,380.9
11687.0,0.2,0.0,0.2,0.2,188.0,188.0,390.9,402.9,0.199,0.199,-1.9996,-1.9996,366.2,380.9
11690.0,0.2,0.0,0.2,0.2,188.0,188.0,390.9,402.9,0.199,0.199,-1.9996,-1.9996,366.2,380.9
11694.0,0.2,0.0,0.2,0.2,188.0,188.0,390.9,402.9,0.199,0.199,-1.9996,-1.9996,366.2,380.9
11698.0,0.2,0.0,0.2,0.2,188.0,188.0,390.9,402.9,0.199,0.199,-1.9996,-1.9996,366.2,380.9
11701.0,0.2,0.0,0.2,0.2,188.0,188.0,390.9,402.9,0.199,0.199,-1.9996,-1.9996,366.2,380.9
11705.0,0.2,0.0,0.2,0.2,188.0,188.0,390.9,402.9,0.199,0.199,-1.9996,-1.9996,366.2,380.9
11709.0,0.2,0.0,0.2,0.2,188.0,188.0,390.9,402.9,0.199,0.199,-1.9996,-1.9996,366.2,380.9
11712.0,0.2,0.0,0.2,0.2,188.0,188.0,390.9,402.9,0.199,0.199,-1.9996,-1.9996,366.2,380.9
11716.0,0.2,0.0,0.2,0.2,188.0,188.0,390.9,402.9,0.199,0.199,-1.9996,-1.9996,366.2,380.9
11721.0,0.2,0.0,0.2,0.2,188.0,188.0,390.9,402.9,0.199,0.199,-1.9996,-1.9996,366.2,380.9
11725.0,0.2,0.0,0.2,0.2,188.0,188.0,390.9,402.9,0.199,0.199,-1.9996,-1.9996,366.2,380.9
11729.0,0.2,0.0,0.2,0.2,188.0,188.0,390.9,402.9,0.199,0.199,-1.9996,-1.9996,366.2,380.9
11733.0,0.2,0.0,0.2,0.2,188.0,188.0,390.9,402.9,0.199,0.199,-1.9996,-1.9996,366.2,380.9
11737.0,0.2,0.0,0.2,0.2,188.0,188.0,390.9,402.9,0.199,0.199,-1.9996,-1.9996,366.2,380.9
11741.0,0.2,0.0,0.2,0.2,188.0,188.0,390.9,402.9,0.199,0.199,-1.9996,-1.9996,366.2,380.9
11745.0,0.2,0.0,0.2,0.2,188.0,188.0,390.9,402.9,0.199,0.199,-1.9996,-1.9996,366.2,380.9
11749.0,0.2,0.0,0.2,0.2,188.0,188.0,390.9,402.9,0.199,0.199,-1.9996,-1.9996,366.2,380.9
11752.0,0.2,0.0,0.2,0.2,188.0,188.0,390.9,402.9,0.199,0.199,-1.9996,-1.9996,366.2,380.9
11756.0,0.2,0.0,0.2,0.2,188.0,188.0,390.9,402.9,0.199,0.199,-1.9996,-1.9996,366.2,380.9
11760.0,0.2,0.0,0.2,0.2,188.0,188.0,390.9,402.9,0.199,0.199,-1.9996,-1.9996,366.2,380.9
11763.0,0.2,0.0,0.2,0.2,188.0,188.0,390.9,402.9,0.199,0.199,-1.9996,-1.9996,366.2,380.9
11767.0,0.2,0.0,0.2,0.2,188.0,188.0,390.9,402.9,0.199,0.199,-1.9996,-1.9996,366.2,380.9
11771.0,0.2,0.0,0.2,0.2,188.0,188.0,390.9,402.9,0.199,0.199,-1.9996,-1.9996,366.2,380.9
11774.0,0.2,0.0,0.2,0.2,188.0,188.0,390.9,402.9,0.199,0.199,-1.9996,-1.9996,366.2,380.9
11778.0,0.2,0.0,0.2,0.2,188.0,188.0,390.9,402.9,0.199,0.199,-1.9996,-1.9996,366.2,380.9
11782.0,0.2,0.0,0.2,0.2,188.0,188.0,390.9,402.9,0.199,0.199,-1.9996,-1.9996,366.2,380.9
11785.0,0.2,0.0,0.2,0.2,188.0,188.0,390.9,402.9,0.199,0.199,-1.9996,-1.9996,366.2,380.9
11789.0,0.2,0.0,0.2,0.2,188.0,188.0,390.9,402.9,0.199,0.199,-1.9996,-1.9996,366.2,380.9
11793.0,0.2,0.0,0.2,0.2,188.0,188.0,390.9,402.9,0.199,0.199,-1.9996,-1.9996,366.2,380.9
11796.0,0.2,0.0,0.2,0.2,188.0,188.0,390.9,402.9,0.199,0.199,-1.9996,-1.9996,366.2,380.9
11800.0,0.2,0.0,0.2,0.2,188.0,188.0,390.9,402.9,0.199,0.199,-1.9996,-1.9996,366.2,380.9
11804.0,0.2,0.0,0.2,0.2,188.0,188.0,390.9,402.9,0.199,0.199,-1.9996,-1.9996,366.2,380.9
11807.0,0.2,0.0,0.2,0.2,188.0,188.0,390.9,402.9,0.199,0.199,-1.9996,-1.9996,366.2,380.9
11811.0,0.2,0.0,0.2,0.2,188.0,188.0,390.9,402.9,0.199,0.199,-1.9996,-1.9996,366.2,380.9
11815.0,0.2,0.0,0.2,0.2,188.0,188.0,390.9,402.9,0.199,0.199,-1.9996,-1.9996,366.2,380.9
11819.0,0.2,0.0,0.2,0.2,188.0,188.0,390.9,402.9,0.199,0.199,-1.9996,-1.9996,366.2,380.9
11822.0,0.2,0.0,0.2,0.2,188.0,188.0,390.9,402.9,0.199,0.199,-1.9996,-1.9996,366.2,380.9
11826.0,0.2,0.0,0.2,0.2,188.0,188.0,390.9,402.9,0.199,0.199,-1.9996,-1.9996,366.2,380.9
11830.0,0.2,0.0,0.2,0.2,188.0,188.0,445.4,455.8,0.199,0.199,-1.9996,-1.9996,468.8,478.5
11836.0,0.2,0.0,0.2,0.2,188.0,188.0,445.4,455.8,0.199,0.199,-1.9996,-1.9996,468.8,478.5
11841.0,0.2,0.0,0.2,0.2,188.0,188.0,445.4,455.8,0.199,0.199,-1.9996,-1.9996,468.8,478.5
11846.0,0.2,0.0,0.2,0.2,188.0,188.0,445.4,455.8,0.199,0.199,-1.9996,-1.9996,468.8,478.5
11851.0,0.2,0.0,0.2,0.2,188.0,188.0,445.4,455.8,0.199,0.199,-1.9996,-1.9996,468.8,478.5
11856.0,0.2,0.0,0.2,0.2,188.0,188.0,445.4,455.8,0.199,0.199,-1.9996,-1.9996,468.8,478.5
11860.0,0.2,0.0,0.2,0.2,188.0,188.0,445.4,455.8,0.199,0.199,-1.9996,-1.9996,468.8,478.5
11865.0,0.2,0.0,0.2,0.2,188.0,188.0,445.4,455.8,0.199,0.199,-1.9996,-1.9996,468.8,478.5
11869.0,0.2,0.0,0.2,0.2,188.0,188.0,445.4,455.8,0.199,0.199,-1.9996,-1.9996,468.8,478.5
11874.0,0.2,0.0,0.2,0.2,188.0,188.0,445.4,455.8,0.199,0.199,-1.9996,-1.9996,468.8,478.5
11878.0,0.2,0.0,0.2,0.2,188.0,188.0,445.4,455.8,0.199,0.199,-1.9996,-1.9996,468.8,478.5
11882.0,0.2,0.0,0.2,0.2,188.0,188.0,445.4,455.8,0.199,0.199,-1.9996,-1.9996,468.8,478.5
11887.0,0.2,0.0,0.2,0.2,188.0,188.0,445.4,455.8,0.199,0.199,-1.9996,-1.9996,468.8,478.5
11891.0,0.2,0.0,0.2,0.2,188.0,188.0,445.4,455.8,0.199,0.199,-1.9996,-1.9996,468.8,478.5
11896.0,0.2,0.0,0.2,0.2,188.0,188.0,445.4,455.8,0.199,0.199,-1.9996,-1.9996,468.8,478.5
11900.0,0.2,0.0,0.2,0.2,188.0,188.0,445.4,455.8,0.199,0.199,-1.9996,-1.9996,468.8,478.5
11905.0,0.2,0.0,0.2,0.2,188.0,188.0,445.4,455.8,0.199,0.199,-1.9996,-1.9996,468.8,478.5
11909.0,0.2,0.0,0.2,0.2,188.0,188.0,445.4,455.8,0.199,0.199,-1.9996,-1.9996,468.8,478.5
11913.0,0.2,0.0,0.2,0.2,188.0,188.0,445.4,455.8,0.199,0.199,-1.9996,-1.9996,468.8,478.5
11918.0,0.2,0.0,0.2,0.2,188.0,188.0,445.4,455.8,0.199,0.199,-1.9996,-1.9996,468.8,478.5
11922.0,0.2,0.0,0.2,0.2,188.0,188.0,445.4,455.8,0.199,0.199,-1.9996,-1.9996,468.8,478.5
11928.0,0.2,0.0,0.2,0.2,188.0,188.0,445.4,455.8,0.199,0.199,-1.9996,-1.9996,468.8,478.5
11933.0,0.2,0.0,0.2,0.2,188.0,188.0,445.4,455.8,0.199,0.199,-1.9996,-1.9996,468.8,478.5
11938.0,0.2,0.0,0.2,0.2,188.0,188.0,445.4,455.8,0.199,0.199,-1.9996,-1.9996,468.8,478.5
11942.0,0.2,0.0,0.2,0.2,188.0,188.0,445.4,455.8,0.199,0.199,-1.9996,-1.9996,468.8,478.5
11946.0,0.2,0.0,0.2,0.2,188.0,188.0,445.4,455.8,0.199,0.199,-1.9996,-1.9996,468.8,478.5
11951.0,0.2,0.0,0.2,0.2,188.0,188.0,445.4,455.8,0.199,0.199,-1.9996,-1.9996,468.8,478.5
11955.0,0.2,0.0,0.2,0.2,188.0,188.0,445.4,455.8,0.199,0.199,-1.9996,-1.9996,468.8,478.5
11961.0,0.2,0.0,0.2,0.2,188.0,188.0,445.4,455.8,0.199,0.199,-1.9996,-1.9996,468.8,478.5
11965.0,0.2,0.0,0.2,0.2,188.0,188.0,445.4,455.8,0.199,0.199,-1.9996,-1.9996,468.8,478.5
11970.0,0.2,0.0,0.2,0.2,188.0,188.0,445.4,455.8,0.199,0.199,-1.9996,-1.9996,468.8,478.5
11975.0,0.2,0.0,0.2,0.2,188.0,188.0,445.4,455.8,0.199,0.199,-1.9996,-1.9996,468.8,478.5
11980.0,0.2,0.0,0.2,0.2,188.0,188.0,445.4,455.8,0.199,0.199,-1.9996,-1.9996,468.8,478.5
11984.0,0.2,0.0,0.2,0.2,188.0,188.0,445.4,455.8,0.199,0.199,-1.9996,-1.9996,468.8,478.5
11989.0,0.2,0.0,0.2,0.2,188.0,188.0,445.4,455.8,0.199,0.199,-1.9996,-1.9996,468.8,478.5
11993.0,0.2,0.0,0.2,0.2,188.0,188.0,445.4,455.8,0.199,0.199,-1.9996,-1.9996,468.8,478.5
11997.0,0.2,0.0,0.2,0.2,188.0,188.0,445.4,455.8,0.199,0.199,-1.9996,-1.9996,468.8,478.5
12002.0,0.2,0.0,0.2,0.2,188.0,188.0,445.4,455.8,0.199,0.199,-1.9996,-1.9996,468.8,478.5
12006.0,0.2,0.0,0.2,0.2,188.0,188.0,445.4,455.8,0.199,0.199,-1.9996,-1.9996,468.8,478.5
12010.0,0.2,0.0,0.2,0.2,188.0,188.0,445.4,455.8,0.199,0.199,-1.9996,-1.9996,468.8,478.5
12015.0,0.2,0.0,0.2,0.2,188.0,188.0,445.4,455.8,0.199,0.199,-1.9996,-1.9996,468.8,478.5
12019.0,0.2,0.0,0.2,0.2,188.0,188.0,445.4,455.8,0.199,0.199,-1.9996,-1.9996,468.8,478.5
12026.0,0.2,0.0,0.2,0.2,188.0,188.0,407.1,417.0,0.199,0.199,-1.9996,-1.9996,390.6,400.4
12030.0,0.2,0.0,0.2,0.2,188.0,188.0,407.1,417.0,0.199,0.199,-1.9996,-1.9996,390.6,400.4
12034.0,0.2,0.0,0.2,0.2,188.0,188.0,407.1,417.0,0.199,0.199,-1.9996,-1.9996,390.6,400.4
12038.0,0.2,0.0,0.2,0.2,188.0,188.0,407.1,417.0,0.199,0.199,-1.9996,-1.9996,390.6,400.4
12041.0,0.2,0.0,0.2,0.2,188.0,188.0,407.1,417.0,0.199,0.199,-1.9996,-1.9996,390.6,400.4
12045.0,0.2,0.0,0.2,0.2,188.0,188.0,407.1,417.0,0.199,0.199,-1.9996,-1.9996,390.6,400.4
12049.0,0.2,0.0,0.2,0.2,188.0,188.0,407.1,417.0,0.199,0.199,-1.9996,-1.9996,390.6,400.4
12052.0,0.2,0.0,0.2,0.2,188.0,188.0,407.1,417.0,0.199,0.199,-1.9996,-1.9996,390.6,400.4
12056.0,0.2,0.0,0.2,0.2,188.0,188.0,407.1,417.0,0.199,0.199,-1.9996,-1.9996,390.6,400.4
12060.0,0.2,0.0,0.2,0.2,188.0,188.0,407.1,417.0,0.199,0.199,-1.9996,-1.9996,390.6,400.4
12063.0,0.2,0.0,0.2,0.2,188.0,188.0,407.1,417.0,0.199,0.199,-1.9996,-1.9996,390.6,400.4
12067.0,0.2,0.0,0.2,0.2,188.0,188.0,407.1,417.0,0.199,0.199,-1.9996,-1.9996,390.6,400.4
12071.0,0.2,0.0,0.2,0.2,188.0,188.0,407.1,417.0,0.199,0.199,-1.9996,-1.9996,390.6,400.4
12074.0,0.2,0.0,0.2,0.2,188.0,188.0,407.1,417.0,0.199,0.199,-1.9996,-1.9996,390.6,400.4
12078.0,0.2,0.0,0.2,0.2,188.0,188.0,407.1,417.0,0.199,0.199,-1.9996,-1.9996,390.6,400.4
12082.0,0.2,0.0,0.2,0.2,188.0,188.0,407.1,417.0,0.199,0.199,-1.9996,-1.9996,390.6,400.4
12085.0,0.2,0.0,0.2,0.2,188.0,188.0,407.1,417.0,0.199,0.199,-1.9996,-1.9996,390.6,400.4
12090.0,0.2,0.0,0.2,0.2,188.0,188.0,407.1,417.0,0.199,0.199,-1.9996,-1.9996,390.6,400.4
12094.0,0.2,0.0,0.2,0.2,188.0,188.0,407.1,417.0,0.199,0.199,-1.9996,-1.9996,390.6,400.4
12098.0,0.2,0.0,0.2,0.2,188.0,188.0,407.1,417.0,0.199,0.199,-1.9996,-1.9996,390.6,400.4
12102.0,0.2,0.0,0.2,0.2,188.0,188.0,407.1,417.0,0.199,0.199,-1.9996,-1.9996,390.6,400.4
12106.0,0.2,0.0,0.2,0.2,188.0,188.0,407.1,417.0,0.199,0.199,-1.9996,-1.9996,390.6,400.4
12109.0,0.2,0.0,0.2,0.2,188.0,188.0,407.1,417.0,0.199,0.199,-1.9996,-1.9996,390.6,400.4
12113.0,0.2,0.0,0.2,0.2,188.0,188.0,407.1,417.0,0.199,0.199,-1.9996,-1.9996,390.6,400.4
12118.0,0.2,0.0,0.2,0.2,188.0,188.0,407.1,417.0,0.199,0.199,-1.9996,-1.9996,390.6,400.4
12122.0,0.2,0.0,0.2,0.2,188.0,188.0,407.1,417.0,0.199,0.199,-1.9996,-1.9996,390.6,400.4
12126.0,0.2,0.0,0.2,0.2,188.0,188.0,407.1,417.0,0.199,0.199,-1.9996,-1.9996,390.6,400.4
12129.0,0.2,0.0,0.2,0.2,188.0,188.0,407.1,417.0,0.199,0.199,-1.9996,-1.9996,390.6,400.4
12133.0,0.2,0.0,0.2,0.2,188.0,188.0,407.1,417.0,0.199,0.199,-1.9996,-1.9996,390.6,400.4
12137.0,0.2,0.0,0.2,0.2,188.0,188.0,407.1,417.0,0.199,0.199,-1.9996,-1.9996,390.6,400.4
12140.0,0.2,0.0,0.2,0.2,188.0,188.0,407.1,417.0,0.199,0.199,-1.9996,-1.9996,390.6,400.4
12144.0,0.2,0.0,0.2,0.2,188.0,188.0,407.1,417.0,0.199,0.199,-1.9996,-1.9996,390.6,400.4
12148.0,0.2,0.0,0.2,0.2,188.0,188.0,407.1,417.0,0.199,0.199,-1.9996,-1.9996,390.6,400.4
12152.0,0.2,0.0,0.2,0.2,188.0,188.0,407.1,417.0,0.199,0.199,-1.9996,-1.9996,390.6,400.4
12155.0,0.2,0.0,0.2,0.2,188.0,188.0,407.1,417.0,0.199,0.199,-1.9996,-1.9996,390.6,400.4
12159.0,0.2,0.0,0.2,0.2,188.0,188.0,407.1,417.0,0.199,0.199,-1.9996,-1.9996,390.6,400.4
12163.0,0.2,0.0,0.2,0.2,188.0,188.0,407.1,417.0,0.199,0.199,-1.9996,-1.9996,390.6,400.4
12166.0,0.2,0.0,0.2,0.2,188.0,188.0,407.1,417.0,0.199,0.199,-1.9996,-1.9996,390.6,400.4
12170.0,0.2,0.0,0.2,0.2,188.0,188.0,407.1,417.0,0.199,0.199,-1.9996,-1.9996,390.6,400.4
12174.0,0.2,0.0,0.2,0.2,188.0,188.0,407.1,417.0,0.199,0.199,-1.9996,-1.9996,390.6,400.4
12177.0,0.2,0.0,0.2,0.2,188.0,188.0,407.1,417.0,0.199,0.199,-1.9996,-1.9996,390.6,400.4
12181.0,0.2,0.0,0.2,0.2,188.0,188.0,407.1,417.0,0.199,0.199,-1.9996,-1.9996,390.6,400.4
12185.0,0.2,0.0,0.2,0.2,188.0,188.0,407.1,417.0,0.199,0.199,-1.9996,-1.9996,390.6,400.4
12188.0,0.2,0.0,0.2,0.2,188.0,188.0,407.1,417.0,0.199,0.199,-1.9996,-1.9996,390.6,400.4
12192.0,0.2,0.0,0.2,0.2,188.0,188.0,407.1,417.0,0.199,0.199,-1.9996,-1.9996,390.6,400.4
12196.0,0.2,0.0,0.2,0.2,188.0,188.0,407.1,417.0,0.199,0.199,-1.9996,-1.9996,390.6,400.4
12199.0,0.2,0.0,0.2,0.2,188.0,188.0,407.1,417.0,0.199,0.199,-1.9996,-1.9996,390.6,400.4
12203.0,0.2,0.0,0.2,0.2,188.0,188.0,407.1,417.0,0.199,0.199,-1.9996,-1.9996,390.6,400.4
12207.0,0.2,0.0,0.2,0.2,188.0,188.0,407.1,417.0,0.199,0.199,-1.9996,-1.9996,390.6,400.4
12213.0,0.2,0.0,0.2,0.2,188.0,188.0,446.8,460.1,0.199,0.199,-1.9996,-1.9996,463.9,478.5
12218.0,0.2,0.0,0.2,0.2,188.0,188.0,446.8,460.1,0.199,0.199,-1.9996,-1.9996,463.9,478.5
12222.0,0.2,0.0,0.2,0.2,188.0,188.0,446.8,460.1,0.199,0.199,-1.9996,-1.9996,463.9,478.5
12225.0,0.2,0.0,0.2,0.2,188.0,188.0,446.8,460.1,0.199,0.199,-1.9996,-1.9996,463.9,478.5
12229.0,0.2,0.0,0.2,0.2,188.0,188.0,446.8,460.1,0.199,0.199,-1.9996,-1.9996,463.9,478.5
12233.0,0.2,0.0,0.2,0.2,188.0,188.0,446.8,460.1,0.199,0.199,-1.9996,-1.9996,463.9,478.5
12237.0,0.2,0.0,0.2,0.2,188.0,188.0,446.8,460.1,0.199,0.199,-1.9996,-1.9996,463.9,478.5
12240.0,0.2,0.0,0.2,0.2,188.0,188.0,446.8,460.1,0.199,0.199,-1.9996,-1.9996,463.9,478.5
12244.0,0.2,0.0,0.2,0.2,188.0,188.0,446.8,460.1,0.199,0.199,-1.9996,-1.9996,463.9,478.5
12248.0,0.2,0.0,0.2,0.2,188.0,188.0,446.8,460.1,0.199,0.199,-1.9996,-1.9996,463.9,478.5
12251.0,0.2,0.0,0.2,0.2,188.0,188.0,446.8,460.1,0.199,0.199,-1.9996,-1.9996,463.9,478.5
12255.0,0.2,0.0,0.2,0.2,188.0,188.0,446.8,460.1,0.199,0.199,-1.9996,-1.9996,463.9,478.5
12259.0,0.2,0.0,0.2,0.2,188.0,188.0,446.8,460.1,0.199,0.199,-1.9996,-1.9996,463.9,478.5
12262.0,0.2,0.0,0.2,0.2,188.0,188.0,446.8,460.1,0.199,0.199,-1.9996,-1.9996,463.9,478.5
12266.0,0.2,0.0,0.2,0.2,188.0,188.0,446.8,460.1,0.199,0.199,-1.9996,-1.9996,463.9,478.5
12270.0,0.2,0.0,0.2,0.2,188.0,188.0,446.8,460.1,0.199,0.199,-1.9996,-1.9996,463.9,478.5
12274.0,0.2,0.0,0.2,0.2,188.0,188.0,446.8,460.1,0.199,0.199,-1.9996,-1.9996,463.9,478.5
12277.0,0.2,0.0,0.2,0.2,188.0,188.0,446.8,460.1,0.199,0.199,-1.9996,-1.9996,463.9,478.5
12281.0,0.2,0.0,0.2,0.2,188.0,188.0,446.8,460.1,0.199,0.199,-1.9996,-1.9996,463.9,478.5
12285.0,0.2,0.0,0.2,0.2,188.0,188.0,446.8,460.1,0.199,0.199,-1.9996,-1.9996,463.9,478.5
12288.0,0.2,0.0,0.2,0.2,188.0,188.0,446.8,460.1,0.199,0.199,-1.9996,-1.9996,463.9,478.5
12292.0,0.2,0.0,0.2,0.2,188.0,188.0,446.8,460.1,0.199,0.199,-1.9996,-1.9996,463.9,478.5
12296.0,0.2,0.0,0.2,0.2,188.0,188.0,446.8,460.1,0.199,0.199,-1.9996,-1.9996,463.9,478.5
12299.0,0.2,0.0,0.2,0.2,188.0,188.0,446.8,460.1,0.199,0.199,-1.9996,-1.9996,463.9,478.5
12303.0,0.2,0.0,0.2,0.2,188.0,188.0,446.8,460.1,0.199,0.199,-1.9996,-1.9996,463.9,478.5
12308.0,0.2,0.0,0.2,0.2,188.0,188.0,446.8,460.1,0.199,0.199,-1.9996,-1.9996,463.9,478.5
12312.0,0.2,0.0,0.2,0.2,188.0,188.0,446.8,460.1,0.199,0.199,-1.9996,-1.9996,463.9,478.5
12316.0,0.2,0.0,0.2,0.2,188.0,188.0,446.8,460.1,0.199,0.199,-1.9996,-1.9996,463.9,478.5
12320.0,0.2,0.0,0.2,0.2,188.0,188.0,446.8,460.1,0.199,0.199,-1.9996,-1.9996,463.9,478.5
12324.0,0.2,0.0,0.2,0.2,188.0,188.0,446.8,460.1,0.199,0.199,-1.9996,-1.9996,463.9,478.5
12327.0,0.2,0.0,0.2,0.2,188.0,188.0,446.8,460.1,0.199,0.199,-1.9996,-1.9996,463.9,478.5
12332.0,0.2,0.0,0.2,0.2,188.0,188.0,446.8,460.1,0.199,0.199,-1.9996,-1.9996,463.9,478.5
12336.0,0.2,0.0,0.2,0.2,188.0,188.0,446.8,460.1,0.199,0.199,-1.9996,-1.9996,463.9,478.5
12340.0,0.2,0.0,0.2,0.2,188.0,188.0,446.8,460.1,0.199,0.199,-1.9996,-1.9996,463.9,478.5
12343.0,0.2,0.0,0.2,0.2,188.0,188.0,446.8,460.1,0.199,0.199,-1.9996,-1.9996,463.9,478.5
12347.0,0.2,0.0,0.2,0.2,188.0,188.0,446.8,460.1,0.199,0.199,-1.9996,-1.9996,463.9,478.5
12351.0,0.2,0.0,0.2,0.2,188.0,188.0,446.8,460.1,0.199,0.199,-1.9996,-1.9996,463.9,478.5
12355.0,0.2,0.0,0.2,0.2,188.0,188.0,446.8,460.1,0.199,0.199,-1.9996,-1.9996,463.9,478.5
12358.0,0.2,0.0,0.2,0.2,188.0,188.0,446.8,460.1,0.199,0.199,-1.9996,-1.9996,463.9,478.5
12362.0,0.2,0.0,0.2,0.2,188.0,188.0,446.8,460.1,0.199,0.199,-1.9996,-1.9996,463.9,478.5
12366.0,0.2,0.0,0.2,0.2,188.0,188.0,446.8,460.1,0.199,0.199,-1.9996,-1.9996,463.9,478.5
12369.0,0.2,0.0,0.2,0.2,188.0,188.0,446.8,460.1,0.199,0.199,-1.9996,-1.9996,463.9,478.5
12373.0,0.2,0.0,0.2,0.2,188.0,188.0,446.8,460.1,0.199,0.199,-1.9996,-1.9996,463.9,478.5
12377.0,0.2,0.0,0.2,0.2,188.0,188.0,446.8,460.1,0.199,0.199,-1.9996,-1.9996,463.9,478.5
12380.0,0.2,0.0,0.2,0.2,188.0,188.0,446.8,460.1,0.199,0.199,-1.9996,-1.9996,463.9,478.5
12384.0,0.2,0.0,0.2,0.2,188.0,188.0,446.8,460.1,0.199,0.199,-1.9996,-1.9996,463.9,478.5
12388.0,0.2,0.0,0.2,0.2,188.0,188.0,446.8,460.1,0.199,0.199,-1.9996,-1.9996,463.9,478.5
12391.0,0.2,0.0,0.2,0.2,188.0,188.0,446.8,460.1,0.199,0.199,-1.9996,-1.9996,463.9,478.5
12395.0,0.2,0.0,0.2,0.2,188.0,188.0,446.8,460.1,0.199,0.199,-1.9996,-1.9996,463.9,478.5
12400.0,0.2,0.0,0.2,0.2,188.0,188.0,462.2,473.0,0.199,0.199,-1.9996,-1.9996,468.8,478.5
12405.0,0.2,0.0,0.2,0.2,188.0,188.0,462.2,473.0,0.199,0.199,-1.9996,-1.9996,468.8,478.5
12410.0,0.2,0.0,0.2,0.2,188.0,188.0,462.2,473.0,0.199,0.199,-1.9996,-1.9996,468.8,478.5
12415.0,0.2,0.0,0.2,0.2,188.0,188.0,462.2,473.0,0.199,0.199,-1.9996,-1.9996,468.8,478.5
12419.0,0.2,0.0,0.2,0.2,188.0,188.0,462.2,473.0,0.199,0.199,-1.9996,-1.9996,468.8,478.5
12424.0,0.2,0.0,0.2,0.2,188.0,188.0,462.2,473.0,0.199,0.199,-1.9996,-1.9996,468.8,478.5
12428.0,0.2,0.0,0.2,0.2,188.0,188.0,462.2,473.0,0.199,0.199,-1.9996,-1.9996,468.8,478.5
12432.0,0.2,0.0,0.2,0.2,188.0,188.0,462.2,473.0,0.199,0.199,-1.9996,-1.9996,468.8,478.5
12437.0,0.2,0.0,0.2,0.2,188.0,188.0,462.2,473.0,0.199,0.199,-1.9996,-1.9996,468.8,478.5
12441.0,0.2,0.0,0.2,0.2,188.0,188.0,462.2,473.0,0.199,0.199,-1.9996,-1.9996,468.8,478.5
12446.0,0.2,0.0,0.2,0.2,188.0,188.0,462.2,473.0,0.199,0.199,-1.9996,-1.9996,468.8,478.5
12450.0,0.2,0.0,0.2,0.2,188.0,188.0,462.2,473.0,0.199,0.199,-1.9996,-1.9996,468.8,478.5
12456.0,0.2,0.0,0.2,0.2,188.0,188.0,462.2,473.0,0.199,0.199,-1.9996,-1.9996,468.8,478.5
12460.0,0.2,0.0,0.2,0.2,188.0,188.0,462.2,473.0,0.199,0.199,-1.9996,-1.9996,468.8,478.5
12465.0,0.2,0.0,0.2,0.2,188.0,188.0,462.2,473.0,0.199,0.199,-1.9996,-1.9996,468.8,478.5
12470.0,0.2,0.0,0.2,0.2,188.0,188.0,462.2,473.0,0.199,0.199,-1.9996,-1.9996,468.8,478.5
12474.0,0.2,0.0,0.2,0.2,188.0,188.0,462.2,473.0,0.199,0.199,-1.9996,-1.9996,468.8,478.5
12478.0,0.2,0.0,0.2,0.2,188.0,188.0,462.2,473.0,0.199,0.199,-1.9996,-1.9996,468.8,478.5
12483.0,0.2,0.0,0.2,0.2,188.0,188.0,462.2,473.0,0.199,0.199,-1.9996,-1.9996,468.8,478.5
12487.0,0.2,0.0,0.2,0.2,188.0,188.0,462.2,473.0,0.199,0.199,-1.9996,-1.9996,468.8,478.5
12491.0,0.2,0.0,0.2,0.2,188.0,188.0,462.2,473.0,0.199,0.199,-1.9996,-1.9996,468.8,478.5
12497.0,0.2,0.0,0.2,0.2,188.0,188.0,462.2,473.0,0.199,0.199,-1.9996,-1.9996,468.8,478.5
12502.0,0.2,0.0,0.2,0.2,188.0,188.0,462.2,473.0,0.199,0.199,-1.9996,-1.9996,468.8,478.5
12507.0,0.2,0.0,0.2,0.2,188.0,188.0,462.2,473.0,0.199,0.199,-1.9996,-1.9996,468.8,478.5
12511.0,0.2,0.0,0.2,0.2,188.0,188.0,462.2,473.0,0.199,0.199,-1.9996,-1.9996,468.8,478.5
12516.0,0.2,0.0,0.2,0.2,188.0,188.0,462.2,473.0,0.199,0.199,-1.9996,-1.9996,468.8,478.5
12520.0,0.2,0.0,0.2,0.2,188.0,188.0,462.2,473.0,0.199,0.199,-1.9996,-1.9996,468.8,478.5
12524.0,0.2,0.0,0.2,0.2,188.0,188.0,462.2,473.0,0.199,0.199,-1.9996,-1.9996,468.8,478.5
12529.0,0.2,0.0,0.2,0.2,188.0,188.0,462.2,473.0,0.199,0.199,-1.9996,-1.9996,468.8,478.5
12533.0,0.2,0.0,0.2,0.2,188.0,188.0,462.2,473.0,0.199,0.199,-1.9996,-1.9996,468.8,478.5
12538.0,0.2,0.0,0.2,0.2,188.0,188.0,462.2,473.0,0.199,0.199,-1.9996,-1.9996,468.8,478.5
12542.0,0.2,0.0,0.2,0.2,188.0,188.0,462.2,473.0,0.199,0.199,-1.9996,-1.9996,468.8,478.5
12547.0,0.2,0.0,0.2,0.2,188.0,188.0,462.2,473.0,0.199,0.199,-1.9996,-1.9996,468.8,478.5
12551.0,0.2,0.0,0.2,0.2,188.0,188.0,462.2,473.0,0.199,0.199,-1.9996,-1.9996,468.8,478.5
12556.0,0.2,0.0,0.2,0.2,188.0,188.0,462.2,473.0,0.199,0.199,-1.9996,-1.9996,468.8,478.5
12560.0,0.2,0.0,0.2,0.2,188.0,188.0,462.2,473.0,0.199,0.199,-1.9996,-1.9996,468.8,478.5
12564.0,0.2,0.0,0.2,0.2,188.0,188.0,462.2,473.0,0.199,0.199,-1.9996,-1.9996,468.8,478.5
12569.0,0.2,0.0,0.2,0.2,188.0,188.0,462.2,473.0,0.199,0.199,-1.9996,-1.9996,468.8,478.5
12573.0,0.2,0.0,0.2,0.2,188.0,188.0,462.2,473.0,0.199,0.199,-1.9996,-1.9996,468.8,478.5
12579.0,0.2,0.0,0.2,0.2,188.0,188.0,462.2,473.0,0.199,0.199,-1.9996,-1.9996,468.8,478.5
12584.0,0.2,0.0,0.2,0.2,188.0,188.0,462.2,473.0,0.199,0.199,-1.9996,-1.9996,468.8,478.5
12588.0,0.2,0.0,0.2,0.2,188.0,188.0,462.2,473.0,0.199,0.199,-1.9996,-1.9996,468.8,478.5
12595.0,0.2,0.0,0.2,0.2,188.0,188.0,412.1,425.6,0.199,0.199,-1.9996,-1.9996,390.6,405.3
12599.0,0.2,0.0,0.2,0.2,188.0,188.0,412.1,425.6,0.199,0.199,-1.9996,-1.9996,390.6,405.3
12603.0,0.2,0.0,0.2,0.2,188.0,188.0,412.1,425.6,0.199,0.199,-1.9996,-1.9996,390.6,405.3
12607.0,0.2,0.0,0.2,0.2,188.0,188.0,412.1,425.6,0.199,0.199,-1.9996,-1.9996,390.6,405.3
12610.0,0.2,0.0,0.2,0.2,188.0,188.0,412.1,425.6,0.199,0.199,-1.9996,-1.9996,390.6,405.3
12614.0,0.2,0.0,0.2,0.2,188.0,188.0,412.1,425.6,0.199,0.199,-1.9996,-1.9996,390.6,405.3
12617.0,0.2,0.0,0.2,0.2,188.0,188.0,412.1,425.6,0.199,0.199,-1.9996,-1.9996,390.6,405.3
12621.0,0.2,0.0,0.2,0.2,188.0,188.0,412.1,425.6,0.199,0.199,-1.9996,-1.9996,390.6,405.3
12625.0,0.2,0.0,0.2,0.2,188.0,188.0,412.1,425.6,0.199,0.199,-1.9996,-1.9996,390.6,405.3
12628.0,0.2,0.0,0.2,0.2,188.0,188.0,412.1,425.6,0.199,0.199,-1.9996,-1.9996,390.6,405.3
12632.0,0.2,0.0,0.2,0.2,188.0,188.0,412.1,425.6,0.199,0.199,-1.9996,-1.9996,390.6,405.3
12636.0,0.2,0.0,0.2,0.2,188.0,188.0,412.1,425.6,0.199,0.199,-1.9996,-1.9996,390.6,405.3
12640.0,0.2,0.0,0.2,0.2,188.0,188.0,412.1,425.6,0.199,0.199,-1.9996,-1.9996,390.6,405.3
12643.0,0.2,0.0,0.2,0.2,188.0,188.0,412.1,425.6,0.199,0.199,-1.9996,-1.9996,390.6,405.3
12647.0,0.2,0.0,0.2,0.2,188.0,188.0,412.1,425.6,0.199,0.199,-1.9996,-1.9996,390.6,405.3
12651.0,0.2,0.0,0.2,0.2,188.0,188.0,412.1,425.6,0.199,0.199,-1.9996,-1.9996,390.6,405.3
12654.0,0.2,0.0,0.2,0.2,188.0,188.0,412.1,425.6,0.199,0.199,-1.9996,-1.9996,390.6,405.3
12658.0,0.2,0.0,0.2,0.2,188.0,188.0,412.1,425.6,0.199,0.199,-1.9996,-1.9996,390.6,405.3
12662.0,0.2,0.0,0.2,0.2,188.0,188.0,412.1,425.6,0.199,0.199,-1.9996,-1.9996,390.6,405.3
12665.0,0.2,0.0,0.2,0.2,188.0,188.0,412.1,425.6,0.199,0.199,-1.9996,-1.9996,390.6,405.3
12669.0,0.2,0.0,0.2,0.2,188.0,188.0,412.1,425.6,0.199,0.199,-1.9996,-1.9996,390.6,405.3
12673.0,0.2,0.0,0.2,0.2,188.0,188.0,412.1,425.6,0.199,0.199,-1.9996,-1.9996,390.6,405.3
12676.0,0.2,0.0,0.2,0.2,188.0,188.0,412.1,425.6,0.199,0.199,-1.9996,-1.9996,390.6,405.3
12680.0,0.2,0.0,0.2,0.2,188.0,188.0,412.1,425.6,0.199,0.199,-1.9996,-1.9996,390.6,405.3
12684.0,0.2,0.0,0.2,0.2,188.0,188.0,412.1,425.6,0.199,0.199,-1.9996,-1.9996,390.6,405.3
12689.0,0.2,0.0,0.2,0.2,188.0,188.0,412.1,425.6,0.199,0.199,-1.9996,-1.9996,390.6,405.3
12693.0,0.2,0.0,0.2,0.2,188.0,188.0,412.1,425.6,0.199,0.199,-1.9996,-1.9996,390.6,405.3
12697.0,0.2,0.0,0.2,0.2,188.0,188.0,412.1,425.6,0.199,0.199,-1.9996,-1.9996,390.6,405.3
12701.0,0.2,0.0,0.2,0.2,188.0,188.0,412.1,425.6,0.199,0.199,-1.9996,-1.9996,390.6,405.3
12705.0,0.2,0.0,0.2,0.2,188.0,188.0,412.1,425.6,0.199,0.199,-1.9996,-1.9996,390.6,405.3
12709.0,0.2,0.0,0.2,0.2,188.0,188.0,412.1,425.6,0.199,0.199,-1.9996,-1.9996,390.6,405.3
12713.0,0.2,0.0,0.2,0.2,188.0,188.0,412.1,425.6,0.199,0.199,-1.9996,-1.9996,390.6,405.3
12717.0,0.2,0.0,0.2,0.2,188.0,188.0,412.1,425.6,0.199,0.199,-1.9996,-1.9996,390.6,405.3
12720.0,0.2,0.0,0.2,0.2,188.0,188.0,412.1,425.6,0.199,0.199,-1.9996,-1.9996,390.6,405.3
12724.0,0.2,0.0,0.2,0.2,188.0,188.0,412.1,425.6,0.199,0.199,-1.9996,-1.9996,390.6,405.3
12728.0,0.2,0.0,0.2,0.2,188.0,188.0,412.1,425.6,0.199,0.199,-1.9996,-1.9996,390.6,405.3
12731.0,0.2,0.0,0.2,0.2,188.0,188.0,412.1,425.6,0.199,0.199,-1.9996,-1.9996,390.6,405.3
12735.0,0.2,0.0,0.2,0.2,188.0,188.0,412.1,425.6,0.199,0.199,-1.9996,-1.9996,390.6,405.3
12739.0,0.2,0.0,0.2,0.2,188.0,188.0,412.1,425.6,0.199,0.199,-1.9996,-1.9996,390.6,405.3
12743.0,0.2,0.0,0.2,0.2,188.0,188.0,412.1,425.6,0.199,0.199,-1.9996,-1.9996,390.6,405.3
12746.0,0.2,0.0,0.2,0.2,188.0,188.0,412.1,425.6,0.199,0.199,-1.9996,-1.9996,390.6,405.3
12750.0,0.2,0.0,0.2,0.2,188.0,188.0,412.1,425.6,0.199,0.199,-1.9996,-1.9996,390.6,405.3
12753.0,0.2,0.0,0.2,0.2,188.0,188.0,412.1,425.6,0.199,0.199,-1.9996,-1.9996,390.6,405.3
12757.0,0.2,0.0,0.2,0.2,188.0,188.0,412.1,425.6,0.199,0.199,-1.9996,-1.9996,390.6,405.3
12761.0,0.2,0.0,0.2,0.2,188.0,188.0,412.1,425.6,0.199,0.199,-1.9996,-1.9996,390.6,405.3
12764.0,0.2,0.0,0.2,0.2,188.0,188.0,412.1,425.6,0.199,0.199,-1.9996,-1.9996,390.6,405.3
12768.0,0.2,0.0,0.2,0.2,188.0,188.0,412.1,425.6,0.199,0.199,-1.9996,-1.9996,390.6,405.3
12772.0,0.2,0.0,0.2,0.2,188.0,188.0,412.1,425.6,0.199,0.199,-1.9996,-1.9996,390.6,405.3
12775.0,0.2,0.0,0.2,0.2,188.0,188.0,412.1,425.6,0.199,0.199,-1.9996,-1.9996,390.6,405.3
12781.0,0.2,0.0,0.2,0.2,188.0,188.0,455.2,462.6,0.199,0.199,-1.9996,-1.9996,473.6,478.5
12785.0,0.2,0.0,0.2,0.2,188.0,188.0,455.2,462.6,0.199,0.199,-1.9996,-1.9996,473.6,478.5
12789.0,0.2,0.0,0.2,0.2,188.0,188.0,455.2,462.6,0.199,0.199,-1.9996,-1.9996,473.6,478.5
12793.0,0.2,0.0,0.2,0.2,188.0,188.0,455.2,462.6,0.199,0.199,-1.9996,-1.9996,473.6,478.5
12796.0,0.2,0.0,0.2,0.2,188.0,188.0,455.2,462.6,0.199,0.199,-1.9996,-1.9996,473.6,478.5
12800.0,0.2,0.0,0.2,0.2,188.0,188.0,455.2,462.6,0.199,0.199,-1.9996,-1.9996,473.6,478.5
12804.0,0.2,0.0,0.2,0.2,188.0,188.0,455.2,462.6,0.199,0.199,-1.9996,-1.9996,473.6,478.5
12807.0,0.2,0.0,0.2,0.2,188.0,188.0,455.2,462.6,0.199,0.199,-1.9996,-1.9996,473.6,478.5
12811.0,0.2,0.0,0.2,0.2,188.0,188.0,455.2,462.6,0.199,0.199,-1.9996,-1.9996,473.6,478.5
12815.0,0.2,0.0,0.2,0.2,188.0,188.0,455.2,462.6,0.199,0.199,-1.9996,-1.9996,473.6,478.5
12818.0,0.2,0.0,0.2,0.2,188.0,188.0,455.2,462.6,0.199,0.199,-1.9996,-1.9996,473.6,478.5
12823.0,0.2,0.0,0.2,0.2,188.0,188.0,455.2,462.6,0.199,0.199,-1.9996,-1.9996,473.6,478.5
12827.0,0.2,0.0,0.2,0.2,188.0,188.0,455.2,462.6,0.199,0.199,-1.9996,-1.9996,473.6,478.5
12831.0,0.2,0.0,0.2,0.2,188.0,188.0,455.2,462.6,0.199,0.199,-1.9996,-1.9996,473.6,478.5
12835.0,0.2,0.0,0.2,0.2,188.0,188.0,455.2,462.6,0.199,0.199,-1.9996,-1.9996,473.6,478.5
12838.0,0.2,0.0,0.2,0.2,188.0,188.0,455.2,462.6,0.199,0.199,-1.9996,-1.9996,473.6,478.5
12842.0,0.2,0.0,0.2,0.2,188.0,188.0,455.2,462.6,0.199,0.199,-1.9996,-1.9996,473.6,478.5
12846.0,0.2,0.0,0.2,0.2,188.0,188.0,455.2,462.6,0.199,0.199,-1.9996,-1.9996,473.6,478.5
12849.0,0.2,0.0,0.2,0.2,188.0,188.0,455.2,462.6,0.199,0.199,-1.9996,-1.9996,473.6,478.5
12853.0,0.2,0.0,0.2,0.2,188.0,188.0,455.2,462.6,0.199,0.199,-1.9996,-1.9996,473.6,478.5
12857.0,0.2,0.0,0.2,0.2,188.0,188.0,455.2,462.6,0.199,0.199,-1.9996,-1.9996,473.6,478.5
12860.0,0.2,0.0,0.2,0.2,188.0,188.0,455.2,462.6,0.199,0.199,-1.9996,-1.9996,473.6,478.5
12864.0,0.2,0.0,0.2,0.2,188.0,188.0,455.2,462.6,0.199,0.199,-1.9996,-1.9996,473.6,478.5
12868.0,0.2,0.0,0.2,0.2,188.0,188.0,455.2,462.6,0.199,0.199,-1.9996,-1.9996,473.6,478.5
12871.0,0.2,0.0,0.2,0.2,188.0,188.0,455.2,462.6,0.199,0.199,-1.9996,-1.9996,473.6,478.5
12876.0,0.2,0.0,0.2,0.2,188.0,188.0,455.2,462.6,0.199,0.199,-1.9996,-1.9996,473.6,478.5
12880.0,0.2,0.0,0.2,0.2,188.0,188.0,455.2,462.6,0.199,0.199,-1.9996,-1.9996,473.6,478.5
12884.0,0.2,0.0,0.2,0.2,188.0,188.0,455.2,462.6,0.199,0.199,-1.9996,-1.9996,473.6,478.5
12888.0,0.2,0.0,0.2,0.2,188.0,188.0,455.2,462.6,0.199,0.199,-1.9996,-1.9996,473.6,478.5
12892.0,0.2,0.0,0.2,0.2,188.0,188.0,455.2,462.6,0.199,0.199,-1.9996,-1.9996,473.6,478.5
12895.0,0.2,0.0,0.2,0.2,188.0,188.0,455.2,462.6,0.199,0.199,-1.9996,-1.9996,473.6,478.5
12899.0,0.2,0.0,0.2,0.2,188.0,188.0,455.2,462.6,0.199,0.199,-1.9996,-1.9996,473.6,478.5
12903.0,0.2,0.0,0.2,0.2,188.0,188.0,455.2,462.6,0.199,0.199,-1.9996,-1.9996,473.6,478.5
12906.0,0.2,0.0,0.2,0.2,188.0,188.0,455.2,462.6,0.199,0.199,-1.9996,-1.9996,473.6,478.5
12910.0,0.2,0.0,0.2,0.2,188.0,188.0,455.2,462.6,0.199,0.199,-1.9996,-1.9996,473.6,478.5
12914.0,0.2,0.0,0.2,0.2,188.0,188.0,455.2,462.6,0.199,0.199,-1.9996,-1.9996,473.6,478.5
12918.0,0.2,0.0,0.2,0.2,188.0,188.0,455.2,462.6,0.199,0.199,-1.9996,-1.9996,473.6,478.5
12921.0,0.2,0.0,0.2,0.2,188.0,188.0,455.2,462.6,0.199,0.199,-1.9996,-1.9996,473.6,478.5
12925.0,0.2,0.0,0.2,0.2,188.0,188.0,455.2,462.6,0.199,0.199,-1.9996,-1.9996,473.6,478.5
12929.0,0.2,0.0,0.2,0.2,188.0,188.0,455.2,462.6,0.199,0.199,-1.9996,-1.9996,473.6,478.5
12932.0,0.2,0.0,0.2,0.2,188.0,188.0,455.2,462.6,0.199,0.199,-1.9996,-1.9996,473.6,478.5
12936.0,0.2,0.0,0.2,0.2,188.0,188.0,455.2,462.6,0.199,0.199,-1.9996,-1.9996,473.6,478.5
12940.0,0.2,0.0,0.2,0.2,188.0,188.0,455.2,462.6,0.199,0.199,-1.9996,-1.9996,473.6,478.5
12944.0,0.2,0.0,0.2,0.2,188.0,188.0,455.2,462.6,0.199,0.199,-1.9996,-1.9996,473.6,478.5
12949.0,0.2,0.0,0.2,0.2,188.0,188.0,455.2,462.6,0.199,0.199,-1.9996,-1.9996,473.6,478.5
12952.0,0.2,0.0,0.2,0.2,188.0,188.0,455.2,462.6,0.199,0.199,-1.9996,-1.9996,473.6,478.5
12956.0,0.2,0.0,0.2,0.2,188.0,188.0,455.2,462.6,0.199,0.199,-1.9996,-1.9996,473.6,478.5
12961.0,0.2,0.0,0.2,0.2,188.0,188.0,455.2,462.6,0.199,0.199,-1.9996,-1.9996,473.6,478.5
12964.0,0.2,0.0,0.2,0.2,188.0,188.0,455.2,462.6,0.199,0.199,-1.9996,-1.9996,473.6,478.5
12968.0,0.2,0.0,0.2,0.2,188.0,188.0,454.4,453.2,0.199,0.199,-1.9996,-1.9996,454.1,449.2
12974.0,0.2,0.0,0.2,0.2,188.0,188.0,454.4,453.2,0.199,0.199,-1.9996,-1.9996,454.1,449.2
12978.0,0.2,0.0,0.2,0.2,188.0,188.0,454.4,453.2,0.199,0.199,-1.9996,-1.9996,454.1,449.2
12981.0,0.2,0.0,0.2,0.2,188.0,188.0,454.4,453.2,0.199,0.199,-1.9996,-1.9996,454.1,449.2
12985.0,0.2,0.0,0.2,0.2,188.0,188.0,454.4,453.2,0.199,0.199,-1.9996,-1.9996,454.1,449.2
12989.0,0.2,0.0,0.2,0.2,188.0,188.0,454.4,453.2,0.199,0.199,-1.9996,-1.9996,454.1,449.2
12993.0,0.2,0.0,0.2,0.2,188.0,188.0,454.4,453.2,0.199,0.199,-1.9996,-1.9996,454.1,449.2
12996.0,0.2,0.0,0.2,0.2,188.0,188.0,454.4,453.2,0.199,0.199,-1.9996,-1.9996,454.1,449.2
13000.0,0.2,0.0,0.2,0.2,188.0,188.0,454.4,453.2,0.199,0.199,-1.9996,-1.9996,454.1,449.2
13004.0,0.2,0.0,0.2,0.2,188.0,188.0,454.4,453.2,0.199,0.199,-1.9996,-1.9996,454.1,449.2
13007.0,0.2,0.0,0.2,0.2,188.0,188.0,454.4,453.2,0.199,0.199,-1.9996,-1.9996,454.1,449.2
13011.0,0.2,0.0,0.2,0.2,188.0,188.0,454.4,453.2,0.199,0.199,-1.9996,-1.9996,454.1,449.2
13015.0,0.2,0.0,0.2,0.2,188.0,188.0,454.4,453.2,0.199,0.199,-1.9996,-1.9996,454.1,449.2
13018.0,0.2,0.0,0.2,0.2,188.0,188.0,454.4,453.2,0.199,0.199,-1.9996,-1.9996,454.1,449.2
13022.0,0.2,0.0,0.2,0.2,188.0,188.0,454.4,453.2,0.199,0.199,-1.9996,-1.9996,454.1,449.2
13026.0,0.2,0.0,0.2,0.2,188.0,188.0,454.4,453.2,0.199,0.199,-1.9996,-1.9996,454.1,449.2
13029.0,0.2,0.0,0.2,0.2,188.0,188.0,454.4,453.2,0.199,0.199,-1.9996,-1.9996,454.1,449.2
13033.0,0.2,0.0,0.2,0.2,188.0,188.0,454.4,453.2,0.199,0.199,-1.9996,-1.9996,454.1,449.2
13037.0,0.2,0.0,0.2,0.2,188.0,188.0,454.4,453.2,0.199,0.199,-1.9996,-1.9996,454.1,449.2
13041.0,0.2,0.0,0.2,0.2,188.0,188.0,454.4,453.2,0.199,0.199,-1.9996,-1.9996,454.1,449.2
13044.0,0.2,0.0,0.2,0.2,188.0,188.0,454.4,453.2,0.199,0.199,-1.9996,-1.9996,454.1,449.2
13048.0,0.2,0.0,0.2,0.2,188.0,188.0,454.4,453.2,0.199,0.199,-1.9996,-1.9996,454.1,449.2
13052.0,0.2,0.0,0.2,0.2,188.0,188.0,454.4,453.2,0.199,0.199,-1.9996,-1.9996,454.1,449.2
13055.0,0.2,0.0,0.2,0.2,188.0,188.0,454.4,453.2,0.199,0.199,-1.9996,-1.9996,454.1,449.2
13059.0,0.2,0.0,0.2,0.2,188.0,188.0,454.4,453.2,0.199,0.199,-1.9996,-1.9996,454.1,449.2
13064.0,0.2,0.0,0.2,0.2,188.0,188.0,454.4,453.2,0.199,0.199,-1.9996,-1.9996,454.1,449.2
13069.0,0.2,0.0,0.2,0.2,188.0,188.0,454.4,453.2,0.199,0.199,-1.9996,-1.9996,454.1,449.2
13073.0,0.2,0.0,0.2,0.2,188.0,188.0,454.4,453.2,0.199,0.199,-1.9996,-1.9996,454.1,449.2
13077.0,0.2,0.0,0.2,0.2,188.0,188.0,454.4,453.2,0.199,0.199,-1.9996,-1.9996,454.1,449.2
13080.0,0.2,0.0,0.2,0.2,188.0,188.0,454.4,453.2,0.199,0.199,-1.9996,-1.9996,454.1,449.2
13084.0,0.2,0.0,0.2,0.2,188.0,188.0,454.4,453.2,0.199,0.199,-1.9996,-1.9996,454.1,449.2
13087.0,0.2,0.0,0.2,0.2,188.0,188.0,454.4,453.2,0.199,0.199,-1.9996,-1.9996,454.1,449.2
13091.0,0.2,0.0,0.2,0.2,188.0,188.0,454.4,453.2,0.199,0.199,-1.9996,-1.9996,454.1,449.2
13095.0,0.2,0.0,0.2,0.2,188.0,188.0,454.4,453.2,0.199,0.199,-1.9996,-1.9996,454.1,449.2
13099.0,0.2,0.0,0.2,0.2,188.0,188.0,454.4,453.2,0.199,0.199,-1.9996,-1.9996,454.1,449.2
13102.0,0.2,0.0,0.2,0.2,188.0,188.0,454.4,453.2,0.199,0.199,-1.9996,-1.9996,454.1,449.2
13106.0,0.2,0.0,0.2,0.2,188.0,188.0,454.4,453.2,0.199,0.199,-1.9996,-1.9996,454.1,449.2
13110.0,0.2,0.0,0.2,0.2,188.0,188.0,454.4,453.2,0.199,0.199,-1.9996,-1.9996,454.1,449.2
13113.0,0.2,0.0,0.2,0.2,188.0,188.0,454.4,453.2,0.199,0.199,-1.9996,-1.9996,454.1,449.2
13117.0,0.2,0.0,0.2,0.2,188.0,188.0,454.4,453.2,0.199,0.199,-1.9996,-1.9996,454.1,449.2
13121.0,0.2,0.0,0.2,0.2,188.0,188.0,454.4,453.2,0.199,0.199,-1.9996,-1.9996,454.1,449.2
13124.0,0.2,0.0,0.2,0.2,188.0,188.0,454.4,453.2,0.199,0.199,-1.9996,-1.9996,454.1,449.2
13128.0,0.2,0.0,0.2,0.2,188.0,188.0,454.4,453.2,0.199,0.199,-1.9996,-1.9996,454.1,449.2
13132.0,0.2,0.0,0.2,0.2,188.0,188.0,454.4,453.2,0.199,0.199,-1.9996,-1.9996,454.1,449.2
13136.0,0.2,0.0,0.2,0.2,188.0,188.0,454.4,453.2,0.199,0.199,-1.9996,-1.9996,454.1,449.2
13139.0,0.2,0.0,0.2,0.2,188.0,188.0,454.4,453.2,0.199,0.199,-1.9996,-1.9996,454.1,449.2
13143.0,0.2,0.0,0.2,0.2,188.0,188.0,454.4,453.2,0.199,0.199,-1.9996,-1.9996,454.1,449.2
13147.0,0.2,0.0,0.2,0.2,188.0,188.0,454.4,453.2,0.199,0.199,-1.9996,-1.9996,454.1,449.2
13150.0,0.2,0.0,0.2,0.2,188.0,188.0,454.4,453.2,0.199,0.199,-1.9996,-1.9996,454.1,449.2
13154.0,0.2,0.0,0.2,0.2,188.0,188.0,454.4,453.2,0.199,0.199,-1.9996,-1.9996,454.1,449.2
13160.0,0.2,0.0,0.2,0.2,188.0,188.0,471.3,464.1,0.199,0.199,-1.9996,-1.9996,478.5,468.8
13164.0,0.2,0.0,0.2,0.2,188.0,188.0,471.3,464.1,0.199,0.199,-1.9996,-1.9996,478.5,468.8
13169.0,0.2,0.0,0.2,0.2,188.0,188.0,471.3,464.1,0.199,0.199,-1.9996,-1.9996,478.5,468.8
13173.0,0.2,0.0,0.2,0.2,188.0,188.0,471.3,464.1,0.199,0.199,-1.9996,-1.9996,478.5,468.8
13178.0,0.2,0.0,0.2,0.2,188.0,188.0,471.3,464.1,0.199,0.199,-1.9996,-1.9996,478.5,468.8
13182.0,0.2,0.0,0.2,0.2,188.0,188.0,471.3,464.1,0.199,0.199,-1.9996,-1.9996,478.5,468.8
13187.0,0.2,0.0,0.2,0.2,188.0,188.0,471.3,464.1,0.199,0.199,-1.9996,-1.9996,478.5,468.8
13192.0,0.2,0.0,0.2,0.2,188.0,188.0,471.3,464.1,0.199,0.199,-1.9996,-1.9996,478.5,468.8
13197.0,0.2,0.0,0.2,0.2,188.0,188.0,471.3,464.1,0.199,0.199,-1.9996,-1.9996,478.5,468.8
13201.0,0.2,0.0,0.2,0.2,188.0,188.0,471.3,464.1,0.199,0.199,-1.9996,-1.9996,478.5,468.8
13206.0,0.2,0.0,0.2,0.2,188.0,188.0,471.3,464.1,0.199,0.199,-1.9996,-1.9996,478.5,468.8
13210.0,0.2,0.0,0.2,0.2,188.0,188.0,471.3,464.1,0.199,0.199,-1.9996,-1.9996,478.5,468.8
13214.0,0.2,0.0,0.2,0.2,188.0,188.0,471.3,464.1,0.199,0.199,-1.9996,-1.9996,478.5,468.8
13219.0,0.2,0.0,0.2,0.2,188.0,188.0,471.3,464.1,0.199,0.199,-1.9996,-1.9996,478.5,468.8
13223.0,0.2,0.0,0.2,0.2,188.0,188.0,471.3,464.1,0.199,0.199,-1.9996,-1.9996,478.5,468.8
13228.0,0.2,0.0,0.2,0.2,188.0,188.0,471.3,464.1,0.199,0.199,-1.9996,-1.9996,478.5,468.8
13232.0,0.2,0.0,0.2,0.2,188.0,188.0,471.3,464.1,0.199,0.199,-1.9996,-1.9996,478.5,468.8
13236.0,0.2,0.0,0.2,0.2,188.0,188.0,471.3,464.1,0.199,0.199,-1.9996,-1.9996,478.5,468.8
13241.0,0.2,0.0,0.2,0.2,188.0,188.0,471.3,464.1,0.199,0.199,-1.9996,-1.9996,478.5,468.8
13245.0,0.2,0.0,0.2,0.2,188.0,188.0,471.3,464.1,0.199,0.199,-1.9996,-1.9996,478.5,468.8
13250.0,0.2,0.0,0.2,0.2,188.0,188.0,471.3,464.1,0.199,0.199,-1.9996,-1.9996,478.5,468.8
13255.0,0.2,0.0,0.2,0.2,188.0,188.0,471.3,464.1,0.199,0.199,-1.9996,-1.9996,478.5,468.8
13260.0,0.2,0.0,0.2,0.2,188.0,188.0,471.3,464.1,0.199,0.199,-1.9996,-1.9996,478.5,468.8
13264.0,0.2,0.0,0.2,0.2,188.0,188.0,471.3,464.1,0.199,0.199,-1.9996,-1.9996,478.5,468.8
13269.0,0.2,0.0,0.2,0.2,188.0,188.0,471.3,464.1,0.199,0.199,-1.9996,-1.9996,478.5,468.8
13273.0,0.2,0.0,0.2,0.2,188.0,188.0,471.3,464.1,0.199,0.199,-1.9996,-1.9996,478.5,468.8
13278.0,0.2,0.0,0.2,0.2,188.0,188.0,471.3,464.1,0.199,0.199,-1.9996,-1.9996,478.5,468.8
13282.0,0.2,0.0,0.2,0.2,188.0,188.0,471.3,464.1,0.199,0.199,-1.9996,-1.9996,478.5,468.8
13286.0,0.2,0.0,0.2,0.2,188.0,188.0,471.3,464.1,0.199,0.199,-1.9996,-1.9996,478.5,468.8
13290.0,0.2,0.0,0.2,0.2,188.0,188.0,471.3,464.1,0.199,0.199,-1.9996,-1.9996,478.5,468.8
13295.0,0.2,0.0,0.2,0.2,188.0,188.0,471.3,464.1,0.199,0.199,-1.9996,-1.9996,478.5,468.8
13299.0,0.2,0.0,0.2,0.2,188.0,188.0,471.3,464.1,0.199,0.199,-1.9996,-1.9996,478.5,468.8
13304.0,0.2,0.0,0.2,0.2,188.0,188.0,471.3,464.1,0.199,0.199,-1.9996,-1.9996,478.5,468.8
13308.0,0.2,0.0,0.2,0.2,188.0,188.0,471.3,464.1,0.199,0.199,-1.9996,-1.9996,478.5,468.8
13313.0,0.2,0.0,0.2,0.2,188.0,188.0,471.3,464.1,0.199,0.199,-1.9996,-1.9996,478.5,468.8
13318.0,0.2,0.0,0.2,0.2,188.0,188.0,471.3,464.1,0.199,0.199,-1.9996,-1.9996,478.5,468.8
13322.0,0.2,0.0,0.2,0.2,188.0,188.0,471.3,464.1,0.199,0.199,-1.9996,-1.9996,478.5,468.8
13327.0,0.2,0.0,0.2,0.2,188.0,188.0,471.3,464.1,0.199,0.199,-1.9996,-1.9996,478.5,468.8
13331.0,0.2,0.0,0.2,0.2,188.0,188.0,471.3,464.1,0.199,0.199,-1.9996,-1.9996,478.5,468.8
13336.0,0.2,0.0,0.2,0.2,188.0,188.0,471.3,464.1,0.199,0.199,-1.9996,-1.9996,478.5,468.8
13340.0,0.2,0.0,0.2,0.2,188.0,188.0,471.3,464.1,0.199,0.199,-1.9996,-1.9996,478.5,468.8
13345.0,0.2,0.0,0.2,0.2,188.0,188.0,471.3,464.1,0.199,0.199,-1.9996,-1.9996,478.5,468.8
13351.0,0.2,0.0,0.2,0.2,188.0,188.0,425.1,426.3,0.199,0.199,-1.9996,-1.9996,405.3,410.2
13355.0,0.2,0.0,0.2,0.2,188.0,188.0,425.1,426.3,0.199,0.199,-1.9996,-1.9996,405.3,410.2
13359.0,0.2,0.0,0.2,0.2,188.0,188.0,425.1,426.3,0.199,0.199,-1.9996,-1.9996,405.3,410.2
13363.0,0.2,0.0,0.2,0.2,188.0,188.0,425.1,426.3,0.199,0.199,-1.9996,-1.9996,405.3,410.2
13366.0,0.2,0.0,0.2,0.2,188.0,188.0,425.1,426.3,0.199,0.199,-1.9996,-1.9996,405.3,410.2
13370.0,0.2,0.0,0.2,0.2,188.0,188.0,425.1,426.3,0.199,0.199,-1.9996,-1.9996,405.3,410.2
13374.0,0.2,0.0,0.2,0.2,188.0,188.0,425.1,426.3,0.199,0.199,-1.9996,-1.9996,405.3,410.2
13377.0,0.2,0.0,0.2,0.2,188.0,188.0,425.1,426.3,0.199,0.199,-1.9996,-1.9996,405.3,410.2
13381.0,0.2,0.0,0.2,0.2,188.0,188.0,425.1,426.3,0.199,0.199,-1.9996,-1.9996,405.3,410.2
13385.0,0.2,0.0,0.2,0.2,188.0,188.0,425.1,426.3,0.199,0.199,-1.9996,-1.9996,405.3,410.2
13388.0,0.2,0.0,0.2,0.2,188.0,188.0,425.1,426.3,0.199,0.199,-1.9996,-1.9996,405.3,410.2
13392.0,0.2,0.0,0.2,0.2,188.0,188.0,425.1,426.3,0.199,0.199,-1.9996,-1.9996,405.3,410.2
13396.0,0.2,0.0,0.2,0.2,188.0,188.0,425.1,426.3,0.199,0.199,-1.9996,-1.9996,405.3,410.2
13399.0,0.2,0.0,0.2,0.2,188.0,188.0,425.1,426.3,0.199,0.199,-1.9996,-1.9996,405.3,410.2
13403.0,0.2,0.0,0.2,0.2,188.0,188.0,425.1,426.3,0.199,0.199,-1.9996,-1.9996,405.3,410.2
13407.0,0.2,0.0,0.2,0.2,188.0,188.0,425.1,426.3,0.199,0.199,-1.9996,-1.9996,405.3,410.2
13411.0,0.2,0.0,0.2,0.2,188.0,188.0,425.1,426.3,0.199,0.199,-1.9996,-1.9996,405.3,410.2
13414.0,0.2,0.0,0.2,0.2,188.0,188.0,425.1,426.3,0.199,0.199,-1.9996,-1.9996,405.3,410.2
13418.0,0.2,0.0,0.2,0.2,188.0,188.0,425.1,426.3,0.199,0.199,-1.9996,-1.9996,405.3,410.2
13421.0,0.2,0.0,0.2,0.2,188.0,188.0,425.1,426.3,0.199,0.199,-1.9996,-1.9996,405.3,410.2
13425.0,0.2,0.0,0.2,0.2,188.0,188.0,425.1,426.3,0.199,0.199,-1.9996,-1.9996,405.3,410.2
13429.0,0.2,0.0,0.2,0.2,188.0,188.0,425.1,426.3,0.199,0.199,-1.9996,-1.9996,405.3,410.2
13433.0,0.2,0.0,0.2,0.2,188.0,188.0,425.1,426.3,0.199,0.199,-1.9996,-1.9996,405.3,410.2
13437.0,0.2,0.0,0.2,0.2,188.0,188.0,425.1,426.3,0.199,0.199,-1.9996,-1.9996,405.3,410.2
13441.0,0.2,0.0,0.2,0.2,188.0,188.0,425.1,426.3,0.199,0.199,-1.9996,-1.9996,405.3,410.2
13447.0,0.2,0.0,0.2,0.2,188.0,188.0,425.1,426.3,0.199,0.199,-1.9996,-1.9996,405.3,410.2
13451.0,0.2,0.0,0.2,0.2,188.0,188.0,425.1,426.3,0.199,0.199,-1.9996,-1.9996,405.3,410.2
13454.0,0.2,0.0,0.2,0.2,188.0,188.0,425.1,426.3,0.199,0.199,-1.9996,-1.9996,405.3,410.2
13458.0,0.2,0.0,0.2,0.2,188.0,188.0,425.1,426.3,0.199,0.199,-1.9996,-1.9996,405.3,410.2
13462.0,0.2,0.0,0.2,0.2,188.0,188.0,425.1,426.3,0.199,0.199,-1.9996,-1.9996,405.3,410.2
13465.0,0.2,0.0,0.2,0.2,188.0,188.0,425.1,426.3,0.199,0.199,-1.9996,-1.9996,405.3,410.2
13469.0,0.2,0.0,0.2,0.2,188.0,188.0,425.1,426.3,0.199,0.199,-1.9996,-1.9996,405.3,410.2
13473.0,0.2,0.0,0.2,0.2,188.0,188.0,425.1,426.3,0.199,0.199,-1.9996,-1.9996,405.3,410.2
13476.0,0.2,0.0,0.2,0.2,188.0,188.0,425.1,426.3,0.199,0.199,-1.9996,-1.9996,405.3,410.2
13480.0,0.2,0.0,0.2,0.2,188.0,188.0,425.1,426.3,0.199,0.199,-1.9996,-1.9996,405.3,410.2
13484.0,0.2,0.0,0.2,0.2,188.0,188.0,425.1,426.3,0.199,0.199,-1.9996,-1.9996,405.3,410.2
13487.0,0.2,0.0,0.2,0.2,188.0,188.0,425.1,426.3,0.199,0.199,-1.9996,-1.9996,405.3,410.2
13491.0,0.2,0.0,0.2,0.2,188.0,188.0,425.1,426.3,0.199,0.199,-1.9996,-1.9996,405.3,410.2
13495.0,0.2,0.0,0.2,0.2,188.0,188.0,425.1,426.3,0.199,0.199,-1.9996,-1.9996,405.3,410.2
13499.0,0.2,0.0,0.2,0.2,188.0,188.0,425.1,426.3,0.199,0.199,-1.9996,-1.9996,405.3,410.2
13502.0,0.2,0.0,0.2,0.2,188.0,188.0,425.1,426.3,0.199,0.199,-1.9996,-1.9996,405.3,410.2
13506.0,0.2,0.0,0.2,0.2,188.0,188.0,425.1,426.3,0.199,0.199,-1.9996,-1.9996,405.3,410.2
13510.0,0.2,0.0,0.2,0.2,188.0,188.0,425.1,426.3,0.199,0.199,-1.9996,-1.9996,405.3,410.2
13513.0,0.2,0.0,0.2,0.2,188.0,188.0,425.1,426.3,0.199,0.199,-1.9996,-1.9996,405.3,410.2
13517.0,0.2,0.0,0.2,0.2,188.0,188.0,425.1,426.3,0.199,0.199,-1.9996,-1.9996,405.3,410.2
13521.0,0.2,0.0,0.2,0.2,188.0,188.0,425.1,426.3,0.199,0.199,-1.9996,-1.9996,405.3,410.2
13524.0,0.2,0.0,0.2,0.2,188.0,188.0,425.1,426.3,0.199,0.199,-1.9996,-1.9996,405.3,410.2
13528.0,0.2,0.0,0.2,0.2,188.0,188.0,425.1,426.3,0.199,0.199,-1.9996,-1.9996,405.3,410.2
13532.0,0.2,0.0,0.2,0.2,188.0,188.0,425.1,426.3,0.199,0.199,-1.9996,-1.9996,405.3,410.2
13535.0,0.2,0.0,0.2,0.2,188.0,188.0,425.1,426.3,0.199,0.199,-1.9996,-1.9996,405.3,410.2
13541.0,0.2,0.0,0.2,0.2,188.0,188.0,462.5,462.9,0.199,0.199,-1.9996,-1.9996,478.5,478.5
13545.0,0.2,0.0,0.2,0.2,188.0,188.0,462.5,462.9,0.199,0.199,-1.9996,-1.9996,478.5,478.5
13549.0,0.2,0.0,0.2,0.2,188.0,188.0,462.5,462.9,0.199,0.199,-1.9996,-1.9996,478.5,478.5
13553.0,0.2,0.0,0.2,0.2,188.0,188.0,462.5,462.9,0.199,0.199,-1.9996,-1.9996,478.5,478.5
13557.0,0.2,0.0,0.2,0.2,188.0,188.0,462.5,462.9,0.199,0.199,-1.9996,-1.9996,478.5,478.5
13561.0,0.2,0.0,0.2,0.2,188.0,188.0,462.5,462.9,0.199,0.199,-1.9996,-1.9996,478.5,478.5
13565.0,0.2,0.0,0.2,0.2,188.0,188.0,462.5,462.9,0.199,0.199,-1.9996,-1.9996,478.5,478.5
13569.0,0.2,0.0,0.2,0.2,188.0,188.0,462.5,462.9,0.199,0.199,-1.9996,-1.9996,478.5,478.5
13572.0,0.2,0.0,0.2,0.2,188.0,188.0,462.5,462.9,0.199,0.199,-1.9996,-1.9996,478.5,478.5
13576.0,0.2,0.0,0.2,0.2,188.0,188.0,462.5,462.9,0.199,0.199,-1.9996,-1.9996,478.5,478.5
13580.0,0.2,0.0,0.2,0.2,188.0,188.0,462.5,462.9,0.199,0.199,-1.9996,-1.9996,478.5,478.5
13584.0,0.2,0.0,0.2,0.2,188.0,188.0,462.5,462.9,0.199,0.199,-1.9996,-1.9996,478.5,478.5
13587.0,0.2,0.0,0.2,0.2,188.0,188.0,462.5,462.9,0.199,0.199,-1.9996,-1.9996,478.5,478.5
13591.0,0.2,0.0,0.2,0.2,188.0,188.0,462.5,462.9,0.199,0.199,-1.9996,-1.9996,478.5,478.5
13595.0,0.2,0.0,0.2,0.2,188.0,188.0,462.5,462.9,0.199,0.199,-1.9996,-1.9996,478.5,478.5
13598.0,0.2,0.0,0.2,0.2,188.0,188.0,462.5,462.9,0.199,0.199,-1.9996,-1.9996,478.5,478.5
13602.0,0.2,0.0,0.2,0.2,188.0,188.0,462.5,462.9,0.199,0.199,-1.9996,-1.9996,478.5,478.5
13606.0,0.2,0.0,0.2,0.2,188.0,188.0,462.5,462.9,0.199,0.199,-1.9996,-1.9996,478.5,478.5
13609.0,0.2,0.0,0.2,0.2,188.0,188.0,462.5,462.9,0.199,0.199,-1.9996,-1.9996,478.5,478.5
13613.0,0.2,0.0,0.2,0.2,188.0,188.0,462.5,462.9,0.199,0.199,-1.9996,-1.9996,478.5,478.5
13617.0,0.2,0.0,0.2,0.2,188.0,188.0,462.5,462.9,0.199,0.199,-1.9996,-1.9996,478.5,478.5
13620.0,0.2,0.0,0.2,0.2,188.0,188.0,462.5,462.9,0.199,0.199,-1.9996,-1.9996,478.5,478.5
13624.0,0.2,0.0,0.2,0.2,188.0,188.0,462.5,462.9,0.199,0.199,-1.9996,-1.9996,478.5,478.5
13628.0,0.2,0.0,0.2,0.2,188.0,188.0,462.5,462.9,0.199,0.199,-1.9996,-1.9996,478.5,478.5
13631.0,0.2,0.0,0.2,0.2,188.0,188.0,462.5,462.9,0.199,0.199,-1.9996,-1.9996,478.5,478.5
13637.0,0.2,0.0,0.2,0.2,188.0,188.0,462.5,462.9,0.199,0.199,-1.9996,-1.9996,478.5,478.5
13640.0,0.2,0.0,0.2,0.2,188.0,188.0,462.5,462.9,0.199,0.199,-1.9996,-1.9996,478.5,478.5
13644.0,0.2,0.0,0.2,0.2,188.0,188.0,462.5,462.9,0.199,0.199,-1.9996,-1.9996,478.5,478.5
13648.0,0.2,0.0,0.2,0.2,188.0,188.0,462.5,462.9,0.199,0.199,-1.9996,-1.9996,478.5,478.5
13652.0,0.2,0.0,0.2,0.2,188.0,188.0,462.5,462.9,0.199,0.199,-1.9996,-1.9996,478.5,478.5
13655.0,0.2,0.0,0.2,0.2,188.0,188.0,462.5,462.9,0.199,0.199,-1.9996,-1.9996,478.5,478.5
13659.0,0.2,0.0,0.2,0.2,188.0,188.0,462.5,462.9,0.199,0.199,-1.9996,-1.9996,478.5,478.5
13663.0,0.2,0.0,0.2,0.2,188.0,188.0,462.5,462.9,0.199,0.199,-1.9996,-1.9996,478.5,478.5
13666.0,0.2,0.0,0.2,0.2,188.0,188.0,462.5,462.9,0.199,0.199,-1.9996,-1.9996,478.5,478.5
13670.0,0.2,0.0,0.2,0.2,188.0,188.0,462.5,462.9,0.199,0.199,-1.9996,-1.9996,478.5,478.5
13674.0,0.2,0.0,0.2,0.2,188.0,188.0,462.5,462.9,0.199,0.199,-1.9996,-1.9996,478.5,478.5
13678.0,0.2,0.0,0.2,0.2,188.0,188.0,462.5,462.9,0.199,0.199,-1.9996,-1.9996,478.5,478.5
13682.0,0.2,0.0,0.2,0.2,188.0,188.0,462.5,462.9,0.199,0.199,-1.9996,-1.9996,478.5,478.5
13686.0,0.2,0.0,0.2,0.2,188.0,188.0,462.5,462.9,0.199,0.199,-1.9996,-1.9996,478.5,478.5
13690.0,0.2,0.0,0.2,0.2,188.0,188.0,462.5,462.9,0.199,0.199,-1.9996,-1.9996,478.5,478.5
13693.0,0.2,0.0,0.2,0.2,188.0,188.0,462.5,462.9,0.199,0.199,-1.9996,-1.9996,478.5,478.5
13697.0,0.2,0.0,0.2,0.2,188.0,188.0,462.5,462.9,0.199,0.199,-1.9996,-1.9996,478.5,478.5
13701.0,0.2,0.0,0.2,0.2,188.0,188.0,462.5,462.9,0.199,0.199,-1.9996,-1.9996,478.5,478.5
13705.0,0.2,0.0,0.2,0.2,188.0,188.0,462.5,462.9,0.199,0.199,-1.9996,-1.9996,478.5,478.5
13708.0,0.2,0.0,0.2,0.2,188.0,188.0,462.5,462.9,0.199,0.199,-1.9996,-1.9996,478.5,478.5
13712.0,0.2,0.0,0.2,0.2,188.0,188.0,462.5,462.9,0.199,0.199,-1.9996,-1.9996,478.5,478.5
13716.0,0.2,0.0,0.2,0.2,188.0,188.0,462.5,462.9,0.199,0.199,-1.9996,-1.9996,478.5,478.5
13719.0,0.2,0.0,0.2,0.2,188.0,188.0,462.5,462.9,0.199,0.199,-1.9996,-1.9996,478.5,478.5
13723.0,0.2,0.0,0.2,0.2,188.0,188.0,462.5,462.9,0.199,0.199,-1.9996,-1.9996,478.5,478.5
13729.0,0.2,0.0,0.2,0.2,188.0,188.0,460.0,470.4,0.199,0.199,-1.9996,-1.9996,459.0,473.6
13733.0,0.2,0.0,0.2,0.2,188.0,188.0,460.0,470.4,0.199,0.199,-1.9996,-1.9996,459.0,473.6
13737.0,0.2,0.0,0.2,0.2,188.0,188.0,460.0,470.4,0.199,0.199,-1.9996,-1.9996,459.0,473.6
13741.0,0.2,0.0,0.2,0.2,188.0,188.0,460.0,470.4,0.199,0.199,-1.9996,-1.9996,459.0,473.6
13744.0,0.2,0.0,0.2,0.2,188.0,188.0,460.0,470.4,0.199,0.199,-1.9996,-1.9996,459.0,473.6
13748.0,0.2,0.0,0.2,0.2,188.0,188.0,460.0,470.4,0.199,0.199,-1.9996,-1.9996,459.0,473.6
13752.0,0.2,0.0,0.2,0.2,188.0,188.0,460.0,470.4,0.199,0.199,-1.9996,-1.9996,459.0,473.6
13755.0,0.2,0.0,0.2,0.2,188.0,188.0,460.0,470.4,0.199,0.199,-1.9996,-1.9996,459.0,473.6
13759.0,0.2,0.0,0.2,0.2,188.0,188.0,460.0,470.4,0.199,0.199,-1.9996,-1.9996,459.0,473.6
13763.0,0.2,0.0,0.2,0.2,188.0,188.0,460.0,470.4,0.199,0.199,-1.9996,-1.9996,459.0,473.6
13767.0,0.2,0.0,0.2,0.2,188.0,188.0,460.0,470.4,0.199,0.199,-1.9996,-1.9996,459.0,473.6
13770.0,0.2,0.0,0.2,0.2,188.0,188.0,460.0,470.4,0.199,0.199,-1.9996,-1.9996,459.0,473.6
13774.0,0.2,0.0,0.2,0.2,188.0,188.0,460.0,470.4,0.199,0.199,-1.9996,-1.9996,459.0,473.6
13778.0,0.2,0.0,0.2,0.2,188.0,188.0,460.0,470.4,0.199,0.199,-1.9996,-1.9996,459.0,473.6
13781.0,0.2,0.0,0.2,0.2,188.0,188.0,460.0,470.4,0.199,0.199,-1.9996,-1.9996,459.0,473.6
13785.0,0.2,0.0,0.2,0.2,188.0,188.0,460.0,470.4,0.199,0.199,-1.9996,-1.9996,459.0,473.6
13789.0,0.2,0.0,0.2,0.2,188.0,188.0,460.0,470.4,0.199,0.199,-1.9996,-1.9996,459.0,473.6
13792.0,0.2,0.0,0.2,0.2,188.0,188.0,460.0,470.4,0.199,0.199,-1.9996,-1.9996,459.0,473.6
13796.0,0.2,0.0,0.2,0.2,188.0,188.0,460.0,470.4,0.199,0.199,-1.9996,-1.9996,459.0,473.6
13801.0,0.2,0.0,0.2,0.2,188.0,188.0,460.0,470.4,0.199,0.199,-1.9996,-1.9996,459.0,473.6
13805.0,0.2,0.0,0.2,0.2,188.0,188.0,460.0,470.4,0.199,0.199,-1.9996,-1.9996,459.0,473.6
13808.0,0.2,0.0,0.2,0.2,188.0,188.0,460.0,470.4,0.199,0.199,-1.9996,-1.9996,459.0,473.6
13812.0,0.2,0.0,0.2,0.2,188.0,188.0,460.0,470.4,0.199,0.199,-1.9996,-1.9996,459.0,473.6
13816.0,0.2,0.0,0.2,0.2,188.0,188.0,460.0,470.4,0.199,0.199,-1.9996,-1.9996,459.0,473.6
13819.0,0.2,0.0,0.2,0.2,188.0,188.0,460.0,470.4,0.199,0.199,-1.9996,-1.9996,459.0,473.6
13825.0,0.2,0.0,0.2,0.2,188.0,188.0,460.0,470.4,0.199,0.199,-1.9996,-1.9996,459.0,473.6
13828.0,0.2,0.0,0.2,0.2,188.0,188.0,460.0,470.4,0.199,0.199,-1.9996,-1.9996,459.0,473.6
13832.0,0.2,0.0,0.2,0.2,188.0,188.0,460.0,470.4,0.199,0.199,-1.9996,-1.9996,459.0,473.6
13835.0,0.2,0.0,0.2,0.2,188.0,188.0,460.0,470.4,0.199,0.199,-1.9996,-1.9996,459.0,473.6
13839.0,0.2,0.0,0.2,0.2,188.0,188.0,460.0,470.4,0.199,0.199,-1.9996,-1.9996,459.0,473.6
13843.0,0.2,0.0,0.2,0.2,188.0,188.0,460.0,470.4,0.199,0.199,-1.9996,-1.9996,459.0,473.6
13847.0,0.2,0.0,0.2,0.2,188.0,188.0,460.0,470.4,0.199,0.199,-1.9996,-1.9996,459.0,473.6
13850.0,0.2,0.0,0.2,0.2,188.0,188.0,460.0,470.4,0.199,0.199,-1.9996,-1.9996,459.0,473.6
13854.0,0.2,0.0,0.2,0.2,188.0,188.0,460.0,470.4,0.199,0.199,-1.9996,-1.9996,459.0,473.6
13858.0,0.2,0.0,0.2,0.2,188.0,188.0,460.0,470.4,0.199,0.199,-1.9996,-1.9996,459.0,473.6
13862.0,0.2,0.0,0.2,0.2,188.0,188.0,460.0,470.4,0.199,0.199,-1.9996,-1.9996,459.0,473.6
13865.0,0.2,0.0,0.2,0.2,188.0,188.0,460.0,470.4,0.199,0.199,-1.9996,-1.9996,459.0,473.6
13869.0,0.2,0.0,0.2,0.2,188.0,188.0,460.0,470.4,0.199,0.199,-1.9996,-1.9996,459.0,473.6
13873.0,0.2,0.0,0.2,0.2,188.0,188.0,460.0,470.4,0.199,0.199,-1.9996,-1.9996,459.0,473.6
13876.0,0.2,0.0,0.2,0.2,188.0,188.0,460.0,470.4,0.199,0.199,-1.9996,-1.9996,459.0,473.6
13880.0,0.2,0.0,0.2,0.2,188.0,188.0,460.0,470.4,0.199,0.199,-1.9996,-1.9996,459.0,473.6
13884.0,0.2,0.0,0.2,0.2,188.0,188.0,460.0,470.4,0.199,0.199,-1.9996,-1.9996,459.0,473.6
13887.0,0.2,0.0,0.2,0.2,188.0,188.0,460.0,470.4,0.199,0.199,-1.9996,-1.9996,459.0,473.6
13891.0,0.2,0.0,0.2,0.2,188.0,188.0,460.0,470.4,0.199,0.199,-1.9996,-1.9996,459.0,473.6
13895.0,0.2,0.0,0.2,0.2,188.0,188.0,460.0,470.4,0.199,0.199,-1.9996,-1.9996,459.0,473.6
13898.0,0.2,0.0,0.2,0.2,188.0,188.0,460.0,470.4,0.199,0.199,-1.9996,-1.9996,459.0,473.6
13902.0,0.2,0.0,0.2,0.2,188.0,188.0,460.0,470.4,0.199,0.199,-1.9996,-1.9996,459.0,473.6
13906.0,0.2,0.0,0.2,0.2,188.0,188.0,460.0,470.4,0.199,0.199,-1.9996,-1.9996,459.0,473.6
13910.0,0.2,0.0,0.2,0.2,188.0,188.0,460.0,470.4,0.199,0.199,-1.9996,-1.9996,459.0,473.6
13913.0,0.2,0.0,0.2,0.2,188.0,188.0,460.0,470.4,0.199,0.199,-1.9996,-1.9996,459.0,473.6
13919.0,0.2,0.0,0.2,0.2,188.0,188.0,459.3,482.9,0.199,0.199,-1.9996,-1.9996,459.0,488.3
13924.0,0.2,0.0,0.2,0.2,188.0,188.0,459.3,482.9,0.199,0.199,-1.9996,-1.9996,459.0,488.3
13928.0,0.2,0.0,0.2,0.2,188.0,188.0,459.3,482.9,0.199,0.199,-1.9996,-1.9996,459.0,488.3
13932.0,0.2,0.0,0.2,0.2,188.0,188.0,459.3,482.9,0.199,0.199,-1.9996,-1.9996,459.0,488.3
13936.0,0.2,0.0,0.2,0.2,188.0,188.0,459.3,482.9,0.199,0.199,-1.9996,-1.9996,459.0,488.3
13939.0,0.2,0.0,0.2,0.2,188.0,188.0,459.3,482.9,0.199,0.199,-1.9996,-1.9996,459.0,488.3
13943.0,0.2,0.0,0.2,0.2,188.0,188.0,459.3,482.9,0.199,0.199,-1.9996,-1.9996,459.0,488.3
13947.0,0.2,0.0,0.2,0.2,188.0,188.0,459.3,482.9,0.199,0.199,-1.9996,-1.9996,459.0,488.3
13951.0,0.2,0.0,0.2,0.2,188.0,188.0,459.3,482.9,0.199,0.199,-1.9996,-1.9996,459.0,488.3
13954.0,0.2,0.0,0.2,0.2,188.0,188.0,459.3,482.9,0.199,0.199,-1.9996,-1.9996,459.0,488.3
13958.0,0.2,0.0,0.2,0.2,188.0,188.0,459.3,482.9,0.199,0.199,-1.9996,-1.9996,459.0,488.3
13962.0,0.2,0.0,0.2,0.2,188.0,188.0,459.3,482.9,0.199,0.199,-1.9996,-1.9996,459.0,488.3
13966.0,0.2,0.0,0.2,0.2,188.0,188.0,459.3,482.9,0.199,0.199,-1.9996,-1.9996,459.0,488.3
13970.0,0.2,0.0,0.2,0.2,188.0,188.0,459.3,482.9,0.199,0.199,-1.9996,-1.9996,459.0,488.3
13974.0,0.2,0.0,0.2,0.2,188.0,188.0,459.3,482.9,0.199,0.199,-1.9996,-1.9996,459.0,488.3
13977.0,0.2,0.0,0.2,0.2,188.0,188.0,459.3,482.9,0.199,0.199,-1.9996,-1.9996,459.0,488.3
13981.0,0.2,0.0,0.2,0.2,188.0,188.0,459.3,482.9,0.199,0.199,-1.9996,-1.9996,459.0,488.3
13985.0,0.2,0.0,0.2,0.2,188.0,188.0,459.3,482.9,0.199,0.199,-1.9996,-1.9996,459.0,488.3
13989.0,0.2,0.0,0.2,0.2,188.0,188.0,459.3,482.9,0.199,0.199,-1.9996,-1.9996,459.0,488.3
13992.0,0.2,0.0,0.2,0.2,188.0,188.0,459.3,482.9,0.199,0.199,-1.9996,-1.9996,459.0,488.3
13996.0,0.2,0.0,0.2,0.2,188.0,188.0,459.3,482.9,0.199,0.199,-1.9996,-1.9996,459.0,488.3
14000.0,0.2,0.0,0.2,0.2,188.0,188.0,459.3,482.9,0.199,0.199,-1.9996,-1.9996,459.0,488.3
14003.0,0.2,0.0,0.2,0.2,188.0,188.0,459.3,482.9,0.199,0.199,-1.9996,-1.9996,459.0,488.3
14007.0,0.2,0.0,0.2,0.2,188.0,188.0,459.3,482.9,0.199,0.199,-1.9996,-1.9996,459.0,488.3
14012.0,0.2,0.0,0.2,0.2,188.0,188.0,459.3,482.9,0.199,0.199,-1.9996,-1.9996,459.0,488.3
14016.0,0.2,0.0,0.2,0.2,188.0,188.0,459.3,482.9,0.199,0.199,-1.9996,-1.9996,459.0,488.3
14020.0,0.2,0.0,0.2,0.2,188.0,188.0,459.3,482.9,0.199,0.199,-1.9996,-1.9996,459.0,488.3
14024.0,0.2,0.0,0.2,0.2,188.0,188.0,459.3,482.9,0.199,0.199,-1.9996,-1.9996,459.0,488.3
14027.0,0.2,0.0,0.2,0.2,188.0,188.0,459.3,482.9,0.199,0.199,-1.9996,-1.9996,459.0,488.3
14031.0,0.2,0.0,0.2,0.2,188.0,188.0,459.3,482.9,0.199,0.199,-1.9996,-1.9996,459.0,488.3
14035.0,0.2,0.0,0.2,0.2,188.0,188.0,459.3,482.9,0.199,0.199,-1.9996,-1.9996,459.0,488.3
14038.0,0.2,0.0,0.2,0.2,188.0,188.0,459.3,482.9,0.199,0.199,-1.9996,-1.9996,459.0,488.3
14042.0,0.2,0.0,0.2,0.2,188.0,188.0,459.3,482.9,0.199,0.199,-1.9996,-1.9996,459.0,488.3
14047.0,0.2,0.0,0.2,0.2,188.0,188.0,459.3,482.9,0.199,0.199,-1.9996,-1.9996,459.0,488.3
14051.0,0.2,0.0,0.2,0.2,188.0,188.0,459.3,482.9,0.199,0.199,-1.9996,-1.9996,459.0,488.3
14055.0,0.2,0.0,0.2,0.2,188.0,188.0,459.3,482.9,0.199,0.199,-1.9996,-1.9996,459.0,488.3
14058.0,0.2,0.0,0.2,0.2,188.0,188.0,459.3,482.9,0.199,0.199,-1.9996,-1.9996,459.0,488.3
14062.0,0.2,0.0,0.2,0.2,188.0,188.0,459.3,482.9,0.199,0.199,-1.9996,-1.9996,459.0,488.3
14066.0,0.2,0.0,0.2,0.2,188.0,188.0,459.3,482.9,0.199,0.199,-1.9996,-1.9996,459.0,488.3
14069.0,0.2,0.0,0.2,0.2,188.0,188.0,459.3,482.9,0.199,0.199,-1.9996,-1.9996,459.0,488.3
14073.0,0.2,0.0,0.2,0.2,188.0,188.0,459.3,482.9,0.199,0.199,-1.9996,-1.9996,459.0,488.3
14077.0,0.2,0.0,0.2,0.2,188.0,188.0,459.3,482.9,0.199,0.199,-1.9996,-1.9996,459.0,488.3
14080.0,0.2,0.0,0.2,0.2,188.0,188.0,459.3,482.9,0.199,0.199,-1.9996,-1.9996,459.0,488.3
14084.0,0.2,0.0,0.2,0.2,188.0,188.0,459.3,482.9,0.199,0.199,-1.9996,-1.9996,459.0,488.3
14088.0,0.2,0.0,0.2,0.2,188.0,188.0,459.3,482.9,0.199,0.199,-1.9996,-1.9996,459.0,488.3
14091.0,0.2,0.0,0.2,0.2,188.0,188.0,459.3,482.9,0.199,0.199,-1.9996,-1.9996,459.0,488.3
14095.0,0.2,0.0,0.2,0.2,188.0,188.0,459.3,482.9,0.199,0.199,-1.9996,-1.9996,459.0,488.3
14099.0,0.2,0.0,0.2,0.2,188.0,188.0,459.3,482.9,0.199,0.199,-1.9996,-1.9996,459.0,488.3
14102.0,0.2,0.0,0.2,0.2,188.0,188.0,459.3,482.9,0.199,0.199,-1.9996,-1.9996,459.0,488.3
14108.0,0.2,0.0,0.2,0.2,188.0,188.0,445.4,466.2,0.199,0.199,-1.9996,-1.9996,439.5,459.0
14112.0,0.2,0.0,0.2,0.2,188.0,188.0,445.4,466.2,0.199,0.199,-1.9996,-1.9996,439.5,459.0
14116.0,0.2,0.0,0.2,0.2,188.0,188.0,445.4,466.2,0.199,0.199,-1.9996,-1.9996,439.5,459.0
14120.0,0.2,0.0,0.2,0.2,188.0,188.0,445.4,466.2,0.199,0.199,-1.9996,-1.9996,439.5,459.0
14123.0,0.2,0.0,0.2,0.2,188.0,188.0,445.4,466.2,0.199,0.199,-1.9996,-1.9996,439.5,459.0
14127.0,0.2,0.0,0.2,0.2,188.0,188.0,445.4,466.2,0.199,0.199,-1.9996,-1.9996,439.5,459.0
14131.0,0.2,0.0,0.2,0.2,188.0,188.0,445.4,466.2,0.199,0.199,-1.9996,-1.9996,439.5,459.0
14134.0,0.2,0.0,0.2,0.2,188.0,188.0,445.4,466.2,0.199,0.199,-1.9996,-1.9996,439.5,459.0
14138.0,0.2,0.0,0.2,0.2,188.0,188.0,445.4,466.2,0.199,0.199,-1.9996,-1.9996,439.5,459.0
14142.0,0.2,0.0,0.2,0.2,188.0,188.0,445.4,466.2,0.199,0.199,-1.9996,-1.9996,439.5,459.0
14145.0,0.2,0.0,0.2,0.2,188.0,188.0,445.4,466.2,0.199,0.199,-1.9996,-1.9996,439.5,459.0
14149.0,0.2,0.0,0.2,0.2,188.0,188.0,445.4,466.2,0.199,0.199,-1.9996,-1.9996,439.5,459.0
14153.0,0.2,0.0,0.2,0.2,188.0,188.0,445.4,466.2,0.199,0.199,-1.9996,-1.9996,439.5,459.0
14156.0,0.2,0.0,0.2,0.2,188.0,188.0,445.4,466.2,0.199,0.199,-1.9996,-1.9996,439.5,459.0
14160.0,0.2,0.0,0.2,0.2,188.0,188.0,445.4,466.2,0.199,0.199,-1.9996,-1.9996,439.5,459.0
14164.0,0.2,0.0,0.2,0.2,188.0,188.0,445.4,466.2,0.199,0.199,-1.9996,-1.9996,439.5,459.0
14168.0,0.2,0.0,0.2,0.2,188.0,188.0,445.4,466.2,0.199,0.199,-1.9996,-1.9996,439.5,459.0
14172.0,0.2,0.0,0.2,0.2,188.0,188.0,445.4,466.2,0.199,0.199,-1.9996,-1.9996,439.5,459.0
14176.0,0.2,0.0,0.2,0.2,188.0,188.0,445.4,466.2,0.199,0.199,-1.9996,-1.9996,439.5,459.0
14180.0,0.2,0.0,0.2,0.2,188.0,188.0,445.4,466.2,0.199,0.199,-1.9996,-1.9996,439.5,459.0
14183.0,0.2,0.0,0.2,0.2,188.0,188.0,445.4,466.2,0.199,0.199,-1.9996,-1.9996,439.5,459.0
14187.0,0.2,0.0,0.2,0.2,188.0,188.0,445.4,466.2,0.199,0.199,-1.9996,-1.9996,439.5,459.0
14191.0,0.2,0.0,0.2,0.2,188.0,188.0,445.4,466.2,0.199,0.199,-1.9996,-1.9996,439.5,459.0
14194.0,0.2,0.0,0.2,0.2,188.0,188.0,445.4,466.2,0.199,0.199,-1.9996,-1.9996,439.5,459.0
14198.0,0.2,0.0,0.2,0.2,188.0,188.0,445.4,466.2,0.199,0.199,-1.9996,-1.9996,439.5,459.0
14203.0,0.2,0.0,0.2,0.2,188.0,188.0,445.4,466.2,0.199,0.199,-1.9996,-1.9996,439.5,459.0
14207.0,0.2,0.0,0.2,0.2,188.0,188.0,445.4,466.2,0.199,0.199,-1.9996,-1.9996,439.5,459.0
14211.0,0.2,0.0,0.2,0.2,188.0,188.0,445.4,466.2,0.199,0.199,-1.9996,-1.9996,439.5,459.0
14215.0,0.2,0.0,0.2,0.2,188.0,188.0,445.4,466.2,0.199,0.199,-1.9996,-1.9996,439.5,459.0
14218.0,0.2,0.0,0.2,0.2,188.0,188.0,445.4,466.2,0.199,0.199,-1.9996,-1.9996,439.5,459.0
14222.0,0.2,0.0,0.2,0.2,188.0,188.0,445.4,466.2,0.199,0.199,-1.9996,-1.9996,439.5,459.0
14226.0,0.2,0.0,0.2,0.2,188.0,188.0,445.4,466.2,0.199,0.199,-1.9996,-1.9996,439.5,459.0
14229.0,0.2,0.0,0.2,0.2,188.0,188.0,445.4,466.2,0.199,0.199,-1.9996,-1.9996,439.5,459.0
14233.0,0.2,0.0,0.2,0.2,188.0,188.0,445.4,466.2,0.199,0.199,-1.9996,-1.9996,439.5,459.0
14237.0,0.2,0.0,0.2,0.2,188.0,188.0,445.4,466.2,0.199,0.199,-1.9996,-1.9996,439.5,459.0
14240.0,0.2,0.0,0.2,0.2,188.0,188.0,445.4,466.2,0.199,0.199,-1.9996,-1.9996,439.5,459.0
14244.0,0.2,0.0,0.2,0.2,188.0,188.0,445.4,466.2,0.199,0.199,-1.9996,-1.9996,439.5,459.0
14248.0,0.2,0.0,0.2,0.2,188.0,188.0,445.4,466.2,0.199,0.199,-1.9996,-1.9996,439.5,459.0
14252.0,0.2,0.0,0.2,0.2,188.0,188.0,445.4,466.2,0.199,0.199,-1.9996,-1.9996,439.5,459.0
14255.0,0.2,0.0,0.2,0.2,188.0,188.0,445.4,466.2,0.199,0.199,-1.9996,-1.9996,439.5,459.0
14259.0,0.2,0.0,0.2,0.2,188.0,188.0,445.4,466.2,0.199,0.199,-1.9996,-1.9996,439.5,459.0
14263.0,0.2,0.0,0.2,0.2,188.0,188.0,445.4,466.2,0.199,0.199,-1.9996,-1.9996,439.5,459.0
14266.0,0.2,0.0,0.2,0.2,188.0,188.0,445.4,466.2,0.199,0.199,-1.9996,-1.9996,439.5,459.0
14270.0,0.2,0.0,0.2,0.2,188.0,188.0,445.4,466.2,0.199,0.199,-1.9996,-1.9996,439.5,459.0
14274.0,0.2,0.0,0.2,0.2,188.0,188.0,445.4,466.2,0.199,0.199,-1.9996,-1.9996,439.5,459.0
14277.0,0.2,0.0,0.2,0.2,188.0,188.0,445.4,466.2,0.199,0.199,-1.9996,-1.9996,439.5,459.0
14281.0,0.2,0.0,0.2,0.2,188.0,188.0,445.4,466.2,0.199,0.199,-1.9996,-1.9996,439.5,459.0
