duty,dir,sample_idx,adc_raw
100,REV,0,2968
100,REV,1,2976
100,REV,2,2972
100,REV,3,2978
100,REV,4,2979
100,REV,5,2976
100,REV,6,2981
100,REV,7,2984
100,REV,8,2986
100,REV,9,2987
100,REV,10,2985
100,REV,11,2989
100,REV,12,2993
100,REV,13,2995
100,REV,14,3004
100,REV,15,3001
100,REV,16,3002
100,REV,17,3001
100,REV,18,3008
100,REV,19,3005
100,REV,20,3012
100,REV,21,3009
100,REV,22,3013
100,REV,23,3016
100,REV,24,3018
100,REV,25,3023
100,REV,26,3026
100,REV,27,3024
100,REV,28,3028
100,REV,29,3025
100,REV,30,3034
100,REV,31,3029
100,REV,32,3040
100,REV,33,3037
100,REV,34,3040
100,REV,35,3039
100,REV,36,3044
100,REV,37,3048
100,REV,38,3048
100,REV,39,3050
100,REV,40,3054
100,REV,41,3049
100,REV,42,3058
100,REV,43,3061
100,REV,44,3064
100,REV,45,3064
100,REV,46,3065
100,REV,47,3065
100,REV,48,3073
100,REV,49,3069
100,REV,50,3076
100,REV,51,3078
100,REV,52,3074
100,REV,53,3075
100,REV,54,3081
100,REV,55,3081
100,REV,56,3089
100,REV,57,3085
100,REV,58,3090
100,REV,59,3091
100,REV,60,3096
100,REV,61,3092
100,REV,62,3104
100,REV,63,3097
100,REV,64,3104
100,REV,65,3097
100,REV,66,3104
100,REV,67,3101
100,REV,68,3112
100,REV,69,3109
100,REV,70,3112
100,REV,71,3112
100,REV,72,3117
100,REV,73,3117
100,REV,74,3124
100,REV,75,3116
100,REV,76,3146
100,REV,77,3121
100,REV,78,3128
100,REV,79,3125
100,REV,80,3130
100,REV,81,3129
100,REV,82,3133
100,REV,83,3136
100,REV,84,3136
100,REV,85,3137
100,REV,86,3140
100,REV,87,3141
100,REV,88,3148
100,REV,89,3142
100,REV,90,3147
100,REV,91,3145
100,REV,92,3148
100,REV,93,3145
100,REV,94,3152
100,REV,95,3152
100,REV,96,3158
100,REV,97,3153
100,REV,98,3160
100,REV,99,3160
100,REV,100,3160
100,REV,101,3162
100,REV,102,3161
100,REV,103,3161
100,REV,104,3168
100,REV,105,3161
100,REV,106,3171
100,REV,107,3163
100,REV,108,3169
100,REV,109,3169
100,REV,110,3176
100,REV,111,3169
100,REV,112,3172
100,REV,113,3173
100,REV,114,3182
100,REV,115,3177
100,REV,116,3181
100,REV,117,3180
100,REV,118,3160
100,REV,119,3179
100,REV,120,3182
100,REV,121,3186
100,REV,122,3188
100,REV,123,3187
100,REV,124,3188
100,REV,125,3225
100,REV,126,3194
100,REV,127,3192
100,REV,128,3196
100,REV,129,3189
100,REV,130,3193
100,REV,131,3196
100,REV,132,3197
100,REV,133,3197
100,REV,134,3204
100,REV,135,3197
100,REV,136,3208
100,REV,137,3197
100,REV,138,3208
100,REV,139,3204
100,REV,140,3204
100,REV,141,3199
100,REV,142,3204
100,REV,143,3205
100,REV,144,3210
100,REV,145,3208
100,REV,146,3212
100,REV,147,3209
100,REV,148,3214
100,REV,149,3209
100,REV,150,3215
100,REV,151,3224
100,REV,152,3213
100,REV,153,3213
100,REV,154,3213
100,REV,155,3216
100,REV,156,3217
100,REV,157,3213
100,REV,158,3220
100,REV,159,3215
100,REV,160,3216
100,REV,161,3221
100,REV,162,3217
100,REV,163,3217
100,REV,164,3224
100,REV,165,3217
100,REV,166,3220
100,REV,167,3221
100,REV,168,3224
100,REV,169,3219
100,REV,170,3221
100,REV,171,3221
100,REV,172,3224
100,REV,173,3224
100,REV,174,3224
100,REV,175,3225
100,REV,176,3234
100,REV,177,3224
100,REV,178,3224
100,REV,179,3221
100,REV,180,3232
100,REV,181,3224
100,REV,182,3232
100,REV,183,3221
100,REV,184,3228
100,REV,185,3225
100,REV,186,3225
100,REV,187,3225
100,REV,188,3226
100,REV,189,3225
100,REV,190,3227
100,REV,191,3224
100,REV,192,3226
100,REV,193,3225
100,REV,194,3225
100,REV,195,3225
100,REV,196,3225
100,REV,197,3221
100,REV,198,3226
100,REV,199,3225
100,REV,200,3224
100,REV,201,3225
100,REV,202,3228
100,REV,203,3225
100,REV,204,3224
100,REV,205,3227
100,REV,206,3224
100,REV,207,3225
100,REV,208,3224
100,REV,209,3219
100,REV,210,3224
100,REV,211,3221
100,REV,212,3224
100,REV,213,3224
100,REV,214,3221
100,REV,215,3221
100,REV,216,3232
100,REV,217,3221
100,REV,218,3221
100,REV,219,3219
100,REV,220,3224
100,REV,221,3215
100,REV,222,3220
100,REV,223,3219
100,REV,224,3224
100,REV,225,3213
100,REV,226,3219
100,REV,227,3217
100,REV,228,3216
100,REV,229,3217
100,REV,230,3214
100,REV,231,3227
100,REV,232,3212
100,REV,233,3213
100,REV,234,3215
100,REV,235,3209
100,REV,236,3213
100,REV,237,3209
100,REV,238,3214
100,REV,239,3211
100,REV,240,3210
100,REV,241,3209
100,REV,242,3208
100,REV,243,3211
100,REV,244,3201
100,REV,245,3199
100,REV,246,3204
100,REV,247,3199
100,REV,248,3218
100,REV,249,3197
100,REV,250,3204
100,REV,251,3197
100,REV,252,3198
100,REV,253,3197
100,REV,254,3198
100,REV,255,3197
100,REV,256,3200
100,REV,257,3192
100,REV,258,3194
100,REV,259,3193
100,REV,260,3197
100,REV,261,3193
100,REV,262,3194
100,REV,263,3185
100,REV,264,3190
100,REV,265,3189
100,REV,266,3188
100,REV,267,3183
100,REV,268,3190
100,REV,269,3185
100,REV,270,3184
100,REV,271,3177
100,REV,272,3186
100,REV,273,3177
100,REV,274,3177
100,REV,275,3176
100,REV,276,3180
100,REV,277,3176
100,REV,278,3176
100,REV,279,3176
100,REV,280,3172
100,REV,281,3170
100,REV,282,3172
100,REV,283,3169
100,REV,284,3172
100,REV,285,3161
100,REV,286,3168
100,REV,287,3164
100,REV,288,3168
100,REV,289,3161
100,REV,290,3164
100,REV,291,3161
100,REV,292,3162
100,REV,293,3162
100,REV,294,3156
100,REV,295,3153
100,REV,296,3157
100,REV,297,3149
100,REV,298,3154
100,REV,299,3147
100,REV,300,3152
100,REV,301,3148
100,REV,302,3150
100,REV,303,3144
100,REV,304,3148
100,REV,305,3141
100,REV,306,3146
100,REV,307,3139
100,REV,308,3144
100,REV,309,3137
100,REV,310,3138
100,REV,311,3136
100,REV,312,3136
100,REV,313,3129
100,REV,314,3136
100,REV,315,3129
100,REV,316,3132
100,REV,317,3123
100,REV,318,3134
100,REV,319,3123
100,REV,320,3119
100,REV,321,3109
100,REV,322,3122
100,REV,323,3117
100,REV,324,3117
100,REV,325,3117
100,REV,326,3116
100,REV,327,3112
100,REV,328,3144
100,REV,329,3109
100,REV,330,3112
100,REV,331,3108
100,REV,332,3108
100,REV,333,3101
100,REV,334,3104
100,REV,335,3101
100,REV,336,3104
100,REV,337,3089
100,REV,338,3104
100,REV,339,3093
100,REV,340,3096
100,REV,341,3091
100,REV,342,3096
100,REV,343,3098
100,REV,344,3092
100,REV,345,3101
100,REV,346,3086
100,REV,347,3084
100,REV,348,3084
100,REV,349,3080
100,REV,350,3082
100,REV,351,3075
100,REV,352,3080
100,REV,353,3065
100,REV,354,3075
100,REV,355,3069
100,REV,356,3070
100,REV,357,3069
100,REV,358,3067
100,REV,359,3065
100,REV,360,3065
100,REV,361,3064
100,REV,362,3064
100,REV,363,3060
100,REV,364,3057
100,REV,365,3053
100,REV,366,3057
100,REV,367,3049
100,REV,368,3055
100,REV,369,3045
100,REV,370,3049
100,REV,371,3045
100,REV,372,3048
100,REV,373,3043
100,REV,374,3042
100,REV,375,3039
100,REV,376,3040
100,REV,377,3035
100,REV,378,3040
100,REV,379,3032
100,REV,380,3034
100,REV,381,3032
100,REV,382,3033
100,REV,383,3027
100,REV,384,3028
100,REV,385,3026
100,REV,386,3024
100,REV,387,3021
100,REV,388,3020
100,REV,389,3016
100,REV,390,3017
100,REV,391,3017
100,REV,392,3016
100,REV,393,3013
100,REV,394,3018
100,REV,395,3009
100,REV,396,3008
100,REV,397,3005
100,REV,398,3008
100,REV,399,3001
100,REV,400,3002
100,REV,401,2997
100,REV,402,3000
100,REV,403,2995
100,REV,404,2996
100,REV,405,2993
100,REV,406,2989
100,REV,407,2989
100,REV,408,2988
100,REV,409,2987
100,REV,410,2988
100,REV,411,2985
100,REV,412,2984
100,REV,413,2979
100,REV,414,2984
100,REV,415,2977
100,REV,416,2979
100,REV,417,2973
100,REV,418,2977
100,REV,419,2976
100,REV,420,2969
100,REV,421,2969
100,REV,422,2969
100,REV,423,2968
100,REV,424,2964
100,REV,425,2961
100,REV,426,2962
100,REV,427,2957
100,REV,428,2959
100,REV,429,2957
100,REV,430,2956
100,REV,431,2953
100,REV,432,2954
100,REV,433,2952
100,REV,434,2952
100,REV,435,2943
100,REV,436,2948
100,REV,437,2941
100,REV,438,2947
100,REV,439,2937
100,REV,440,2941
100,REV,441,2937
100,REV,442,2937
100,REV,443,2937
100,REV,444,2946
100,REV,445,2933
100,REV,446,2936
100,REV,447,2931
100,REV,448,2930
100,REV,449,2925
100,REV,450,2928
100,REV,451,2925
100,REV,452,2926
100,REV,453,2921
100,REV,454,2924
100,REV,455,2921
100,REV,456,2922
100,REV,457,2917
100,REV,458,2920
100,REV,459,2913
100,REV,460,2914
100,REV,461,2913
100,REV,462,2913
100,REV,463,2913
100,REV,464,2912
100,REV,465,2908
100,REV,466,2912
100,REV,467,2907
100,REV,468,2909
100,REV,469,2912
100,REV,470,2907
100,REV,471,2908
100,REV,472,2905
100,REV,473,2904
100,REV,474,2901
100,REV,475,2904
100,REV,476,2897
100,REV,477,2904
100,REV,478,2900
100,REV,479,2899
100,REV,480,2899
100,REV,481,2903
100,REV,482,2899
100,REV,483,2900
100,REV,484,2893
100,REV,485,2898
100,REV,486,2897
100,REV,487,2900
100,REV,488,2897
100,REV,489,2900
100,REV,490,2893
100,REV,491,2893
100,REV,492,2897
100,REV,493,2900
100,REV,494,2895
100,REV,495,2900
100,REV,496,2897
100,REV,497,2898
100,REV,498,2897
100,REV,499,2897
100,REV,500,2897
100,REV,501,2900
100,REV,502,2893
100,REV,503,2897
100,REV,504,2897
100,REV,505,2896
100,REV,506,2898
100,REV,507,2904
100,REV,508,2897
100,REV,509,2897
100,REV,510,2895
100,REV,511,2904
100,REV,512,2900
100,REV,513,2904
100,REV,514,2897
100,REV,515,2901
100,REV,516,2904
100,REV,517,2904
100,REV,518,2905
100,REV,519,2910
100,REV,520,2904
100,REV,521,2909
100,REV,522,2905
100,REV,523,2908
100,REV,524,2905
100,REV,525,2912
100,REV,526,2909
100,REV,527,2912
100,REV,528,2913
100,REV,529,2914
100,REV,530,2915
100,REV,531,2859
100,REV,532,2913
100,REV,533,2916
100,REV,534,2917
100,REV,535,2921
100,REV,536,2920
100,REV,537,2924
100,REV,538,2913
100,REV,539,2928
100,REV,540,2925
100,REV,541,2938
100,REV,542,2933
100,REV,543,2936
100,REV,544,2937
100,REV,545,2938
100,REV,546,2937
100,REV,547,2941
100,REV,548,2941
100,REV,549,2942
100,REV,550,2941
100,REV,551,2947
100,REV,552,2945
100,REV,553,2952
100,REV,554,2949
100,REV,555,2956
100,REV,556,2955
100,REV,557,2958
100,REV,558,2955
100,REV,559,2962
100,REV,560,2959
100,REV,561,2968
100,REV,562,2961
100,REV,563,2968
100,REV,564,2969
100,REV,565,2976
100,REV,566,2972
100,REV,567,2976
100,REV,568,2973
100,REV,569,2982
100,REV,570,2977
100,REV,571,2984
100,REV,572,2985
100,REV,573,2988
100,REV,574,2989
100,REV,575,2988
100,REV,576,2991
100,REV,577,2993
100,REV,578,2996
100,REV,579,2998
100,REV,580,2997
100,REV,581,3003
100,REV,582,3000
100,REV,583,3005
100,REV,584,3005
100,REV,585,3010
100,REV,586,3009
100,REV,587,3012
100,REV,588,3017
100,REV,589,3020
100,REV,590,3017
100,REV,591,3020
100,REV,592,3019
100,REV,593,3023
100,REV,594,3032
100,REV,595,3028
100,REV,596,3025
100,REV,597,3033
100,REV,598,3029
100,REV,599,3035
100,REV,600,3035
100,REV,601,3040
100,REV,602,3041
100,REV,603,3044
100,REV,604,3041
100,REV,605,3048
100,REV,606,3050
100,REV,607,3050
100,REV,608,3045
100,REV,609,3052
100,REV,610,3052
100,REV,611,3053
100,REV,612,3053
100,REV,613,3060
100,REV,614,3057
100,REV,615,3060
100,REV,616,3059
100,REV,617,3068
100,REV,618,3064
100,REV,619,3076
100,REV,620,3065
100,REV,621,3072
100,REV,622,3069
100,REV,623,3074
100,REV,624,3075
100,REV,625,3080
100,REV,626,3077
100,REV,627,3082
100,REV,628,3081
100,REV,629,3085
100,REV,630,3081
100,REV,631,3098
100,REV,632,3085
100,REV,633,3092
100,REV,634,3089
100,REV,635,3096
100,REV,636,3091
100,REV,637,3100
100,REV,638,3096
100,REV,639,3104
100,REV,640,3097
100,REV,641,3104
100,REV,642,3097
100,REV,643,3104
100,REV,644,3112
100,REV,645,3108
100,REV,646,3105
100,REV,647,3112
100,REV,648,3109
100,REV,649,3116
100,REV,650,3112
100,REV,651,3116
100,REV,652,3113
100,REV,653,3117
100,REV,654,3113
100,REV,655,3123
100,REV,656,3118
100,REV,657,3120
100,REV,658,3117
100,REV,659,3123
100,REV,660,3125
100,REV,661,3125
100,REV,662,3125
100,REV,663,3128
100,REV,664,3129
100,REV,665,3130
100,REV,666,3129
100,REV,667,3133
100,REV,668,3132
100,REV,669,3136
100,REV,670,3133
100,REV,671,3136
100,REV,672,3137
100,REV,673,3140
100,REV,674,3137
100,REV,675,3140
100,REV,676,3136
100,REV,677,3144
100,REV,678,3139
100,REV,679,3144
100,REV,680,3144
100,REV,681,3145
100,REV,682,3141
100,REV,683,3147
100,REV,684,3145
100,REV,685,3148
100,REV,686,3149
100,REV,687,3150
100,REV,688,3149
100,REV,689,3151
100,REV,690,3149
100,REV,691,3151
100,REV,692,3149
100,REV,693,3153
100,REV,694,3153
100,REV,695,3156
100,REV,696,3152
100,REV,697,3160
100,REV,698,3158
100,REV,699,3160
100,REV,700,3153
100,REV,701,3160
100,REV,702,3157
100,REV,703,3161
100,REV,704,3157
100,REV,705,3160
100,REV,706,3157
100,REV,707,3161
100,REV,708,3163
100,REV,709,3164
100,REV,710,3161
100,REV,711,3166
100,REV,712,3161
100,REV,713,3164
100,REV,714,3165
100,REV,715,3168
100,REV,716,3165
100,REV,717,3168
100,REV,718,3165
100,REV,719,3168
100,REV,720,3165
100,REV,721,3164
100,REV,722,3169
100,REV,723,3170
100,REV,724,3165
100,REV,725,3168
100,REV,726,3165
100,REV,727,3172
100,REV,728,3165
100,REV,729,3171
100,REV,730,3165
100,REV,731,3169
100,REV,732,3169
100,REV,733,3172
100,REV,734,3167
100,REV,735,3172
100,REV,736,3169
100,REV,737,3168
100,REV,738,3173
100,REV,739,3169
100,REV,740,3167
100,REV,741,3168
100,REV,742,3167
100,REV,743,3168
100,REV,744,3169
100,REV,745,3169
100,REV,746,3169
100,REV,747,3168
100,REV,748,3167
100,REV,749,3168
100,REV,750,3165
100,REV,751,3169
100,REV,752,3169
100,REV,753,3171
100,REV,754,3165
100,REV,755,3168
100,REV,756,3165
100,REV,757,3168
100,REV,758,3163
100,REV,759,3168
100,REV,760,3165
100,REV,761,3170
100,REV,762,3161
100,REV,763,3164
100,REV,764,3165
100,REV,765,3162
100,REV,766,3161
100,REV,767,3163
100,REV,768,3161
100,REV,769,3164
100,REV,770,3161
100,REV,771,3162
100,REV,772,3160
100,REV,773,3163
100,REV,774,3155
100,REV,775,3161
100,REV,776,3157
100,REV,777,3160
100,REV,778,3157
100,REV,779,3156
100,REV,780,3157
100,REV,781,3156
100,REV,782,3157
100,REV,783,3156
100,REV,784,3153
100,REV,785,3157
100,REV,786,3150
100,REV,787,3156
100,REV,788,3149
100,REV,789,3153
100,REV,790,3149
100,REV,791,3151
100,REV,792,3149
100,REV,793,3152
100,REV,794,3147
100,REV,795,3150
100,REV,796,3153
100,REV,797,3148
100,REV,798,3147
100,REV,799,3148
100,REV,800,3144
100,REV,801,3145
100,REV,802,3141
100,REV,803,3141
100,REV,804,3141
100,REV,805,3144
100,REV,806,3140
100,REV,807,3144
100,REV,808,3139
100,REV,809,3140
100,REV,810,3136
100,REV,811,3140
100,REV,812,3133
100,REV,813,3136
100,REV,814,3133
100,REV,815,3136
100,REV,816,3131
100,REV,817,3136
100,REV,818,3133
100,REV,819,3133
100,REV,820,3125
100,REV,821,3128
100,REV,822,3121
100,REV,823,3130
100,REV,824,3121
100,REV,825,3128
100,REV,826,3117
100,REV,827,3118
100,REV,828,3117
100,REV,829,3120
100,REV,830,3117
100,REV,831,3116
100,REV,832,3113
100,REV,833,3114
100,REV,834,3109
100,REV,835,3114
100,REV,836,3112
100,REV,837,3108
100,REV,838,3105
100,REV,839,3107
100,REV,840,3105
100,REV,841,3108
100,REV,842,3103
100,REV,843,3104
100,REV,844,3101
100,REV,845,3100
100,REV,846,3097
100,REV,847,3104
100,REV,848,3098
100,REV,849,3093
100,REV,850,3092
100,REV,851,3096
100,REV,852,3091
100,REV,853,3093
100,REV,854,3089
100,REV,855,3096
100,REV,856,3081
100,REV,857,3087
100,REV,858,3081
100,REV,859,3087
100,REV,860,3081
100,REV,861,3084
100,REV,862,3077
100,REV,863,3081
100,REV,864,3073
100,REV,865,3076
100,REV,866,3075
100,REV,867,3076
100,REV,868,3069
100,REV,869,3071
100,REV,870,3065
100,REV,871,3070
100,REV,872,3065
100,REV,873,3068
100,REV,874,3066
100,REV,875,3064
100,REV,876,3057
100,REV,877,3060
100,REV,878,3059
100,REV,879,3054
100,REV,880,3053
100,REV,881,3053
100,REV,882,3049
100,REV,883,3054
100,REV,884,3049
100,REV,885,3052
100,REV,886,3045
100,REV,887,3044
100,REV,888,3040
100,REV,889,3044
100,REV,890,3039
100,REV,891,3042
100,REV,892,3035
100,REV,893,3040
100,REV,894,3033
100,REV,895,3033
100,REV,896,3032
100,REV,897,3032
100,REV,898,3025
100,REV,899,3040
100,REV,900,3021
100,REV,901,3028
100,REV,902,3021
100,REV,903,3022
100,REV,904,3017
100,REV,905,3021
100,REV,906,3017
100,REV,907,3018
100,REV,908,3013
100,REV,909,3012
100,REV,910,3009
100,REV,911,3010
100,REV,912,3008
100,REV,913,3009
100,REV,914,3008
100,REV,915,3008
100,REV,916,3005
100,REV,917,3004
100,REV,918,2997
100,REV,919,3001
100,REV,920,2997
100,REV,921,3000
100,REV,922,2989
100,REV,923,2994
100,REV,924,2994
100,REV,925,3000
100,REV,926,2989
100,REV,927,2988
100,REV,928,2985
100,REV,929,2984
100,REV,930,2979
100,REV,931,2980
100,REV,932,2977
100,REV,933,2977
100,REV,934,2973
100,REV,935,2976
100,REV,936,2973
100,REV,937,2972
100,REV,938,2971
100,REV,939,2968
100,REV,940,2965
100,REV,941,2965
100,REV,942,2961
100,REV,943,2962
100,REV,944,2963
100,REV,945,2957
100,REV,946,2960
100,REV,947,2953
100,REV,948,2956
100,REV,949,2953
100,REV,950,2956
100,REV,951,2949
100,REV,952,2948
100,REV,953,2945
100,REV,954,2946
100,REV,955,2941
100,REV,956,2948
100,REV,957,2940
100,REV,958,2939
100,REV,959,2937
100,REV,960,2940
100,REV,961,2937
100,REV,962,2936
100,REV,963,2929
100,REV,964,2932
100,REV,965,2925
100,REV,966,2928
100,REV,967,2924
100,REV,968,2927
100,REV,969,2921
100,REV,970,2927
100,REV,971,2918
100,REV,972,2921
100,REV,973,2916
100,REV,974,2924
100,REV,975,2913
100,REV,976,2916
100,REV,977,2909
100,REV,978,2912
100,REV,979,2909
100,REV,980,2912
100,REV,981,2905
100,REV,982,2907
100,REV,983,2901
100,REV,984,2905
100,REV,985,2900
100,REV,986,2906
100,REV,987,2897
100,REV,988,2900
100,REV,989,2893
100,REV,990,2901
100,REV,991,2893
100,REV,992,2895
100,REV,993,2889
100,REV,994,2891
100,REV,995,2889
100,REV,996,2889
100,REV,997,2885
100,REV,998,2888
100,REV,999,2888
100,REV,1000,2884
100,REV,1001,2877
100,REV,1002,2884
100,REV,1003,2877
100,REV,1004,2881
100,REV,1005,2877
100,REV,1006,2877
100,REV,1007,2877
100,REV,1008,2878
100,REV,1009,2875
100,REV,1010,2880
100,REV,1011,2875
100,REV,1012,2873
100,REV,1013,2857
100,REV,1014,2874
100,REV,1015,2872
100,REV,1016,2873
100,REV,1017,2869
100,REV,1018,2868
100,REV,1019,2868
100,REV,1020,2868
100,REV,1021,2865
100,REV,1022,2874
100,REV,1023,2865
100,REV,1024,2869
100,REV,1025,2863
100,REV,1026,2866
100,REV,1027,2865
100,REV,1028,2866
100,REV,1029,2865
100,REV,1030,2853
100,REV,1031,2865
100,REV,1032,2865
100,REV,1033,2865
100,REV,1034,2868
100,REV,1035,2863
100,REV,1036,2870
100,REV,1037,2861
100,REV,1038,2862
100,REV,1039,2861
100,REV,1040,2865
100,REV,1041,2861
100,REV,1042,2864
100,REV,1043,2865
100,REV,1044,2865
100,REV,1045,2863
100,REV,1046,2866
100,REV,1047,2865
100,REV,1048,2864
100,REV,1049,2867
100,REV,1050,2869
100,REV,1051,2865
100,REV,1052,2872
100,REV,1053,2865
100,REV,1054,2869
100,REV,1055,2869
100,REV,1056,2872
100,REV,1057,2872
100,REV,1058,2874
100,REV,1059,2873
100,REV,1060,2872
100,REV,1061,2875
100,REV,1062,2872
100,REV,1063,2877
100,REV,1064,2876
100,REV,1065,2877
100,REV,1066,2877
100,REV,1067,2881
100,REV,1068,2880
100,REV,1069,2883
100,REV,1070,2882
100,REV,1071,2883
100,REV,1072,2884
100,REV,1073,2885
100,REV,1074,2890
100,REV,1075,2888
100,REV,1076,2889
100,REV,1077,2889
100,REV,1078,2891
100,REV,1079,2892
100,REV,1080,2895
100,REV,1081,2896
100,REV,1082,2902
100,REV,1083,2885
100,REV,1084,2904
100,REV,1085,2905
100,REV,1086,2906
100,REV,1087,2909
100,REV,1088,2912
100,REV,1089,2937
100,REV,1090,2916
100,REV,1091,2915
100,REV,1092,2918
100,REV,1093,2921
100,REV,1094,2926
100,REV,1095,2927
100,REV,1096,2928
100,REV,1097,2925
100,REV,1098,2932
100,REV,1099,2933
100,REV,1100,2938
100,REV,1101,2936
100,REV,1102,2937
100,REV,1103,2939
100,REV,1104,2942
100,REV,1105,2943
100,REV,1106,2948
100,REV,1107,2947
100,REV,1108,2952
100,REV,1109,2952
100,REV,1110,2957
100,REV,1111,2959
100,REV,1112,2961
100,REV,1113,2961
100,REV,1114,2964
100,REV,1115,2965
100,REV,1116,2968
100,REV,1117,2967
100,REV,1118,2976
100,REV,1119,2975
100,REV,1120,2976
100,REV,1121,2977
100,REV,1122,2976
100,REV,1123,2981
100,REV,1124,2988
100,REV,1125,2985
100,REV,1126,2991
100,REV,1127,2989
100,REV,1128,2996
100,REV,1129,2997
100,REV,1130,3000
100,REV,1131,3001
100,REV,1132,3004
100,REV,1133,3001
100,REV,1134,3010
100,REV,1135,3005
100,REV,1136,3018
100,REV,1137,3012
100,REV,1138,3017
100,REV,1139,3019
100,REV,1140,3023
100,REV,1141,3025
100,REV,1142,3028
100,REV,1143,3028
100,REV,1144,3032
100,REV,1145,3029
100,REV,1146,3035
100,REV,1147,3033
100,REV,1148,3041
100,REV,1149,3037
100,REV,1150,3042
100,REV,1151,3043
100,REV,1152,3048
100,REV,1153,3048
100,REV,1154,3054
100,REV,1155,3053
100,REV,1156,3054
100,REV,1157,3057
100,REV,1158,3064
100,REV,1159,3061
100,REV,1160,3068
100,REV,1161,3065
100,REV,1162,3068
100,REV,1163,3068
100,REV,1164,3072
100,REV,1165,3071
100,REV,1166,3076
100,REV,1167,3075
100,REV,1168,3080
100,REV,1169,3080
100,REV,1170,3084
100,REV,1171,3081
100,REV,1172,3089
100,REV,1173,3085
100,REV,1174,3090
100,REV,1175,3089
100,REV,1176,3093
100,REV,1177,3093
100,REV,1178,3102
100,REV,1179,3101
100,REV,1180,3104
100,REV,1181,3097
100,REV,1182,3106
100,REV,1183,3105
100,REV,1184,3112
100,REV,1185,3108
100,REV,1186,3113
100,REV,1187,3109
100,REV,1188,3117
100,REV,1189,3116
100,REV,1190,3118
100,REV,1191,3117
100,REV,1192,3124
100,REV,1193,3121
100,REV,1194,3124
100,REV,1195,3123
100,REV,1196,3128
100,REV,1197,3125
100,REV,1198,3129
100,REV,1199,3129
100,REV,1200,3136
100,REV,1201,3129
100,REV,1202,3140
100,REV,1203,3138
100,REV,1204,3144
100,REV,1205,3137
100,REV,1206,3141
100,REV,1207,3141
100,REV,1208,3148
100,REV,1209,3141
100,REV,1210,3148
100,REV,1211,3145
100,REV,1212,3149
100,REV,1213,3149
100,REV,1214,3152
100,REV,1215,3151
100,REV,1216,3162
100,REV,1217,3149
100,REV,1218,3157
100,REV,1219,3157
100,REV,1220,3160
100,REV,1221,3157
100,REV,1222,3180
100,REV,1223,3160
100,REV,1224,3168
100,REV,1225,3164
100,REV,1226,3168
100,REV,1227,3167
100,REV,1228,3170
100,REV,1229,3161
100,REV,1230,3172
100,REV,1231,3165
100,REV,1232,3180
100,REV,1233,3169
100,REV,1234,3171
100,REV,1235,3176
100,REV,1236,3177
100,REV,1237,3169
100,REV,1238,3180
100,REV,1239,3176
100,REV,1240,3182
100,REV,1241,3177
100,REV,1242,3182
100,REV,1243,3181
100,REV,1244,3183
100,REV,1245,3185
100,REV,1246,3185
100,REV,1247,3183
100,REV,1248,3188
100,REV,1249,3185
100,REV,1250,3192
100,REV,1251,3185
100,REV,1252,3188
100,REV,1253,3191
100,REV,1254,3192
100,REV,1255,3192
100,REV,1256,3193
100,REV,1257,3193
100,REV,1258,3194
100,REV,1259,3193
100,REV,1260,3196
100,REV,1261,3195
100,REV,1262,3196
100,REV,1263,3197
100,REV,1264,3196
100,REV,1265,3197
100,REV,1266,3202
100,REV,1267,3197
100,REV,1268,3201
100,REV,1269,3197
100,REV,1270,3201
100,REV,1271,3197
100,REV,1272,3199
100,REV,1273,3201
100,REV,1274,3202
100,REV,1275,3201
100,REV,1276,3199
100,REV,1277,3197
100,REV,1278,3210
100,REV,1279,3197
100,REV,1280,3204
100,REV,1281,3201
100,REV,1282,3201
100,REV,1283,3205
100,REV,1284,3204
100,REV,1285,3203
100,REV,1286,3204
100,REV,1287,3203
100,REV,1288,3204
100,REV,1289,3201
100,REV,1290,3204
100,REV,1291,3208
100,REV,1292,3202
100,REV,1293,3201
100,REV,1294,3202
100,REV,1295,3203
100,REV,1296,3204
100,REV,1297,3205
100,REV,1298,3209
100,REV,1299,3205
100,REV,1300,3204
100,REV,1301,3199
100,REV,1302,3208
100,REV,1303,3210
100,REV,1304,3204
100,REV,1305,3204
100,REV,1306,3205
100,REV,1307,3208
100,REV,1308,3204
100,REV,1309,3201
100,REV,1310,3202
100,REV,1311,3199
100,REV,1312,3201
100,REV,1313,3199
100,REV,1314,3202
100,REV,1315,3201
100,REV,1316,3204
100,REV,1317,3197
100,REV,1318,3209
100,REV,1319,3197
100,REV,1320,3198
100,REV,1321,3199
100,REV,1322,3198
100,REV,1323,3197
100,REV,1324,3198
100,REV,1325,3193
100,REV,1326,3204
100,REV,1327,3193
100,REV,1328,3199
100,REV,1329,3193
100,REV,1330,3193
100,REV,1331,3193
100,REV,1332,3196
100,REV,1333,3193
100,REV,1334,3194
100,REV,1335,3192
100,REV,1336,3192
100,REV,1337,3187
100,REV,1338,3192
100,REV,1339,3189
100,REV,1340,3192
100,REV,1341,3192
100,REV,1342,3189
100,REV,1343,3187
100,REV,1344,3188
100,REV,1345,3185
100,REV,1346,3188
100,REV,1347,3183
100,REV,1348,3186
100,REV,1349,3179
100,REV,1350,3184
100,REV,1351,3181
100,REV,1352,3182
100,REV,1353,3181
100,REV,1354,3192
100,REV,1355,3177
100,REV,1356,3180
100,REV,1357,3177
100,REV,1358,3178
100,REV,1359,3176
100,REV,1360,3176
100,REV,1361,3173
100,REV,1362,3176
100,REV,1363,3169
100,REV,1364,3173
100,REV,1365,3165
100,REV,1366,3172
100,REV,1367,3165
100,REV,1368,3168
100,REV,1369,3165
100,REV,1370,3168
100,REV,1371,3164
100,REV,1372,3168
100,REV,1373,3157
100,REV,1374,3162
100,REV,1375,3160
100,REV,1376,3161
100,REV,1377,3157
100,REV,1378,3160
100,REV,1379,3162
100,REV,1380,3156
100,REV,1381,3153
100,REV,1382,3156
100,REV,1383,3153
100,REV,1384,3150
100,REV,1385,3145
100,REV,1386,3151
100,REV,1387,3145
100,REV,1388,3150
100,REV,1389,3145
100,REV,1390,3146
100,REV,1391,3144
100,REV,1392,3144
100,REV,1393,3139
100,REV,1394,3144
100,REV,1395,3136
100,REV,1396,3140
100,REV,1397,3133
100,REV,1398,3136
100,REV,1399,3129
100,REV,1400,3136
100,REV,1401,3129
100,REV,1402,3132
100,REV,1403,3128
100,REV,1404,3133
100,REV,1405,3120
100,REV,1406,3128
100,REV,1407,3121
100,REV,1408,3124
100,REV,1409,3117
100,REV,1410,3122
100,REV,1411,3119
100,REV,1412,3119
100,REV,1413,3113
100,REV,1414,3118
100,REV,1415,3109
100,REV,1416,3114
100,REV,1417,3105
100,REV,1418,3112
100,REV,1419,3109
100,REV,1420,3108
100,REV,1421,3101
100,REV,1422,3105
100,REV,1423,3101
100,REV,1424,3104
100,REV,1425,3096
100,REV,1426,3099
100,REV,1427,3093
100,REV,1428,3097
100,REV,1429,3104
100,REV,1430,3093
100,REV,1431,3092
100,REV,1432,3089
100,REV,1433,3092
100,REV,1434,3085
100,REV,1435,3088
100,REV,1436,3085
100,REV,1437,3084
100,REV,1438,3081
100,REV,1439,3080
100,REV,1440,3081
100,REV,1441,3078
100,REV,1442,3075
100,REV,1443,3076
100,REV,1444,3071
100,REV,1445,3070
100,REV,1446,3069
100,REV,1447,3071
100,REV,1448,3065
100,REV,1449,3068
100,REV,1450,3061
100,REV,1451,3064
100,REV,1452,3059
100,REV,1453,3060
100,REV,1454,3064
100,REV,1455,3060
100,REV,1456,3055
100,REV,1457,3052
100,REV,1458,3049
100,REV,1459,3054
100,REV,1460,3048
100,REV,1461,3049
100,REV,1462,3041
100,REV,1463,3045
100,REV,1464,3041
100,REV,1465,3044
100,REV,1466,3039
100,REV,1467,3040
100,REV,1468,3035
100,REV,1469,3036
100,REV,1470,3032
100,REV,1471,3034
100,REV,1472,3025
100,REV,1473,3029
100,REV,1474,3023
100,REV,1475,3026
100,REV,1476,3021
100,REV,1477,3024
100,REV,1478,3021
100,REV,1479,3021
100,REV,1480,3016
100,REV,1481,3017
100,REV,1482,3013
100,REV,1483,3016
100,REV,1484,3009
100,REV,1485,3013
100,REV,1486,3005
100,REV,1487,3008
100,REV,1488,3005
100,REV,1489,3004
100,REV,1490,3001
100,REV,1491,3006
100,REV,1492,3021
100,REV,1493,3000
100,REV,1494,2993
100,REV,1495,2997
100,REV,1496,2989
100,REV,1497,2993
100,REV,1498,2985
100,REV,1499,2991
100,REV,1500,2985
100,REV,1501,2988
100,REV,1502,2984
100,REV,1503,2984
100,REV,1504,2986
100,REV,1505,2980
100,REV,1506,2973
100,REV,1507,2978
100,REV,1508,2969
100,REV,1509,2976
100,REV,1510,2969
100,REV,1511,2971
100,REV,1512,2968
100,REV,1513,2968
100,REV,1514,2965
100,REV,1515,2968
100,REV,1516,2959
100,REV,1517,2958
100,REV,1518,2953
100,REV,1519,2962
100,REV,1520,2953
100,REV,1521,2957
100,REV,1522,2949
100,REV,1523,2953
100,REV,1524,2952
100,REV,1525,2952
100,REV,1526,2947
100,REV,1527,2948
100,REV,1528,2941
100,REV,1529,2947
100,REV,1530,2937
100,REV,1531,2941
100,REV,1532,2937
100,REV,1533,2939
100,REV,1534,2933
100,REV,1535,2936
100,REV,1536,2931
100,REV,1537,2933
100,REV,1538,2929
100,REV,1539,2932
100,REV,1540,2925
100,REV,1541,2934
100,REV,1542,2923
100,REV,1543,2924
100,REV,1544,2921
100,REV,1545,2924
100,REV,1546,2917
100,REV,1547,2921
100,REV,1548,2916
100,REV,1549,2920
100,REV,1550,2913
100,REV,1551,2916
100,REV,1552,2909
100,REV,1553,2912
100,REV,1554,2910
100,REV,1555,2912
100,REV,1556,2909
100,REV,1557,2912
100,REV,1558,2901
100,REV,1559,2907
100,REV,1560,2905
100,REV,1561,2906
100,REV,1562,2904
100,REV,1563,2904
100,REV,1564,2899
100,REV,1565,2900
100,REV,1566,2904
100,REV,1567,2900
100,REV,1568,2897
100,REV,1569,2901
100,REV,1570,2893
100,REV,1571,2897
100,REV,1572,2895
100,REV,1573,2896
100,REV,1574,2897
100,REV,1575,2896
100,REV,1576,2893
100,REV,1577,2894
100,REV,1578,2893
100,REV,1579,2894
100,REV,1580,2893
100,REV,1581,2894
100,REV,1582,2889
100,REV,1583,2893
100,REV,1584,2891
100,REV,1585,2894
100,REV,1586,2892
100,REV,1587,2893
100,REV,1588,2889
100,REV,1589,2894
100,REV,1590,2891
100,REV,1591,2895
100,REV,1592,2893
100,REV,1593,2892
100,REV,1594,2893
100,REV,1595,2892
100,REV,1596,2893
100,REV,1597,2894
100,REV,1598,2893
100,REV,1599,2894
100,REV,1600,2891
100,REV,1601,2895
100,REV,1602,2893
100,REV,1603,2898
100,REV,1604,2897
100,REV,1605,2897
100,REV,1606,2893
100,REV,1607,2897
100,REV,1608,2900
100,REV,1609,2900
100,REV,1610,2900
100,REV,1611,2900
100,REV,1612,2897
100,REV,1613,2904
100,REV,1614,2901
100,REV,1615,2906
100,REV,1616,2907
100,REV,1617,2905
100,REV,1618,2905
100,REV,1619,2907
100,REV,1620,2909
100,REV,1621,2912
100,REV,1622,2911
100,REV,1623,2916
100,REV,1624,2913
100,REV,1625,2920
100,REV,1626,2913
100,REV,1627,2922
100,REV,1628,2917
100,REV,1629,2920
100,REV,1630,2917
100,REV,1631,2926
100,REV,1632,2932
100,REV,1633,2932
100,REV,1634,2929
100,REV,1635,2932
100,REV,1636,2929
100,REV,1637,2936
100,REV,1638,2933
100,REV,1639,2939
100,REV,1640,2940
100,REV,1641,2941
100,REV,1642,2941
100,REV,1643,2944
100,REV,1644,2947
100,REV,1645,2948
100,REV,1646,2949
100,REV,1647,2953
100,REV,1648,2952
100,REV,1649,2956
100,REV,1650,2955
100,REV,1651,2960
100,REV,1652,2957
100,REV,1653,2964
100,REV,1654,2961
100,REV,1655,2964
100,REV,1656,2965
100,REV,1657,2972
100,REV,1658,2973
100,REV,1659,2972
100,REV,1660,2969
100,REV,1661,2976
100,REV,1662,2973
100,REV,1663,2984
100,REV,1664,2981
100,REV,1665,2985
100,REV,1666,2981
100,REV,1667,2987
100,REV,1668,2989
100,REV,1669,2992
100,REV,1670,2995
100,REV,1671,2997
100,REV,1672,2997
100,REV,1673,3002
100,REV,1674,3001
100,REV,1675,3004
100,REV,1676,3005
100,REV,1677,3008
100,REV,1678,3005
100,REV,1679,3012
100,REV,1680,3011
100,REV,1681,3020
100,REV,1682,3017
100,REV,1683,3023
100,REV,1684,3021
100,REV,1685,3022
100,REV,1686,3025
100,REV,1687,3026
100,REV,1688,3025
100,REV,1689,3032
100,REV,1690,3029
100,REV,1691,3037
100,REV,1692,3036
100,REV,1693,3040
100,REV,1694,3045
100,REV,1695,3044
100,REV,1696,3048
100,REV,1697,3048
100,REV,1698,3043
100,REV,1699,3054
100,REV,1700,3052
100,REV,1701,3057
100,REV,1702,3053
100,REV,1703,3057
100,REV,1704,3049
100,REV,1705,3056
100,REV,1706,3061
100,REV,1707,3066
100,REV,1708,3067
100,REV,1709,3066
100,REV,1710,3067
100,REV,1711,3074
100,REV,1712,3069
100,REV,1713,3080
100,REV,1714,3073
100,REV,1715,3080
100,REV,1716,3080
100,REV,1717,3084
100,REV,1718,3081
100,REV,1719,3085
100,REV,1720,3081
100,REV,1721,3091
100,REV,1722,3085
100,REV,1723,3096
100,REV,1724,3089
100,REV,1725,3096
100,REV,1726,3093
100,REV,1727,3097
100,REV,1728,3099
100,REV,1729,3100
100,REV,1730,3101
100,REV,1731,3104
100,REV,1732,3097
100,REV,1733,3111
100,REV,1734,3097
100,REV,1735,3112
100,REV,1736,3108
100,REV,1737,3114
100,REV,1738,3113
100,REV,1739,3115
100,REV,1740,3109
100,REV,1741,3120
100,REV,1742,3116
100,REV,1743,3120
100,REV,1744,3117
100,REV,1745,3124
100,REV,1746,3123
100,REV,1747,3124
100,REV,1748,3125
100,REV,1749,3128
100,REV,1750,3125
100,REV,1751,3131
100,REV,1752,3129
100,REV,1753,3136
100,REV,1754,3133
100,REV,1755,3136
100,REV,1756,3133
100,REV,1757,3137
100,REV,1758,3144
100,REV,1759,3140
100,REV,1760,3137
100,REV,1761,3144
100,REV,1762,3140
100,REV,1763,3149
100,REV,1764,3145
100,REV,1765,3148
100,REV,1766,3145
100,REV,1767,3148
100,REV,1768,3145
100,REV,1769,3151
100,REV,1770,3145
100,REV,1771,3160
100,REV,1772,3149
100,REV,1773,3154
100,REV,1774,3149
100,REV,1775,3147
100,REV,1776,3153
100,REV,1777,3160
100,REV,1778,3157
100,REV,1779,3160
100,REV,1780,3153
100,REV,1781,3161
100,REV,1782,3160
100,REV,1783,3166
100,REV,1784,3133
100,REV,1785,3162
100,REV,1786,3160
100,REV,1787,3164
100,REV,1788,3163
100,REV,1789,3168
100,REV,1790,3163
100,REV,1791,3168
100,REV,1792,3165
100,REV,1793,3169
100,REV,1794,3165
100,REV,1795,3170
100,REV,1796,3172
100,REV,1797,3176
100,REV,1798,3169
100,REV,1799,3172
100,REV,1800,3169
100,REV,1801,3176
100,REV,1802,3176
100,REV,1803,3176
100,REV,1804,3173
100,REV,1805,3172
100,REV,1806,3173
100,REV,1807,3177
100,REV,1808,3178
100,REV,1809,3176
100,REV,1810,3173
100,REV,1811,3177
100,REV,1812,3176
100,REV,1813,3177
100,REV,1814,3177
100,REV,1815,3177
100,REV,1816,3177
100,REV,1817,3156
100,REV,1818,3177
100,REV,1819,3179
100,REV,1820,3177
100,REV,1821,3180
100,REV,1822,3177
100,REV,1823,3179
100,REV,1824,3179
100,REV,1825,3182
100,REV,1826,3179
100,REV,1827,3181
100,REV,1828,3179
100,REV,1829,3180
100,REV,1830,3177
100,REV,1831,3182
100,REV,1832,3181
100,REV,1833,3181
100,REV,1834,3182
100,REV,1835,3172
100,REV,1836,3181
100,REV,1837,3180
100,REV,1838,3181
100,REV,1839,3180
100,REV,1840,3177
100,REV,1841,3180
100,REV,1842,3177
100,REV,1843,3181
100,REV,1844,3180
100,REV,1845,3180
100,REV,1846,3177
100,REV,1847,3177
100,REV,1848,3177
100,REV,1849,3180
100,REV,1850,3179
100,REV,1851,3178
100,REV,1852,3177
100,REV,1853,3177
100,REV,1854,3176
100,REV,1855,3177
100,REV,1856,3177
100,REV,1857,3178
100,REV,1858,3167
100,REV,1859,3178
100,REV,1860,3171
100,REV,1861,3176
100,REV,1862,3177
100,REV,1863,3176
100,REV,1864,3173
100,REV,1865,3168
100,REV,1866,3169
100,REV,1867,3176
100,REV,1868,3169
100,REV,1869,3172
100,REV,1870,3169
100,REV,1871,3171
100,REV,1872,3168
100,REV,1873,3168
100,REV,1874,3169
100,REV,1875,3168
100,REV,1876,3165
100,REV,1877,3168
100,REV,1878,3163
100,REV,1879,3168
100,REV,1880,3161
100,REV,1881,3164
100,REV,1882,3161
100,REV,1883,3163
100,REV,1884,3168
100,REV,1885,3156
100,REV,1886,3160
100,REV,1887,3164
100,REV,1888,3157
100,REV,1889,3160
100,REV,1890,3155
100,REV,1891,3160
100,REV,1892,3153
100,REV,1893,3153
100,REV,1894,3153
100,REV,1895,3154
100,REV,1896,3151
100,REV,1897,3154
100,REV,1898,3149
100,REV,1899,3150
100,REV,1900,3145
100,REV,1901,3148
100,REV,1902,3145
100,REV,1903,3146
100,REV,1904,3145
100,REV,1905,3146
100,REV,1906,3143
100,REV,1907,3149
100,REV,1908,3142
100,REV,1909,3146
100,REV,1910,3140
100,REV,1911,3138
100,REV,1912,3137
100,REV,1913,3138
100,REV,1914,3133
100,REV,1915,3137
100,REV,1916,3133
100,REV,1917,3133
100,REV,1918,3129
100,REV,1919,3131
100,REV,1920,3129
100,REV,1921,3132
100,REV,1922,3125
100,REV,1923,3128
100,REV,1924,3121
100,REV,1925,3124
100,REV,1926,3119
100,REV,1927,3125
100,REV,1928,3117
100,REV,1929,3122
100,REV,1930,3117
100,REV,1931,3117
100,REV,1932,3115
100,REV,1933,3116
100,REV,1934,3113
100,REV,1935,3116
100,REV,1936,3107
100,REV,1937,3112
100,REV,1938,3105
100,REV,1939,3112
100,REV,1940,3105
100,REV,1941,3106
100,REV,1942,3101
100,REV,1943,3104
100,REV,1944,3100
100,REV,1945,3104
100,REV,1946,3099
100,REV,1947,3098
100,REV,1948,3091
100,REV,1949,3096
100,REV,1950,3089
100,REV,1951,3096
100,REV,1952,3089
100,REV,1953,3092
100,REV,1954,3085
100,REV,1955,3086
100,REV,1956,3085
100,REV,1957,3084
100,REV,1958,3077
100,REV,1959,3084
100,REV,1960,3077
100,REV,1961,3081
100,REV,1962,3073
100,REV,1963,3076
100,REV,1964,3073
100,REV,1965,3073
100,REV,1966,3069
100,REV,1967,3070
100,REV,1968,3065
100,REV,1969,3068
100,REV,1970,3064
100,REV,1971,3066
100,REV,1972,3061
100,REV,1973,3064
100,REV,1974,3057
100,REV,1975,3058
100,REV,1976,3053
100,REV,1977,3056
100,REV,1978,3049
100,REV,1979,3053
100,REV,1980,3049
100,REV,1981,3052
100,REV,1982,3045
100,REV,1983,3048
100,REV,1984,3050
100,REV,1985,3045
100,REV,1986,3041
100,REV,1987,3040
100,REV,1988,3033
100,REV,1989,3040
100,REV,1990,3033
100,REV,1991,3036
100,REV,1992,3033
100,REV,1993,3032
100,REV,1994,3029
100,REV,1995,3028
100,REV,1996,3023
100,REV,1997,3023
100,REV,1998,3021
100,REV,1999,3024
100,REV,2000,3020
100,REV,2001,3021
100,REV,2002,3019
100,REV,2003,3016
100,REV,2004,3013
100,REV,2005,3014
100,REV,2006,3011
100,REV,2007,3012
100,REV,2008,3005
100,REV,2009,3009
100,REV,2010,3001
100,REV,2011,3005
100,REV,2012,3001
100,REV,2013,3002
100,REV,2014,2997
100,REV,2015,3000
100,REV,2016,2993
100,REV,2017,2996
100,REV,2018,2989
100,REV,2019,2992
100,REV,2020,2987
100,REV,2021,2990
100,REV,2022,2985
100,REV,2023,2986
100,REV,2024,2981
100,REV,2025,2984
100,REV,2026,2977
100,REV,2027,2978
100,REV,2028,2975
100,REV,2029,2980
100,REV,2030,2973
100,REV,2031,2976
100,REV,2032,2969
100,REV,2033,2970
100,REV,2034,2970
100,REV,2035,2964
100,REV,2036,2961
100,REV,2037,2962
100,REV,2038,2957
100,REV,2039,2961
100,REV,2040,2957
100,REV,2041,2956
100,REV,2042,2957
100,REV,2043,2956
100,REV,2044,2949
100,REV,2045,2952
100,REV,2046,2954
100,REV,2047,2948
100,REV,2048,2943
100,REV,2049,2946
100,REV,2050,2941
100,REV,2051,2941
100,REV,2052,2939
100,REV,2053,2940
100,REV,2054,2933
100,REV,2055,2936
100,REV,2056,2933
100,REV,2057,2932
100,REV,2058,2929
100,REV,2059,2926
100,REV,2060,2927
100,REV,2061,2926
100,REV,2062,2921
100,REV,2063,2922
100,REV,2064,2921
100,REV,2065,2920
100,REV,2066,2920
100,REV,2067,2916
100,REV,2068,2913
100,REV,2069,2913
100,REV,2070,2909
100,REV,2071,2922
100,REV,2072,2909
100,REV,2073,2912
100,REV,2074,2905
100,REV,2075,2906
100,REV,2076,2904
100,REV,2077,2904
100,REV,2078,2901
100,REV,2079,2900
100,REV,2080,2897
100,REV,2081,2896
100,REV,2082,2897
100,REV,2083,2897
100,REV,2084,2897
100,REV,2085,2894
100,REV,2086,2889
100,REV,2087,2890
100,REV,2088,2888
100,REV,2089,2884
100,REV,2090,2889
100,REV,2091,2885
100,REV,2092,2883
100,REV,2093,2882
100,REV,2094,2879
100,REV,2095,2881
100,REV,2096,2879
100,REV,2097,2881
100,REV,2098,2877
100,REV,2099,2877
100,REV,2100,2876
100,REV,2101,2877
100,REV,2102,2873
100,REV,2103,2876
100,REV,2104,2872
100,REV,2105,2873
100,REV,2106,2869
100,REV,2107,2872
100,REV,2108,2868
100,REV,2109,2872
100,REV,2110,2856
100,REV,2111,2869
100,REV,2112,2867
100,REV,2113,2868
100,REV,2114,2867
100,REV,2115,2868
100,REV,2116,2861
100,REV,2117,2872
100,REV,2118,2873
100,REV,2119,2868
100,REV,2120,2865
100,REV,2121,2865
100,REV,2122,2861
100,REV,2123,2862
100,REV,2124,2863
100,REV,2125,2868
100,REV,2126,2865
100,REV,2127,2864
100,REV,2128,2861
100,REV,2129,2868
100,REV,2130,2861
100,REV,2131,2863
100,REV,2132,2861
100,REV,2133,2864
100,REV,2134,2861
100,REV,2135,2863
100,REV,2136,2860
100,REV,2137,2864
100,REV,2138,2863
100,REV,2139,2862
100,REV,2140,2861
100,REV,2141,2864
100,REV,2142,2861
100,REV,2143,2866
100,REV,2144,2861
100,REV,2145,2869
100,REV,2146,2861
100,REV,2147,2866
100,REV,2148,2865
100,REV,2149,2868
100,REV,2150,2869
100,REV,2151,2869
100,REV,2152,2867
100,REV,2153,2872
100,REV,2154,2869
100,REV,2155,2876
100,REV,2156,2869
100,REV,2157,2876
100,REV,2158,2873
100,REV,2159,2875
100,REV,2160,2876
100,REV,2161,2880
100,REV,2162,2880
100,REV,2163,2886
100,REV,2164,2877
100,REV,2165,2884
100,REV,2166,2881
100,REV,2167,2888
100,REV,2168,2885
100,REV,2169,2889
100,REV,2170,2865
100,REV,2171,2891
100,REV,2172,2900
100,REV,2173,2900
100,REV,2174,2880
100,REV,2175,2904
100,REV,2176,2906
100,REV,2177,2905
100,REV,2178,2901
100,REV,2179,2908
100,REV,2180,2909
100,REV,2181,2913
100,REV,2182,2909
100,REV,2183,2913
100,REV,2184,2913
100,REV,2185,2916
100,REV,2186,2920
100,REV,2187,2924
100,REV,2188,2923
100,REV,2189,2924
100,REV,2190,2923
100,REV,2191,2930
100,REV,2192,2929
100,REV,2193,2933
100,REV,2194,2937
100,REV,2195,2937
100,REV,2196,2937
100,REV,2197,2943
100,REV,2198,2941
100,REV,2199,2946
100,REV,2200,2943
100,REV,2201,2953
100,REV,2202,2943
100,REV,2203,2956
100,REV,2204,2953
100,REV,2205,2968
100,REV,2206,2957
100,REV,2207,2963
100,REV,2208,2963
100,REV,2209,2968
100,REV,2210,2953
100,REV,2211,2972
100,REV,2212,2968
100,REV,2213,2982
100,REV,2214,2973
100,REV,2215,2984
100,REV,2216,2981
100,REV,2217,2987
100,REV,2218,2981
100,REV,2219,2990
100,REV,2220,2989
100,REV,2221,2994
100,REV,2222,2995
100,REV,2223,3000
100,REV,2224,3000
100,REV,2225,3004
100,REV,2226,3003
100,REV,2227,3010
100,REV,2228,3005
100,REV,2229,3011
100,REV,2230,3009
100,REV,2231,3017
100,REV,2232,3017
100,REV,2233,3021
100,REV,2234,3023
100,REV,2235,3024
100,REV,2236,3021
100,REV,2237,3028
100,REV,2238,3034
100,REV,2239,3032
100,REV,2240,3032
100,REV,2241,3036
100,REV,2242,3037
100,REV,2243,3041
100,REV,2244,3037
100,REV,2245,3044
100,REV,2246,3049
100,REV,2247,3049
100,REV,2248,3048
100,REV,2249,3052
100,REV,2250,3049
100,REV,2251,3064
100,REV,2252,3055
100,REV,2253,3060
100,REV,2254,3057
100,REV,2255,3061
100,REV,2256,3061
100,REV,2257,3069
100,REV,2258,3069
100,REV,2259,3070
100,REV,2260,3069
100,REV,2261,3073
100,REV,2262,3071
100,REV,2263,3082
100,REV,2264,3077
100,REV,2265,3082
100,REV,2266,3081
100,REV,2267,3083
100,REV,2268,3083
100,REV,2269,3088
100,REV,2270,3091
100,REV,2271,3092
100,REV,2272,3087
100,REV,2273,3092
100,REV,2274,3096
100,REV,2275,3104
100,REV,2276,3097
100,REV,2277,3104
100,REV,2278,3097
100,REV,2279,3104
100,REV,2280,3101
100,REV,2281,3108
100,REV,2282,3105
100,REV,2283,3108
100,REV,2284,3112
100,REV,2285,3112
100,REV,2286,3112
100,REV,2287,3114
100,REV,2288,3114
100,REV,2289,3117
100,REV,2290,3113
100,REV,2291,3117
100,REV,2292,3125
100,REV,2293,3121
100,REV,2294,3125
100,REV,2295,3128
100,REV,2296,3125
100,REV,2297,3124
100,REV,2298,3129
100,REV,2299,3132
100,REV,2300,3129
100,REV,2301,3144
100,REV,2302,3133
100,REV,2303,3136
100,REV,2304,3137
100,REV,2305,3136
100,REV,2306,3137
100,REV,2307,3136
100,REV,2308,3147
100,REV,2309,3140
100,REV,2310,3139
100,REV,2311,3144
100,REV,2312,3148
100,REV,2313,3137
100,REV,2314,3147
100,REV,2315,3147
100,REV,2316,3149
100,REV,2317,3150
100,REV,2318,3149
100,REV,2319,3152
100,REV,2320,3153
100,REV,2321,3149
100,REV,2322,3149
100,REV,2323,3156
100,REV,2324,3153
100,REV,2325,3153
100,REV,2326,3157
100,REV,2327,3152
100,REV,2328,3157
100,REV,2329,3164
100,REV,2330,3157
100,REV,2331,3160
100,REV,2332,3161
100,REV,2333,3168
100,REV,2334,3161
100,REV,2335,3164
100,REV,2336,3161
100,REV,2337,3168
100,REV,2338,3165
100,REV,2339,3170
100,REV,2340,3163
100,REV,2341,3170
100,REV,2342,3171
100,REV,2343,3168
100,REV,2344,3169
100,REV,2345,3172
100,REV,2346,3169
100,REV,2347,3176
100,REV,2348,3173
100,REV,2349,3178
100,REV,2350,3173
100,REV,2351,3173
100,REV,2352,3176
100,REV,2353,3177
100,REV,2354,3173
100,REV,2355,3176
100,REV,2356,3177
100,REV,2357,3180
100,REV,2358,3177
100,REV,2359,3177
100,REV,2360,3177
100,REV,2361,3182
100,REV,2362,3177
100,REV,2363,3178
100,REV,2364,3177
100,REV,2365,3180
100,REV,2366,3177
100,REV,2367,3180
100,REV,2368,3181
100,REV,2369,3180
100,REV,2370,3177
100,REV,2371,3181
100,REV,2372,3181
100,REV,2373,3182
100,REV,2374,3176
100,REV,2375,3183
100,REV,2376,3177
100,REV,2377,3180
100,REV,2378,3181
100,REV,2379,3182
100,REV,2380,3177
100,REV,2381,3185
100,REV,2382,3177
100,REV,2383,3183
100,REV,2384,3181
100,REV,2385,3184
100,REV,2386,3180
100,REV,2387,3183
100,REV,2388,3180
100,REV,2389,3186
100,REV,2390,3184
100,REV,2391,3173
100,REV,2392,3177
100,REV,2393,3177
100,REV,2394,3181
100,REV,2395,3177
100,REV,2396,3178
100,REV,2397,3180
100,REV,2398,3181
100,REV,2399,3179
100,REV,2400,3180
100,REV,2401,3177
100,REV,2402,3180
100,REV,2403,3177
100,REV,2404,3176
100,REV,2405,3177
100,REV,2406,3180
100,REV,2407,3181
100,REV,2408,3180
100,REV,2409,3176
100,REV,2410,3177
100,REV,2411,3179
100,REV,2412,3176
100,REV,2413,3176
100,REV,2414,3180
100,REV,2415,3176
100,REV,2416,3176
100,REV,2417,3173
100,REV,2418,3172
100,REV,2419,3176
100,REV,2420,3173
100,REV,2421,3169
100,REV,2422,3168
100,REV,2423,3171
100,REV,2424,3172
100,REV,2425,3173
100,REV,2426,3173
100,REV,2427,3168
100,REV,2428,3168
100,REV,2429,3169
100,REV,2430,3168
100,REV,2431,3165
100,REV,2432,3168
100,REV,2433,3165
100,REV,2434,3163
100,REV,2435,3161
100,REV,2436,3168
100,REV,2437,3161
100,REV,2438,3164
100,REV,2439,3168
100,REV,2440,3162
100,REV,2441,3161
100,REV,2442,3160
100,REV,2443,3155
100,REV,2444,3160
100,REV,2445,3156
100,REV,2446,3153
100,REV,2447,3153
100,REV,2448,3153
100,REV,2449,3153
100,REV,2450,3156
100,REV,2451,3151
100,REV,2452,3152
100,REV,2453,3145
100,REV,2454,3149
100,REV,2455,3145
100,REV,2456,3151
100,REV,2457,3141
100,REV,2458,3147
100,REV,2459,3144
100,REV,2460,3148
100,REV,2461,3140
100,REV,2462,3144
100,REV,2463,3141
100,REV,2464,3146
100,REV,2465,3137
100,REV,2466,3141
100,REV,2467,3137
100,REV,2468,3137
100,REV,2469,3135
100,REV,2470,3133
100,REV,2471,3133
100,REV,2472,3136
100,REV,2473,3129
100,REV,2474,3132
100,REV,2475,3129
100,REV,2476,3134
100,REV,2477,3121
100,REV,2478,3125
100,REV,2479,3119
100,REV,2480,3128
100,REV,2481,3121
100,REV,2482,3118
100,REV,2483,3121
100,REV,2484,3120
100,REV,2485,3119
100,REV,2486,3118
100,REV,2487,3113
100,REV,2488,3116
100,REV,2489,3109
100,REV,2490,3112
100,REV,2491,3107
100,REV,2492,3112
100,REV,2493,3108
100,REV,2494,3109
100,REV,2495,3103
100,REV,2496,3108
100,REV,2497,3101
100,REV,2498,3104
100,REV,2499,3099
100,REV,2500,3100
100,REV,2501,3099
100,REV,2502,3100
100,REV,2503,3089
100,REV,2504,3096
100,REV,2505,3093
100,REV,2506,3092
100,REV,2507,3089
100,REV,2508,3089
100,REV,2509,3089
100,REV,2510,3089
100,REV,2511,3085
100,REV,2512,3085
100,REV,2513,3085
100,REV,2514,3082
100,REV,2515,3084
100,REV,2516,3105
100,REV,2517,3071
100,REV,2518,3076
100,REV,2519,3071
100,REV,2520,3076
100,REV,2521,3069
100,REV,2522,3072
100,REV,2523,3068
100,REV,2524,3068
100,REV,2525,3065
100,REV,2526,3070
100,REV,2527,3057
100,REV,2528,3064
100,REV,2529,3057
100,REV,2530,3061
100,REV,2531,3057
100,REV,2532,3060
100,REV,2533,3053
100,REV,2534,3055
100,REV,2535,3049
100,REV,2536,3053
100,REV,2537,3045
100,REV,2538,3054
100,REV,2539,3050
100,REV,2540,3049
100,REV,2541,3039
100,REV,2542,3043
100,REV,2543,3041
100,REV,2544,3041
100,REV,2545,3039
100,REV,2546,3040
100,REV,2547,3033
100,REV,2548,3036
100,REV,2549,3027
100,REV,2550,3033
100,REV,2551,3034
100,REV,2552,3032
100,REV,2553,3025
100,REV,2554,3028
100,REV,2555,3021
100,REV,2556,3025
100,REV,2557,3020
100,REV,2558,3022
100,REV,2559,3017
100,REV,2560,3017
100,REV,2561,3013
100,REV,2562,3016
100,REV,2563,3012
100,REV,2564,3017
100,REV,2565,3009
100,REV,2566,3008
100,REV,2567,3005
100,REV,2568,3006
100,REV,2569,3003
100,REV,2570,3004
100,REV,2571,3000
100,REV,2572,3000
100,REV,2573,2993
100,REV,2574,2996
100,REV,2575,2993
100,REV,2576,3002
100,REV,2577,2989
100,REV,2578,2992
100,REV,2579,2985
100,REV,2580,2988
100,REV,2581,2984
100,REV,2582,2985
100,REV,2583,2981
100,REV,2584,2980
100,REV,2585,2977
100,REV,2586,2981
100,REV,2587,2973
100,REV,2588,2976
100,REV,2589,2969
100,REV,2590,2972
100,REV,2591,2969
100,REV,2592,2968
100,REV,2593,2969
100,REV,2594,2968
100,REV,2595,2961
100,REV,2596,2962
100,REV,2597,2957
100,REV,2598,2963
100,REV,2599,2956
100,REV,2600,2959
100,REV,2601,2953
100,REV,2602,2957
100,REV,2603,2953
100,REV,2604,2953
100,REV,2605,2949
100,REV,2606,2950
100,REV,2607,2947
100,REV,2608,2943
100,REV,2609,2939
100,REV,2610,2942
100,REV,2611,2937
100,REV,2612,2941
100,REV,2613,2937
100,REV,2614,2937
100,REV,2615,2936
100,REV,2616,2936
100,REV,2617,2933
100,REV,2618,2931
100,REV,2619,2927
100,REV,2620,2924
100,REV,2621,2923
100,REV,2622,2924
100,REV,2623,2923
100,REV,2624,2924
100,REV,2625,2921
100,REV,2626,2921
100,REV,2627,2917
100,REV,2628,2917
100,REV,2629,2916
100,REV,2630,2916
100,REV,2631,2913
100,REV,2632,2913
100,REV,2633,2909
100,REV,2634,2912
100,REV,2635,2909
100,REV,2636,2912
100,REV,2637,2905
100,REV,2638,2906
100,REV,2639,2904
100,REV,2640,2904
100,REV,2641,2904
100,REV,2642,2900
100,REV,2643,2899
100,REV,2644,2898
100,REV,2645,2893
100,REV,2646,2895
100,REV,2647,2893
100,REV,2648,2898
100,REV,2649,2893
100,REV,2650,2893
100,REV,2651,2891
100,REV,2652,2894
100,REV,2653,2893
100,REV,2654,2894
100,REV,2655,2893
100,REV,2656,2894
100,REV,2657,2889
100,REV,2658,2889
100,REV,2659,2889
100,REV,2660,2889
100,REV,2661,2889
100,REV,2662,2888
100,REV,2663,2889
100,REV,2664,2892
100,REV,2665,2888
100,REV,2666,2890
100,REV,2667,2885
100,REV,2668,2891
100,REV,2669,2881
100,REV,2670,2888
100,REV,2671,2888
100,REV,2672,2888
100,REV,2673,2889
100,REV,2674,2888
100,REV,2675,2885
100,REV,2676,2886
100,REV,2677,2888
100,REV,2678,2890
100,REV,2679,2888
100,REV,2680,2889
100,REV,2681,2881
100,REV,2682,2890
100,REV,2683,2885
100,REV,2684,2889
100,REV,2685,2885
100,REV,2686,2891
100,REV,2687,2889
100,REV,2688,2893
100,REV,2689,2889
100,REV,2690,2894
100,REV,2691,2889
100,REV,2692,2893
100,REV,2693,2895
100,REV,2694,2896
100,REV,2695,2893
100,REV,2696,2905
100,REV,2697,2893
100,REV,2698,2897
100,REV,2699,2897
100,REV,2700,2900
100,REV,2701,2900
100,REV,2702,2904
100,REV,2703,2904
100,REV,2704,2904
100,REV,2705,2899
100,REV,2706,2910
100,REV,2707,2904
100,REV,2708,2909
100,REV,2709,2908
100,REV,2710,2912
100,REV,2711,2907
100,REV,2712,2916
100,REV,2713,2909
100,REV,2714,2916
100,REV,2715,2911
100,REV,2716,2920
100,REV,2717,2915
100,REV,2718,2923
100,REV,2719,2915
100,REV,2720,2924
100,REV,2721,2920
100,REV,2722,2926
100,REV,2723,2923
100,REV,2724,2929
100,REV,2725,2927
100,REV,2726,2932
100,REV,2727,2929
100,REV,2728,2936
100,REV,2729,2929
100,REV,2730,2938
100,REV,2731,2938
100,REV,2732,2941
100,REV,2733,2937
100,REV,2734,2944
100,REV,2735,2941
100,REV,2736,2949
100,REV,2737,2945
100,REV,2738,2952
100,REV,2739,2952
100,REV,2740,2954
100,REV,2741,2953
100,REV,2742,2959
100,REV,2743,2959
100,REV,2744,2968
100,REV,2745,2957
100,REV,2746,2968
100,REV,2747,2964
100,REV,2748,2972
100,REV,2749,2968
100,REV,2750,2977
100,REV,2751,2973
100,REV,2752,2980
100,REV,2753,2973
100,REV,2754,2984
100,REV,2755,2981
100,REV,2756,2989
100,REV,2757,2985
100,REV,2758,2993
100,REV,2759,2989
100,REV,2760,2993
100,REV,2761,2993
100,REV,2762,3000
100,REV,2763,2995
100,REV,2764,3000
100,REV,2765,3000
100,REV,2766,3004
100,REV,2767,3005
100,REV,2768,3018
100,REV,2769,3005
100,REV,2770,3012
100,REV,2771,3011
100,REV,2772,3020
100,REV,2773,3017
100,REV,2774,3021
100,REV,2775,3019
100,REV,2776,3026
100,REV,2777,3021
100,REV,2778,3028
100,REV,2779,3025
100,REV,2780,3034
100,REV,2781,3032
100,REV,2782,3035
100,REV,2783,3036
100,REV,2784,3040
100,REV,2785,3039
100,REV,2786,3044
100,REV,2787,3045
100,REV,2788,3048
100,REV,2789,3048
100,REV,2790,3051
100,REV,2791,3053
100,REV,2792,3055
100,REV,2793,3053
100,REV,2794,3066
100,REV,2795,3053
100,REV,2796,3064
100,REV,2797,3064
100,REV,2798,3068
100,REV,2799,3065
100,REV,2800,3069
100,REV,2801,3067
100,REV,2802,3072
100,REV,2803,3069
100,REV,2804,3076
100,REV,2805,3077
100,REV,2806,3080
100,REV,2807,3077
100,REV,2808,3084
100,REV,2809,3084
100,REV,2810,3084
100,REV,2811,3085
100,REV,2812,3090
100,REV,2813,3089
100,REV,2814,3092
100,REV,2815,3093
100,REV,2816,3098
100,REV,2817,3097
100,REV,2818,3100
100,REV,2819,3106
100,REV,2820,3100
100,REV,2821,3101
100,REV,2822,3106
100,REV,2823,3105
100,REV,2824,3106
100,REV,2825,3107
100,REV,2826,3112
100,REV,2827,3113
100,REV,2828,3116
100,REV,2829,3113
100,REV,2830,3117
100,REV,2831,3119
100,REV,2832,3119
100,REV,2833,3121
100,REV,2834,3124
100,REV,2835,3121
100,REV,2836,3124
100,REV,2837,3125
100,REV,2838,3128
100,REV,2839,3128
100,REV,2840,3132
100,REV,2841,3129
100,REV,2842,3133
100,REV,2843,3132
100,REV,2844,3144
100,REV,2845,3129
100,REV,2846,3136
100,REV,2847,3137
100,REV,2848,3144
100,REV,2849,3139
100,REV,2850,3140
100,REV,2851,3144
100,REV,2852,3148
100,REV,2853,3145
100,REV,2854,3146
100,REV,2855,3145
100,REV,2856,3150
100,REV,2857,3149
100,REV,2858,3150
100,REV,2859,3153
100,REV,2860,3152
100,REV,2861,3153
100,REV,2862,3154
100,REV,2863,3153
100,REV,2864,3156
100,REV,2865,3157
100,REV,2866,3160
100,REV,2867,3160
100,REV,2868,3158
100,REV,2869,3170
100,REV,2870,3160
100,REV,2871,3163
100,REV,2872,3163
100,REV,2873,3161
100,REV,2874,3166
100,REV,2875,3166
100,REV,2876,3165
100,REV,2877,3170
100,REV,2878,3165
100,REV,2879,3169
100,REV,2880,3169
100,REV,2881,3173
100,REV,2882,3165
100,REV,2883,3176
100,REV,2884,3169
100,REV,2885,3172
100,REV,2886,3169
100,REV,2887,3178
100,REV,2888,3172
100,REV,2889,3179
100,REV,2890,3173
100,REV,2891,3178
100,REV,2892,3173
100,REV,2893,3180
100,REV,2894,3177
100,REV,2895,3182
100,REV,2896,3179
100,REV,2897,3180
100,REV,2898,3179
100,REV,2899,3183
100,REV,2900,3185
100,REV,2901,3187
100,REV,2902,3180
100,REV,2903,3185
100,REV,2904,3181
100,REV,2905,3188
100,REV,2906,3183
100,REV,2907,3184
100,REV,2908,3185
100,REV,2909,3186
100,REV,2910,3181
100,REV,2911,3186
100,REV,2912,3183
100,REV,2913,3188
100,REV,2914,3185
100,REV,2915,3187
100,REV,2916,3187
100,REV,2917,3198
100,REV,2918,3188
100,REV,2919,3190
100,REV,2920,3185
100,REV,2921,3188
100,REV,2922,3149
100,REV,2923,3192
100,REV,2924,3189
100,REV,2925,3192
100,REV,2926,3185
100,REV,2927,3192
100,REV,2928,3187
100,REV,2929,3188
100,REV,2930,3189
100,REV,2931,3190
100,REV,2932,3189
100,REV,2933,3188
100,REV,2934,3187
100,REV,2935,3192
100,REV,2936,3189
100,REV,2937,3188
100,REV,2938,3185
100,REV,2939,3187
100,REV,2940,3187
100,REV,2941,3188
100,REV,2942,3188
100,REV,2943,3188
100,REV,2944,3194
100,REV,2945,3188
100,REV,2946,3185
100,REV,2947,3192
100,REV,2948,3188
100,REV,2949,3192
100,REV,2950,3185
100,REV,2951,3187
100,REV,2952,3185
100,REV,2953,3188
100,REV,2954,3185
100,REV,2955,3186
100,REV,2956,3187
100,REV,2957,3182
100,REV,2958,3181
100,REV,2959,3188
100,REV,2960,3181
100,REV,2961,3183
100,REV,2962,3181
100,REV,2963,3183
100,REV,2964,3181
100,REV,2965,3184
100,REV,2966,3181
100,REV,2967,3180
100,REV,2968,3177
100,REV,2969,3181
100,REV,2970,3177
100,REV,2971,3180
100,REV,2972,3177
100,REV,2973,3180
100,REV,2974,3173
100,REV,2975,3176
100,REV,2976,3176
100,REV,2977,3176
100,REV,2978,3173
100,REV,2979,3176
100,REV,2980,3173
100,REV,2981,3174
100,REV,2982,3169
100,REV,2983,3176
100,REV,2984,3169
100,REV,2985,3172
100,REV,2986,3165
100,REV,2987,3168
100,REV,2988,3165
100,REV,2989,3168
100,REV,2990,3167
100,REV,2991,3168
100,REV,2992,3165
100,REV,2993,3165
100,REV,2994,3162
100,REV,2995,3164
100,REV,2996,3161
100,REV,2997,3161
100,REV,2998,3157
100,REV,2999,3160
100,REV,3000,3157
100,REV,3001,3156
100,REV,3002,3155
100,REV,3003,3156
100,REV,3004,3153
100,REV,3005,3156
100,REV,3006,3151
100,REV,3007,3150
100,REV,3008,3153
100,REV,3009,3150
100,REV,3010,3148
100,REV,3011,3149
100,REV,3012,3147
100,REV,3013,3148
100,REV,3014,3147
100,REV,3015,3146
100,REV,3016,3139
100,REV,3017,3144
100,REV,3018,3137
100,REV,3019,3146
100,REV,3020,3133
100,REV,3021,3138
100,REV,3022,3129
100,REV,3023,3136
100,REV,3024,3133
100,REV,3025,3136
100,REV,3026,3131
100,REV,3027,3132
100,REV,3028,3128
100,REV,3029,3132
100,REV,3030,3125
100,REV,3031,3131
100,REV,3032,3125
100,REV,3033,3128
100,REV,3034,3121
100,REV,3035,3123
100,REV,3036,3120
100,REV,3037,3120
100,REV,3038,3119
100,REV,3039,3117
100,REV,3040,3113
100,REV,3041,3117
100,REV,3042,3109
100,REV,3043,3116
100,REV,3044,3109
100,REV,3045,3113
100,REV,3046,3103
100,REV,3047,3108
100,REV,3048,3104
100,REV,3049,3108
100,REV,3050,3103
100,REV,3051,3104
100,REV,3052,3097
100,REV,3053,3101
100,REV,3054,3097
100,REV,3055,3100
100,REV,3056,3098
100,REV,3057,3097
100,REV,3058,3089
100,REV,3059,3093
100,REV,3060,3089
100,REV,3061,3092
100,REV,3062,3085
100,REV,3063,3090
100,REV,3064,3081
100,REV,3065,3084
100,REV,3066,3080
100,REV,3067,3084
100,REV,3068,3077
100,REV,3069,3082
100,REV,3070,3076
100,REV,3071,3076
100,REV,3072,3071
100,REV,3073,3076
100,REV,3074,3069
100,REV,3075,3070
100,REV,3076,3065
100,REV,3077,3068
100,REV,3078,3061
100,REV,3079,3068
100,REV,3080,3057
100,REV,3081,3064
100,REV,3082,3057
100,REV,3083,3061
100,REV,3084,3057
100,REV,3085,3060
100,REV,3086,3049
100,REV,3087,3054
100,REV,3088,3049
100,REV,3089,3053
100,REV,3090,3043
100,REV,3091,3049
100,REV,3092,3041
100,REV,3093,3048
100,REV,3094,3037
100,REV,3095,3043
100,REV,3096,3036
100,REV,3097,3040
100,REV,3098,3036
100,REV,3099,3036
100,REV,3100,3033
100,REV,3101,3032
100,REV,3102,3027
100,REV,3103,3032
100,REV,3104,3033
100,REV,3105,3025
100,REV,3106,3021
100,REV,3107,3023
100,REV,3108,3020
100,REV,3109,3022
100,REV,3110,3017
100,REV,3111,3021
100,REV,3112,3012
100,REV,3113,3016
100,REV,3114,3009
100,REV,3115,3012
100,REV,3116,3005
100,REV,3117,3008
100,REV,3118,3004
100,REV,3119,3005
100,REV,3120,3003
100,REV,3121,3004
100,REV,3122,3001
100,REV,3123,3002
100,REV,3124,3000
100,REV,3125,3044
100,REV,3126,2989
100,REV,3127,2994
100,REV,3128,2987
100,REV,3129,2990
100,REV,3130,2985
100,REV,3131,2988
100,REV,3132,2985
100,REV,3133,2985
100,REV,3134,2981
100,REV,3135,2980
100,REV,3136,2986
100,REV,3137,2976
100,REV,3138,2973
100,REV,3139,2980
100,REV,3140,2973
100,REV,3141,2972
100,REV,3142,2969
100,REV,3143,2968
100,REV,3144,2969
100,REV,3145,2968
100,REV,3146,2964
100,REV,3147,2964
100,REV,3148,2963
100,REV,3149,2960
100,REV,3150,2955
100,REV,3151,2957
100,REV,3152,2956
100,REV,3153,2956
100,REV,3154,2952
100,REV,3155,2952
100,REV,3156,2949
100,REV,3157,2949
100,REV,3158,2945
100,REV,3159,2946
100,REV,3160,2941
100,REV,3161,2944
100,REV,3162,2939
100,REV,3163,2940
100,REV,3164,2940
100,REV,3165,2936
100,REV,3166,2936
100,REV,3167,2934
100,REV,3168,2933
100,REV,3169,2932
100,REV,3170,2929
100,REV,3171,2932
100,REV,3172,2925
100,REV,3173,2926
100,REV,3174,2925
100,REV,3175,2925
100,REV,3176,2921
100,REV,3177,2922
100,REV,3178,2920
100,REV,3179,2920
100,REV,3180,2917
100,REV,3181,2920
100,REV,3182,2915
100,REV,3183,2916
100,REV,3184,2911
100,REV,3185,2913
100,REV,3186,2910
100,REV,3187,2912
100,REV,3188,2909
100,REV,3189,2909
100,REV,3190,2908
100,REV,3191,2906
100,REV,3192,2905
100,REV,3193,2905
100,REV,3194,2885
100,REV,3195,2904
100,REV,3196,2901
100,REV,3197,2901
100,REV,3198,2906
100,REV,3199,2900
100,REV,3200,2897
100,REV,3201,2900
100,REV,3202,2897
100,REV,3203,2897
100,REV,3204,2897
100,REV,3205,2896
100,REV,3206,2897
100,REV,3207,2896
100,REV,3208,2893
100,REV,3209,2894
100,REV,3210,2893
100,REV,3211,2895
100,REV,3212,2893
100,REV,3213,2893
100,REV,3214,2893
100,REV,3215,2893
100,REV,3216,2893
100,REV,3217,2894
100,REV,3218,2892
100,REV,3219,2894
100,REV,3220,2889
100,REV,3221,2894
100,REV,3222,2891
100,REV,3223,2895
100,REV,3224,2893
100,REV,3225,2895
100,REV,3226,2893
100,REV,3227,2896
100,REV,3228,2895
100,REV,3229,2897
100,REV,3230,2893
100,REV,3231,2896
100,REV,3232,2893
100,REV,3233,2896
100,REV,3234,2893
100,REV,3235,2896
100,REV,3236,2900
100,REV,3237,2900
100,REV,3238,2893
100,REV,3239,2898
100,REV,3240,2897
100,REV,3241,2904
100,REV,3242,2899
100,REV,3243,2900
100,REV,3244,2901
100,REV,3245,2904
100,REV,3246,2901
100,REV,3247,2908
100,REV,3248,2907
100,REV,3249,2912
100,REV,3250,2905
100,REV,3251,2908
100,REV,3252,2909
100,REV,3253,2912
100,REV,3254,2909
100,REV,3255,2914
100,REV,3256,2909
100,REV,3257,2916
100,REV,3258,2911
100,REV,3259,2920
100,REV,3260,2916
100,REV,3261,2920
100,REV,3262,2901
100,REV,3263,2923
100,REV,3264,2924
100,REV,3265,2932
100,REV,3266,2927
100,REV,3267,2936
100,REV,3268,2933
100,REV,3269,2936
100,REV,3270,2933
100,REV,3271,2939
100,REV,3272,2941
100,REV,3273,2948
100,REV,3274,2943
100,REV,3275,2948
100,REV,3276,2949
100,REV,3277,2952
100,REV,3278,2952
100,REV,3279,2956
100,REV,3280,2953
100,REV,3281,2959
100,REV,3282,2957
100,REV,3283,2964
100,REV,3284,2961
100,REV,3285,2968
100,REV,3286,2965
100,REV,3287,2970
100,REV,3288,2969
100,REV,3289,2976
100,REV,3290,2977
100,REV,3291,2980
100,REV,3292,2973
100,REV,3293,2984
100,REV,3294,2981
100,REV,3295,2989
100,REV,3296,2985
100,REV,3297,2994
100,REV,3298,2989
100,REV,3299,3002
100,REV,3300,2993
100,REV,3301,3012
100,REV,3302,2997
100,REV,3303,3004
100,REV,3304,3000
100,REV,3305,3004
100,REV,3306,3005
100,REV,3307,3016
100,REV,3308,3009
100,REV,3309,3017
100,REV,3310,3017
100,REV,3311,3019
100,REV,3312,3020
100,REV,3313,3022
100,REV,3314,3025
100,REV,3315,3028
100,REV,3316,3029
100,REV,3317,3034
100,REV,3318,3033
100,REV,3319,3040
100,REV,3320,3037
100,REV,3321,3044
100,REV,3322,3041
100,REV,3323,3049
100,REV,3324,3049
100,REV,3325,3048
100,REV,3326,3055
100,REV,3327,3056
100,REV,3328,3085
100,REV,3329,3060
100,REV,3330,3057
100,REV,3331,3066
100,REV,3332,3065
100,REV,3333,3068
100,REV,3334,3068
100,REV,3335,3073
100,REV,3336,3073
100,REV,3337,3076
100,REV,3338,3081
100,REV,3339,3082
100,REV,3340,3081
100,REV,3341,3085
100,REV,3342,3085
100,REV,3343,3091
100,REV,3344,3089
100,REV,3345,3096
100,REV,3346,3092
100,REV,3347,3094
100,REV,3348,3097
100,REV,3349,3106
100,REV,3350,3099
100,REV,3351,3102
100,REV,3352,3101
100,REV,3353,3108
100,REV,3354,3105
100,REV,3355,3112
100,REV,3356,3113
100,REV,3357,3117
100,REV,3358,3113
100,REV,3359,3119
100,REV,3360,3121
100,REV,3361,3124
100,REV,3362,3121
100,REV,3363,3124
100,REV,3364,3125
100,REV,3365,3128
100,REV,3366,3129
100,REV,3367,3136
100,REV,3368,3133
100,REV,3369,3137
100,REV,3370,3133
100,REV,3371,3139
100,REV,3372,3139
100,REV,3373,3142
100,REV,3374,3144
100,REV,3375,3148
100,REV,3376,3145
100,REV,3377,3148
100,REV,3378,3145
100,REV,3379,3152
100,REV,3380,3153
100,REV,3381,3154
100,REV,3382,3153
100,REV,3383,3157
100,REV,3384,3157
100,REV,3385,3161
100,REV,3386,3163
100,REV,3387,3164
100,REV,3388,3161
100,REV,3389,3164
100,REV,3390,3165
100,REV,3391,3169
100,REV,3392,3169
100,REV,3393,3173
100,REV,3394,3169
100,REV,3395,3173
100,REV,3396,3177
100,REV,3397,3176
100,REV,3398,3176
100,REV,3399,3181
100,REV,3400,3160
100,REV,3401,3180
100,REV,3402,3179
100,REV,3403,3183
100,REV,3404,3183
100,REV,3405,3188
100,REV,3406,3185
100,REV,3407,3188
100,REV,3408,3189
100,REV,3409,3188
100,REV,3410,3193
100,REV,3411,3194
100,REV,3412,3193
100,REV,3413,3194
100,REV,3414,3193
100,REV,3415,3198
100,REV,3416,3196
100,REV,3417,3200
100,REV,3418,3197
100,REV,3419,3201
100,REV,3420,3201
100,REV,3421,3204
100,REV,3422,3203
100,REV,3423,3208
100,REV,3424,3210
100,REV,3425,3208
100,REV,3426,3205
100,REV,3427,3209
100,REV,3428,3209
100,REV,3429,3209
100,REV,3430,3209
100,REV,3431,3211
100,REV,3432,3212
100,REV,3433,3214
100,REV,3434,3213
100,REV,3435,3218
100,REV,3436,3215
100,REV,3437,3212
100,REV,3438,3217
100,REV,3439,3228
100,REV,3440,3213
100,REV,3441,3221
100,REV,3442,3213
100,REV,3443,3221
100,REV,3444,3217
100,REV,3445,3224
100,REV,3446,3224
100,REV,3447,3224
100,REV,3448,3221
100,REV,3449,3232
100,REV,3450,3224
100,REV,3451,3226
100,REV,3452,3224
100,REV,3453,3228
100,REV,3454,3224
100,REV,3455,3226
100,REV,3456,3225
100,REV,3457,3228
100,REV,3458,3227
100,REV,3459,3228
100,REV,3460,3227
100,REV,3461,3234
100,REV,3462,3225
100,REV,3463,3232
100,REV,3464,3225
100,REV,3465,3232
100,REV,3466,3229
100,REV,3467,3232
100,REV,3468,3229
100,REV,3469,3232
100,REV,3470,3229
100,REV,3471,3232
100,REV,3472,3229
100,REV,3473,3232
100,REV,3474,3230
100,REV,3475,3234
100,REV,3476,3229
100,REV,3477,3232
100,REV,3478,3229
100,REV,3479,3224
100,REV,3480,3229
100,REV,3481,3236
100,REV,3482,3229
100,REV,3483,3236
100,REV,3484,3229
100,REV,3485,3232
100,REV,3486,3231
100,REV,3487,3232
100,REV,3488,3229
100,REV,3489,3232
100,REV,3490,3229
100,REV,3491,3242
100,REV,3492,3229
100,REV,3493,3233
100,REV,3494,3229
100,REV,3495,3232
100,REV,3496,3227
100,REV,3497,3232
100,REV,3498,3229
100,REV,3499,3240
100,REV,3500,3225
100,REV,3501,3232
100,REV,3502,3225
100,REV,3503,3228
100,REV,3504,3225
100,REV,3505,3232
100,REV,3506,3227
100,REV,3507,3232
100,REV,3508,3225
100,REV,3509,3226
100,REV,3510,3224
100,REV,3511,3240
100,REV,3512,3221
100,REV,3513,3228
100,REV,3514,3221
100,REV,3515,3224
100,REV,3516,3225
100,REV,3517,3228
100,REV,3518,3219
100,REV,3519,3224
100,REV,3520,3217
100,REV,3521,3224
100,REV,3522,3215
100,REV,3523,3219
100,REV,3524,3213
100,REV,3525,3224
100,REV,3526,3212
100,REV,3527,3215
100,REV,3528,3213
100,REV,3529,3214
100,REV,3530,3213
100,REV,3531,3160
100,REV,3532,3209
100,REV,3533,3215
100,REV,3534,3209
100,REV,3535,3213
100,REV,3536,3211
100,REV,3537,3210
100,REV,3538,3205
100,REV,3539,3208
100,REV,3540,3204
100,REV,3541,3212
100,REV,3542,3205
100,REV,3543,3208
100,REV,3544,3201
100,REV,3545,3204
100,REV,3546,3199
100,REV,3547,3204
100,REV,3548,3199
100,REV,3549,3201
100,REV,3550,3196
100,REV,3551,3200
100,REV,3552,3195
100,REV,3553,3197
100,REV,3554,3195
100,REV,3555,3196
100,REV,3556,3192
100,REV,3557,3192
100,REV,3558,3185
100,REV,3559,3193
100,REV,3560,3189
100,REV,3561,3192
100,REV,3562,3185
100,REV,3563,3186
100,REV,3564,3185
100,REV,3565,3184
100,REV,3566,3185
100,REV,3567,3184
100,REV,3568,3181
100,REV,3569,3180
100,REV,3570,3176
100,REV,3571,3180
100,REV,3572,3177
100,REV,3573,3178
100,REV,3574,3173
100,REV,3575,3176
100,REV,3576,3176
100,REV,3577,3180
100,REV,3578,3171
100,REV,3579,3168
100,REV,3580,3165
100,REV,3581,3168
100,REV,3582,3161
100,REV,3583,3168
100,REV,3584,3161
100,REV,3585,3162
100,REV,3586,3157
100,REV,3587,3160
100,REV,3588,3157
100,REV,3589,3157
100,REV,3590,3155
100,REV,3591,3156
100,REV,3592,3149
100,REV,3593,3153
100,REV,3594,3149
100,REV,3595,3151
100,REV,3596,3145
100,REV,3597,3148
100,REV,3598,3145
100,REV,3599,3144
100,REV,3600,3141
100,REV,3601,3144
100,REV,3602,3141
100,REV,3603,3142
100,REV,3604,3144
100,REV,3605,3137
100,REV,3606,3133
100,REV,3607,3136
100,REV,3608,3133
100,REV,3609,3131
100,REV,3610,3129
100,REV,3611,3128
100,REV,3612,3125
100,REV,3613,3128
100,REV,3614,3123
100,REV,3615,3124
100,REV,3616,3128
100,REV,3617,3118
100,REV,3618,3117
100,REV,3619,3118
100,REV,3620,3113
100,REV,3621,3112
100,REV,3622,3113
100,REV,3623,3112
100,REV,3624,3103
100,REV,3625,3108
100,REV,3626,3107
100,REV,3627,3104
100,REV,3628,3103
100,REV,3629,3098
100,REV,3630,3101
100,REV,3631,3098
100,REV,3632,3113
100,REV,3633,3096
100,REV,3634,3093
100,REV,3635,3092
100,REV,3636,3089
100,REV,3637,3089
100,REV,3638,3089
100,REV,3639,3086
100,REV,3640,3081
100,REV,3641,3085
100,REV,3642,3081
100,REV,3643,3082
100,REV,3644,3077
100,REV,3645,3077
100,REV,3646,3073
100,REV,3647,3073
100,REV,3648,3071
100,REV,3649,3070
100,REV,3650,3069
100,REV,3651,3068
100,REV,3652,3065
100,REV,3653,3070
100,REV,3654,3065
100,REV,3655,3064
100,REV,3656,3060
100,REV,3657,3058
100,REV,3658,3057
100,REV,3659,3056
100,REV,3660,3051
100,REV,3661,3052
100,REV,3662,3051
100,REV,3663,3048
100,REV,3664,3045
100,REV,3665,3045
100,REV,3666,3043
100,REV,3667,3044
100,REV,3668,3037
100,REV,3669,3041
100,REV,3670,3033
100,REV,3671,3037
100,REV,3672,3035
100,REV,3673,3036
100,REV,3674,3032
100,REV,3675,3032
100,REV,3676,3025
100,REV,3677,3029
100,REV,3678,3023
100,REV,3679,3022
100,REV,3680,3021
100,REV,3681,3021
100,REV,3682,3020
100,REV,3683,3019
100,REV,3684,3016
100,REV,3685,3016
100,REV,3686,3013
100,REV,3687,3012
100,REV,3688,3009
100,REV,3689,3008
100,REV,3690,3005
100,REV,3691,3016
100,REV,3692,3001
100,REV,3693,3004
100,REV,3694,2997
100,REV,3695,3002
100,REV,3696,2995
100,REV,3697,3008
100,REV,3698,2993
100,REV,3699,3000
100,REV,3700,2985
100,REV,3701,2989
100,REV,3702,2985
100,REV,3703,2991
100,REV,3704,2981
100,REV,3705,2985
100,REV,3706,2977
100,REV,3707,2981
100,REV,3708,2977
100,REV,3709,2976
100,REV,3710,2975
100,REV,3711,2976
100,REV,3712,2969
100,REV,3713,2962
100,REV,3714,2968
100,REV,3715,2970
100,REV,3716,2965
100,REV,3717,2968
100,REV,3718,2961
100,REV,3719,2963
100,REV,3720,2961
100,REV,3721,2959
100,REV,3722,2949
100,REV,3723,2957
100,REV,3724,2953
100,REV,3725,2956
100,REV,3726,2945
100,REV,3727,2956
100,REV,3728,2952
100,REV,3729,2952
100,REV,3730,2941
100,REV,3731,2946
100,REV,3732,2945
100,REV,3733,2944
100,REV,3734,2940
100,REV,3735,2942
100,REV,3736,2937
100,REV,3737,2942
100,REV,3738,2933
100,REV,3739,2940
100,REV,3740,2936
100,REV,3741,2936
100,REV,3742,2929
100,REV,3743,2932
100,REV,3744,2928
100,REV,3745,2933
100,REV,3746,2929
100,REV,3747,2936
100,REV,3748,2925
100,REV,3749,2928
100,REV,3750,2921
100,REV,3751,2926
100,REV,3752,2924
100,REV,3753,2925
100,REV,3754,2923
100,REV,3755,2920
100,REV,3756,2921
100,REV,3757,2924
100,REV,3758,2920
100,REV,3759,2924
100,REV,3760,2917
100,REV,3761,2920
100,REV,3762,2917
100,REV,3763,2922
100,REV,3764,2917
100,REV,3765,2920
100,REV,3766,2917
100,REV,3767,2920
100,REV,3768,2917
100,REV,3769,2920
100,REV,3770,2920
100,REV,3771,2920
100,REV,3772,2917
100,REV,3773,2922
100,REV,3774,2915
100,REV,3775,2922
100,REV,3776,2917
100,REV,3777,2921
100,REV,3778,2917
100,REV,3779,2922
100,REV,3780,2916
100,REV,3781,2922
100,REV,3782,2917
100,REV,3783,2924
100,REV,3784,2917
100,REV,3785,2923
100,REV,3786,2920
100,REV,3787,2923
100,REV,3788,2921
100,REV,3789,2924
100,REV,3790,2921
100,REV,3791,2924
100,REV,3792,2923
100,REV,3793,2928
100,REV,3794,2924
100,REV,3795,2926
100,REV,3796,2925
100,REV,3797,2928
100,REV,3798,2925
100,REV,3799,2929
100,REV,3800,2925
100,REV,3801,2932
100,REV,3802,2929
100,REV,3803,2936
100,REV,3804,2936
100,REV,3805,2932
100,REV,3806,2940
100,REV,3807,2937
100,REV,3808,2952
100,REV,3809,2940
100,REV,3810,2941
100,REV,3811,2945
100,REV,3812,2941
100,REV,3813,2946
100,REV,3814,2943
100,REV,3815,2948
100,REV,3816,2949
100,REV,3817,2952
100,REV,3818,2953
100,REV,3819,2954
100,REV,3820,3000
100,REV,3821,2961
100,REV,3822,2961
100,REV,3823,2965
100,REV,3824,2965
100,REV,3825,2968
100,REV,3826,2965
100,REV,3827,2969
100,REV,3828,2970
100,REV,3829,2982
100,REV,3830,2977
100,REV,3831,2977
100,REV,3832,2978
100,REV,3833,2973
100,REV,3834,2984
100,REV,3835,2981
100,REV,3836,2988
100,REV,3837,2984
100,REV,3838,2987
100,REV,3839,2987
100,REV,3840,2992
100,REV,3841,2993
100,REV,3842,2996
100,REV,3843,2997
100,REV,3844,3000
100,REV,3845,2997
100,REV,3846,3005
100,REV,3847,3001
100,REV,3848,3011
100,REV,3849,3005
100,REV,3850,3016
100,REV,3851,3016
100,REV,3852,3012
100,REV,3853,3016
100,REV,3854,3020
100,REV,3855,3019
100,REV,3856,3024
100,REV,3857,3017
100,REV,3858,3030
100,REV,3859,3025
100,REV,3860,3036
100,REV,3861,3032
100,REV,3862,3034
100,REV,3863,3033
100,REV,3864,3040
100,REV,3865,3037
100,REV,3866,3045
100,REV,3867,3037
100,REV,3868,3048
100,REV,3869,3045
100,REV,3870,3050
100,REV,3871,3049
100,REV,3872,3055
100,REV,3873,3053
100,REV,3874,3060
100,REV,3875,3057
100,REV,3876,3062
100,REV,3877,3061
100,REV,3878,3068
100,REV,3879,3065
100,REV,3880,3071
100,REV,3881,3067
100,REV,3882,3073
100,REV,3883,3071
100,REV,3884,3076
100,REV,3885,3077
100,REV,3886,3080
100,REV,3887,3077
100,REV,3888,3086
100,REV,3889,3085
100,REV,3890,3088
100,REV,3891,3087
100,REV,3892,3088
100,REV,3893,3087
100,REV,3894,3096
100,REV,3895,3091
100,REV,3896,3099
100,REV,3897,3093
100,REV,3898,3101
100,REV,3899,3100
100,REV,3900,3100
100,REV,3901,3105
100,REV,3902,3108
100,REV,3903,3109
100,REV,3904,3114
100,REV,3905,3109
100,REV,3906,3112
100,REV,3907,3113
100,REV,3908,3117
100,REV,3909,3113
100,REV,3910,3123
100,REV,3911,3121
100,REV,3912,3125
100,REV,3913,3125
100,REV,3914,3128
100,REV,3915,3129
100,REV,3916,3134
100,REV,3917,3128
100,REV,3918,3136
100,REV,3919,3133
100,REV,3920,3138
100,REV,3921,3135
100,REV,3922,3139
100,REV,3923,3141
100,REV,3924,3144
100,REV,3925,3145
100,REV,3926,3148
100,REV,3927,3145
100,REV,3928,3146
100,REV,3929,3145
100,REV,3930,3148
100,REV,3931,3149
100,REV,3932,3153
100,REV,3933,3145
100,REV,3934,3155
100,REV,3935,3155
100,REV,3936,3156
100,REV,3937,3158
100,REV,3938,3160
100,REV,3939,3161
100,REV,3940,3164
100,REV,3941,3163
100,REV,3942,3161
100,REV,3943,3161
100,REV,3944,3168
100,REV,3945,3165
100,REV,3946,3168
100,REV,3947,3169
100,REV,3948,3172
100,REV,3949,3176
100,REV,3950,3176
100,REV,3951,3173
100,REV,3952,3176
100,REV,3953,3176
100,REV,3954,3182
100,REV,3955,3177
100,REV,3956,3180
100,REV,3957,3177
100,REV,3958,3181
100,REV,3959,3181
100,REV,3960,3188
100,REV,3961,3183
100,REV,3962,3188
100,REV,3963,3185
100,REV,3964,3185
100,REV,3965,3185
100,REV,3966,3194
100,REV,3967,3185
100,REV,3968,3189
100,REV,3969,3192
100,REV,3970,3193
100,REV,3971,3193
100,REV,3972,3196
100,REV,3973,3197
100,REV,3974,3200
100,REV,3975,3195
100,REV,3976,3198
100,REV,3977,3195
100,REV,3978,3199
100,REV,3979,3199
100,REV,3980,3201
100,REV,3981,3199
100,REV,3982,3181
100,REV,3983,3201
100,REV,3984,3204
100,REV,3985,3201
100,REV,3986,3204
100,REV,3987,3203
100,REV,3988,3204
100,REV,3989,3201
100,REV,3990,3201
100,REV,3991,3210
100,REV,3992,3209
100,REV,3993,3205
100,REV,3994,3208
100,REV,3995,3205
100,REV,3996,3212
100,REV,3997,3209
100,REV,3998,3208
100,REV,3999,3211
100,REV,4000,3209
100,REV,4001,3209
100,REV,4002,3212
100,REV,4003,3209
100,REV,4004,3215
100,REV,4005,3212
100,REV,4006,3213
100,REV,4007,3212
100,REV,4008,3212
100,REV,4009,3211
100,REV,4010,3214
100,REV,4011,3209
100,REV,4012,3212
100,REV,4013,3217
100,REV,4014,3214
100,REV,4015,3213
100,REV,4016,3215
100,REV,4017,3209
100,REV,4018,3212
100,REV,4019,3213
100,REV,4020,3214
100,REV,4021,3213
100,REV,4022,3212
100,REV,4023,3211
100,REV,4024,3214
100,REV,4025,3211
100,REV,4026,3215
100,REV,4027,3209
100,REV,4028,3214
100,REV,4029,3209
100,REV,4030,3212
100,REV,4031,3211
100,REV,4032,3213
100,REV,4033,3212
100,REV,4034,3214
100,REV,4035,3209
100,REV,4036,3212
100,REV,4037,3205
100,REV,4038,3212
100,REV,4039,3209
100,REV,4040,3212
100,REV,4041,3209
100,REV,4042,3212
100,REV,4043,3208
100,REV,4044,3212
100,REV,4045,3205
100,REV,4046,3214
100,REV,4047,3209
100,REV,4048,3208
100,REV,4049,3205
100,REV,4050,3212
100,REV,4051,3205
100,REV,4052,3208
100,REV,4053,3205
100,REV,4054,3218
100,REV,4055,3204
100,REV,4056,3208
100,REV,4057,3201
100,REV,4058,3205
100,REV,4059,3200
100,REV,4060,3202
100,REV,4061,3197
100,REV,4062,3199
100,REV,4063,3193
100,REV,4064,3202
100,REV,4065,3193
100,REV,4066,3200
100,REV,4067,3189
100,REV,4068,3197
100,REV,4069,3195
100,REV,4070,3196
100,REV,4071,3200
100,REV,4072,3196
100,REV,4073,3189
100,REV,4074,3196
100,REV,4075,3181
100,REV,4076,3192
100,REV,4077,3185
100,REV,4078,3188
100,REV,4079,3187
100,REV,4080,3188
100,REV,4081,3185
100,REV,4082,3188
100,REV,4083,3182
100,REV,4084,3184
100,REV,4085,3177
100,REV,4086,3183
100,REV,4087,3177
100,REV,4088,3180
100,REV,4089,3177
100,REV,4090,3179
100,REV,4091,3173
100,REV,4092,3178
100,REV,4093,3173
100,REV,4094,3176
100,REV,4095,3173
