timestamp_ms,throttle,rudder,duty_left,duty_right,rpm_left_hz10,rpm_right_hz10,active_blocks_l,active_blocks_r,mean_is_l,mean_is_r,latch_resets,vbat_mv,pi_integral_l,pi_integral_r,pi_meas_ema_l
22020,0,0,0,0,0,0,0,0,451,456,0,30000,0,0,0
22060,0,0,0,0,0,0,0,0,4011,4021,0,30000,0,0,0
22100,0,0,0,0,0,0,0,0,4019,4028,0,30000,0,0,0
22140,0,0,0,0,0,0,0,0,4056,4037,0,30000,0,0,0
22180,0,0,0,0,0,0,0,0,4044,4039,0,30000,0,0,0
22220,0,0,0,0,0,0,0,0,4040,4052,0,30000,0,0,0
22260,0,0,0,0,0,0,0,0,3642,3658,0,6421,0,0,0
22300,0,0,0,0,0,0,0,0,161,146,0,6234,0,0,0
22357,0,0,0,0,0,0,0,0,57,53,0,4989,0,0,0
22380,0,0,0,0,0,0,0,0,57,53,0,6332,0,0,0
22420,0,0,0,0,0,0,0,0,145,151,0,6364,0,0,0
22460,0,0,0,0,0,0,0,0,149,150,0,6250,0,0,0
22500,0,0,0,0,0,0,0,0,147,144,0,6405,0,0,0
22540,0,0,0,0,0,0,0,0,151,158,0,6356,0,0,0
22580,0,0,0,0,0,0,0,0,149,149,0,6470,0,0,0
22620,0,0,0,0,0,0,0,0,133,175,0,6364,0,0,0
22660,0,0,0,0,0,0,0,0,141,145,0,5550,0,0,0
22700,0,0,0,0,0,0,0,0,139,154,0,6348,0,0,0
22740,0,0,0,0,0,0,0,0,154,150,0,6316,0,0,0
22780,73,0,0,0,0,0,0,0,150,155,0,6340,0,0,0
22842,245,0,222,222,0,0,8,8,158,151,0,5380,-5548,-5548,0
22860,457,0,222,222,0,0,8,8,158,151,0,9262,-5548,-5548,0
22920,487,0,270,270,488,683,8,8,2134,2111,0,6552,-5548,-5548,0
22940,688,0,270,270,488,683,8,8,2134,2111,0,8562,-5548,-5548,0
23002,708,0,350,350,2039,1332,8,8,1790,1778,0,6731,-5548,-5548,1427
23020,736,0,350,350,2039,1332,8,8,1790,1778,0,9848,-5548,-5548,1427
23089,752,0,385,385,1660,1533,8,8,2505,2543,0,6690,29997,29997,1590
23100,874,0,385,385,1660,1533,8,8,2505,2543,0,8904,29997,29997,1590
23177,909,0,428,428,0,2180,8,8,1709,1739,0,6535,29997,29997,1431
23180,1000,0,428,428,0,2180,8,8,1709,1739,0,9425,29997,29997,1431
23271,1000,0,462,462,2934,0,8,8,1786,1815,0,6145,29997,29997,2483
23272,1000,0,462,462,2934,0,8,8,1786,1815,0,6991,29997,29997,2483
23369,1000,0,462,462,2560,2336,8,8,1626,1647,0,6267,29997,29997,2537
23371,1000,0,462,462,2560,2336,8,8,1626,1647,0,6739,29997,29997,2537
23380,1000,0,462,462,2560,2336,8,8,1626,1647,0,7691,29997,29997,2537
23464,1000,0,462,462,0,0,8,8,938,940,0,6145,29997,29997,2283
23465,1000,0,462,462,0,0,8,8,938,940,0,6259,29997,29997,2283
23559,1000,0,462,462,0,0,8,8,767,773,0,6079,29997,29997,2055
23560,1000,0,462,462,0,0,8,8,767,773,0,6649,29997,29997,2055
23580,1000,0,462,462,0,0,8,8,767,773,0,7390,29997,29997,2055
23653,1000,0,462,462,0,0,8,8,721,701,0,6340,29997,29997,1849
23660,1000,0,462,462,0,0,8,8,721,701,0,6820,29997,29997,1849
23752,1000,0,462,462,0,2374,8,8,688,688,0,5933,29997,29997,1664
23753,1000,0,462,462,0,2374,8,8,688,688,0,6250,29997,29997,1664
23847,1000,0,462,462,0,0,8,8,683,682,0,6006,29997,29997,1498
23848,1000,0,462,462,0,0,8,8,683,682,0,6193,29997,29997,1498
23860,1000,0,462,462,0,0,8,8,683,682,0,7260,29997,29997,1498
23941,1000,0,462,462,0,0,8,8,664,689,0,5933,29997,29997,1348
23941,1000,0,462,462,0,0,8,8,664,689,0,6421,29997,29997,1348
24039,1000,0,462,462,2476,0,8,8,664,664,0,6193,29997,29997,2138
24041,1000,0,462,462,2476,0,8,8,664,664,0,6527,29997,29997,2138
24060,1000,0,462,462,2476,0,8,8,664,664,0,7015,29997,29997,2138
24137,1000,0,462,462,2181,2159,8,8,648,654,0,6071,29997,29997,2168
24140,1000,0,462,462,2181,2159,8,8,648,654,0,6885,29997,29997,2168
24231,1000,0,462,462,0,0,8,8,671,672,0,6063,29997,29997,1951
24232,1000,0,462,462,0,0,8,8,671,672,0,6381,29997,29997,1951
24326,1000,0,462,462,0,0,8,8,651,677,0,6299,29997,29997,1756
24330,1000,0,462,462,0,0,8,8,651,677,0,6446,29997,29997,1756
24340,1000,0,462,462,0,0,8,8,651,677,0,7341,29997,29997,1756
24425,1000,0,462,462,0,2731,8,8,672,650,0,5941,29997,29997,1580
24426,1000,0,462,462,0,2731,8,8,672,650,0,6316,29997,29997,1580
24519,1000,-102,440,355,0,3722,8,8,664,668,0,6242,29997,10244,1422
24520,1000,-102,440,355,0,3722,8,8,664,668,0,6340,29997,10244,1422
24540,1000,-288,440,355,0,3722,8,8,664,668,0,6739,29997,10244,1422
24606,1000,-292,360,347,2516,3265,8,8,331,340,0,5526,29997,-5284,2188
24620,1000,-405,360,347,2516,3265,8,8,331,340,0,6389,29997,-5284,2188
24696,1000,-439,159,432,0,0,8,8,185,196,0,5673,-19996,13326,1969
24700,1000,-537,159,432,0,0,8,8,185,196,0,6397,-19996,13326,1969
24780,1000,-572,164,462,577,2050,8,8,573,615,0,4663,-13629,29997,995
24781,1000,-572,164,462,577,2050,8,8,573,615,0,5217,-13629,29997,995
24856,1000,-693,150,322,982,4043,8,8,774,782,0,5168,-19996,-9999,986
24860,1000,-762,150,322,982,4043,8,8,774,782,0,6177,-19996,-9999,986
24917,1000,-791,0,364,0,0,0,8,177,154,0,5095,-19996,-9999,887
24940,1000,-798,0,364,0,0,0,8,177,154,0,1522,-19996,-9999,887
24983,1000,-798,0,451,0,0,0,8,211,197,0,5819,0,18729,799
25043,1000,-798,0,455,0,2949,0,8,796,790,0,7162,0,29997,719
25060,1000,-798,0,455,0,2949,0,8,796,790,0,7121,0,29997,719
25104,1000,-798,0,462,0,2388,0,8,627,667,0,6031,0,29997,647
25164,1000,-798,0,387,0,3503,0,8,626,564,0,6153,0,21306,582
25180,1000,-798,0,387,0,3503,0,8,626,564,0,6511,0,21306,582
25224,1000,-798,0,460,0,0,0,8,216,222,0,5957,0,29997,524
25283,1000,-798,0,394,0,3324,0,8,608,608,0,6006,0,23526,471
25300,1000,-798,0,394,0,3324,0,8,608,608,0,6446,0,23526,471
25349,1000,-798,0,462,0,0,0,8,221,215,0,5274,0,29997,424
25409,1000,-738,0,462,0,2374,0,8,680,605,0,6169,0,29997,382
25420,1000,-423,0,462,0,2374,0,8,680,605,0,6714,0,29997,382
25486,1000,-222,168,462,1128,2873,8,8,493,536,0,5078,1781,29997,904
25500,1000,0,168,462,1128,2873,8,8,493,536,0,7138,15889,15889,904
25574,1000,0,387,394,1760,3310,8,8,637,654,0,6014,22159,22159,1503
25580,1000,79,387,394,1760,3310,8,8,637,654,0,30000,22159,22159,1503
25671,1000,212,450,299,3563,3528,8,8,2605,2576,0,24857,29997,-9999,2945
25672,1000,212,450,299,3563,3528,8,8,2605,2576,0,10426,29997,-9999,2945
25754,1000,594,322,211,3896,1772,8,8,1734,1828,0,4444,-9999,-9999,3610
25755,1000,594,322,211,3896,1772,8,8,1734,1828,0,4940,-9999,-9999,3610
25837,1000,800,349,150,0,1586,8,8,179,194,0,5542,-9999,-19996,3249
25838,1000,800,349,150,0,1586,8,8,179,194,0,5770,-9999,-19996,3249
25860,1000,800,349,150,0,1586,8,8,179,194,0,6543,-9999,-19996,3249
25900,1000,800,436,0,0,0,8,0,210,254,0,6918,11682,-19996,2924
25956,1000,800,462,0,2794,0,8,0,819,813,0,6039,29997,0,2833
25980,1000,800,462,0,2794,0,8,0,819,813,0,7227,29997,0,2833
26020,1000,800,363,0,3493,0,8,0,806,802,0,4590,13125,0,3295
26081,1000,800,462,0,2502,0,8,0,223,187,0,1375,29997,0,2740
26100,1000,800,462,0,2502,0,8,0,223,187,0,7675,29997,0,2740
26141,1000,800,330,0,3748,0,8,0,677,744,0,5957,-2512,0,3445
26199,1000,800,390,0,0,0,8,0,181,159,0,4891,815,0,3101
26220,1000,800,390,0,0,0,8,0,181,159,0,6755,815,0,3101
26260,1000,800,462,0,0,0,8,0,262,276,0,6259,29997,0,2791
26322,1000,800,403,0,3323,0,8,0,615,930,0,5925,26839,0,3163
26340,1000,800,403,0,3323,0,8,0,615,930,0,6421,26839,0,3163
26384,1000,800,462,0,2145,0,8,0,271,285,0,5021,29997,0,2451
26443,1000,800,322,0,3995,0,8,0,656,644,0,4793,-9999,0,3531
26460,1000,800,322,0,3995,0,8,0,656,644,0,6348,-9999,0,3531
26502,1000,800,452,0,2557,0,8,0,173,176,0,5217,19511,0,2849
26561,1000,800,429,0,3125,0,8,0,564,613,0,5363,28897,0,3043
26580,1000,651,429,0,3125,0,8,0,564,613,0,6934,28897,0,3043
26644,1000,506,322,217,3723,488,8,8,375,326,0,5835,-9999,30250,3519
26660,1000,0,322,217,3723,488,8,8,375,326,0,7471,10125,10125,3519
26730,992,0,425,303,2815,798,8,8,1135,1128,0,5436,-24954,-24954,3027
26740,659,0,425,303,2815,798,8,8,1135,1128,0,8318,-24954,-24954,3027
26810,555,0,431,394,2519,2584,8,8,1788,1667,0,5917,29997,29997,2671
26820,0,0,431,394,2519,2584,8,8,1788,1667,0,29756,29997,29997,2671
26887,0,0,223,178,2348,2386,8,8,1969,2150,0,6486,-14997,-14997,2445
26900,0,0,223,178,2348,2386,8,8,1969,2150,0,6259,-14997,-14997,2445
26966,0,0,260,150,609,562,8,8,168,193,0,4940,-3412,-3412,1160
26980,0,0,260,150,609,562,8,8,168,193,0,6340,-3412,-3412,1160
27020,0,0,150,0,0,0,8,0,140,155,0,89,-19996,-19996,1044
27060,0,0,0,0,0,0,0,0,143,153,0,6128,-9998,-9998,939
27100,0,0,0,0,0,0,0,0,157,138,0,6405,0,0,761
27140,0,0,0,0,0,0,0,0,139,159,0,6299,0,0,685
27180,0,0,0,0,0,0,0,0,149,153,0,6226,0,0,554
27220,0,0,0,0,0,0,0,0,150,146,0,6299,0,0,499
27260,0,0,0,0,0,0,0,0,156,146,0,6397,0,0,404
27312,0,0,0,0,0,0,0,0,57,66,0,5103,0,0,364
27340,0,0,0,0,0,0,0,0,145,136,0,6242,0,0,327
27380,0,-61,0,0,0,0,0,0,149,145,0,6299,0,0,294
27436,0,-204,-212,202,0,0,0,8,151,149,0,5567,-5548,-26443,0
27460,0,-337,-212,202,0,0,0,8,151,149,0,7878,-5548,-26443,0
27500,0,-459,-262,262,0,683,0,8,1420,1469,0,9294,-5548,-5548,0
27544,0,-519,-307,307,0,1190,0,8,2188,2154,0,7504,-5548,-5548,0
27597,0,-646,-353,353,0,1520,0,8,2119,2150,0,7015,29997,29997,0
27620,0,-759,-353,353,0,1520,0,8,2119,2150,0,9278,29997,29997,0
27660,0,-798,-394,358,0,2799,0,8,2089,2091,0,8432,29997,29997,0
27711,0,-798,-400,356,0,2520,0,8,1552,1814,0,6918,29997,29997,0
27767,0,-798,-400,372,0,2356,0,8,1095,1051,0,6747,29997,29997,0
27780,0,-798,-400,372,0,2356,0,8,1095,1051,0,7398,29997,29997,0
27825,0,-798,-400,400,0,1855,0,8,914,945,0,6649,29997,29997,0
27881,0,-798,-400,400,0,2107,0,8,988,1064,0,6283,29997,29997,0
27900,0,-798,-400,400,0,2107,0,8,988,1064,0,7308,29997,29997,0
27943,0,-798,-400,400,0,1660,0,8,812,788,0,6299,29997,29997,0
27999,0,-798,-400,400,0,2123,0,8,687,665,0,6421,29997,29997,0
28020,0,-798,-400,400,0,2123,0,8,687,665,0,7162,29997,29997,0
28060,0,-798,-400,400,0,1855,0,8,618,636,0,6372,29997,29997,0
28115,0,-798,-400,400,0,1855,0,8,605,607,0,6429,29997,29997,0
28140,0,-798,-400,400,0,1855,0,8,605,607,0,7032,29997,29997,0
28180,0,-798,-400,261,0,3318,0,8,587,597,0,6714,29997,-9617,0
28229,0,-798,-400,400,0,1660,0,8,327,379,0,5933,29997,29997,0
28289,0,-798,-400,400,0,1927,0,8,776,895,0,6023,29997,29997,0
28300,0,-798,-400,400,0,1927,0,8,776,895,0,7203,29997,29997,0
28345,0,-798,-400,400,0,1934,0,8,668,688,0,6421,29997,29997,0
28403,0,-798,-400,260,0,3417,0,8,661,600,0,6283,29997,-9999,0
28420,0,-798,-400,260,0,3417,0,8,661,600,0,6454,29997,-9999,0
28460,0,-798,-400,278,0,2533,0,8,381,352,0,6332,29997,-9999,0
28513,0,-798,-400,393,0,1980,0,8,308,418,0,5371,29997,22906,0
28568,0,-798,-400,400,0,1966,0,8,917,858,0,6649,29997,29997,0
28580,0,-798,-400,400,0,1966,0,8,917,858,0,7178,29997,29997,0
28628,0,-798,-400,268,0,3142,0,8,830,837,0,6226,29997,-1860,0
28684,0,-798,-400,400,0,1878,0,8,362,352,0,5274,29997,29997,0
28700,0,-798,-400,400,0,1878,0,8,362,352,0,7650,29997,29997,0
28740,0,-798,-400,324,0,2776,0,8,958,846,0,9132,29997,20877,0
28795,0,-798,-400,260,0,3182,0,8,438,365,0,6267,29997,-9999,0
28820,0,-798,-400,260,0,3182,0,8,438,365,0,6104,29997,-9999,0
28860,0,-798,-400,379,0,1964,0,8,345,348,0,7195,29997,13537,0
28906,0,-798,-400,355,0,2501,0,8,779,765,0,4061,29997,20708,0
28966,0,-798,-400,400,0,1919,0,8,523,482,0,6161,29997,29997,0
28980,0,-798,-400,400,0,1919,0,8,523,482,0,7422,29997,29997,0
29023,0,-798,-400,400,0,1855,0,8,888,917,0,6885,29997,29997,0
29079,0,-798,-400,400,0,1968,0,8,743,759,0,6454,29997,29997,0
29100,0,-798,-400,400,0,1968,0,8,743,759,0,6950,29997,29997,0
29140,0,-798,-400,400,0,1855,0,8,626,639,0,6731,29997,29997,0
29195,0,-798,-400,400,0,1855,0,8,581,602,0,6161,29997,29997,0
29220,0,-798,-400,400,0,1855,0,8,581,602,0,7235,29997,29997,0
29260,0,-798,-400,278,0,3116,0,8,597,586,0,6617,29997,5254,0
29312,0,-798,-400,400,0,1660,0,8,330,381,0,5925,29997,29997,0
29368,0,-798,-400,400,0,2301,0,8,798,799,0,6495,29997,29997,0
29380,0,-798,-400,400,0,2301,0,8,798,799,0,7243,29997,29997,0
29423,0,-798,-400,400,0,2122,0,8,685,669,0,3784,29997,29997,0
29479,0,-798,-400,391,0,2367,0,8,638,609,0,4240,29997,29997,0
29500,0,-798,-400,391,0,2367,0,8,638,609,0,6836,29997,29997,0
29540,0,-798,-400,400,0,1749,0,8,550,549,0,6975,29997,29997,0
29596,0,-798,-400,400,0,0,0,8,621,595,0,6250,29997,29997,0
29620,0,-798,-400,400,0,0,0,8,621,595,0,7162,29997,29997,0
29660,0,-798,-400,400,0,1716,0,8,600,577,0,6869,29997,29997,0
29711,0,-798,-400,400,0,1660,0,8,582,572,0,6389,29997,29997,0
29768,0,-798,-400,400,0,1855,0,8,567,576,0,6006,29997,29997,0
29780,0,-798,-400,400,0,1855,0,8,567,576,0,7032,29997,29997,0
29825,0,-798,-400,400,0,1660,0,8,568,577,0,6136,29997,29997,0
29880,0,-798,-400,400,0,0,0,8,582,578,0,6421,29997,29997,0
29900,0,-798,-400,400,0,0,0,8,582,578,0,7203,29997,29997,0
29940,0,-798,-400,301,0,3151,0,8,592,571,0,6014,29997,13061,0
29997,0,-798,-400,260,0,3302,0,8,368,360,0,6063,29997,-9999,0
30020,0,-798,-400,260,0,3302,0,8,368,360,0,6649,29997,-9999,0
30060,0,-798,-400,297,0,2336,0,8,352,341,0,6804,29997,-9999,0
30111,0,-798,-400,400,0,1685,0,8,369,385,0,6031,29997,29997,0
30165,0,-459,-375,375,0,1710,0,8,1013,1048,0,6454,29997,29997,0
30180,0,0,-375,375,0,1710,0,8,1013,1048,0,6836,29997,29997,0
30220,0,0,-326,289,0,1562,0,8,500,484,0,6299,-17494,-17494,0
30275,0,403,-284,284,0,695,0,8,210,211,0,5640,-5548,-5548,0
30300,0,688,-284,284,0,695,0,8,210,211,0,6470,-5548,-5548,0
30340,0,800,-260,250,0,0,0,8,185,180,0,6356,-5548,-5548,0
30380,0,800,-237,195,0,0,0,8,154,144,0,6413,-5548,-12261,0
30420,0,800,-216,150,0,0,0,8,147,144,0,6316,-5548,31523,0
30460,0,800,0,0,0,0,0,0,153,149,0,6429,0,-19996,0
30500,0,800,0,0,0,0,0,0,146,167,0,6372,0,0,0
30540,0,800,0,0,0,0,0,0,146,162,0,6397,0,0,0
30580,0,800,0,0,0,0,0,0,152,156,0,6250,0,0,0
30620,0,800,0,0,0,0,0,0,151,150,0,6153,0,0,0
30660,0,800,0,0,0,0,0,0,156,151,0,6389,0,0,0
30700,0,800,0,0,0,0,0,0,159,148,0,6389,0,0,0
30740,0,800,200,-200,0,0,8,8,140,159,0,8204,-12746,-12746,0
30807,0,800,296,-296,881,-1176,8,8,1304,1304,0,6617,-5548,-5548,617
30820,0,800,296,-296,881,-1176,8,8,1304,1304,0,12322,-5548,-5548,617
30889,0,800,401,-401,2923,-2752,8,8,3054,3049,0,6918,29997,29997,2231
30900,0,800,401,-401,2923,-2752,8,8,3054,3049,0,30000,29997,29997,2231
30979,0,800,401,-401,1660,-1660,8,8,3584,3536,0,7707,29997,29997,1831
30980,0,800,401,-401,1660,-1660,8,8,3584,3536,0,7903,29997,29997,1831
31061,0,800,362,-401,2712,0,8,8,1387,1353,0,7252,29997,29997,2448
31062,0,800,362,-401,2712,0,8,8,1387,1353,0,6275,29997,29997,2448
31145,0,800,401,-401,1855,-1882,8,8,714,681,0,6470,29997,29997,2033
31146,0,800,401,-401,1855,-1882,8,8,714,681,0,6739,29997,29997,2033
31227,0,800,377,-401,2520,-1933,8,8,829,827,0,6218,29997,29997,2374
31228,0,800,377,-401,2520,-1933,8,8,829,827,0,6340,29997,29997,2374
31315,0,800,401,-355,1855,-2734,8,8,603,591,0,6096,29997,29997,2011
31316,0,800,401,-355,1855,-2734,8,8,603,591,0,6535,29997,29997,2011
31340,0,800,401,-355,1855,-2734,8,8,603,591,0,7317,29997,29997,2011
31398,0,800,401,-401,2083,-1855,8,8,524,566,0,6226,29997,29997,2061
31420,0,800,401,-401,2083,-1855,8,8,524,566,0,7260,29997,29997,2061
31483,0,800,261,-261,3304,-3283,8,8,750,746,0,6039,-9999,-9999,2931
31500,0,800,261,-261,3304,-3283,8,8,750,746,0,6299,-9999,-9999,2931
31565,0,800,284,-288,0,0,8,8,175,172,0,4956,-9999,-9999,2638
31580,0,800,284,-288,0,0,8,8,175,172,0,6462,-9999,-9999,2638
31650,0,800,351,-356,0,0,8,8,180,188,0,5754,3708,5412,2374
31660,0,800,351,-356,0,0,8,8,180,188,0,6967,3708,5412,2374
31734,0,800,401,-285,1723,-2763,8,8,674,684,0,6153,29997,-8642,1918
31740,0,800,401,-285,1723,-2763,8,8,674,684,0,7919,29997,-8642,1918
31814,0,800,291,-379,3036,-2135,8,8,712,798,0,6226,9742,14145,2701
31820,0,800,291,-379,3036,-2135,8,8,712,798,0,7260,9742,14145,2701
31895,0,800,262,-276,2767,-2874,8,8,833,830,0,5510,-9999,-5811,2747
31901,0,800,262,-276,2767,-2874,8,8,833,830,0,5729,-9999,-5811,2747
31982,0,800,321,-338,0,0,8,8,189,180,0,5754,-6515,2296,2473
31983,0,800,321,-338,0,0,8,8,189,180,0,6006,-6515,2296,2473
32063,0,800,393,-401,0,-1968,8,8,503,534,0,5835,22688,29997,2225
32064,0,800,393,-401,0,-1968,8,8,503,534,0,6364,22688,29997,2225
32147,0,800,401,-401,1943,-2118,8,8,1543,1549,0,6657,29997,29997,2027
32148,0,800,401,-401,1943,-2118,8,8,1543,1549,0,6779,29997,29997,2027
32231,0,800,401,-401,1925,-1855,8,8,1110,1086,0,6202,29997,29997,1956
32235,0,800,401,-401,1925,-1855,8,8,1110,1086,0,6381,29997,29997,1956
32317,0,800,351,-273,2740,-3125,8,8,778,774,0,5949,29997,2817,2504
32318,0,800,351,-273,2740,-3125,8,8,778,774,0,6088,29997,2817,2504
32340,0,800,351,-273,2740,-3125,8,8,778,774,0,6332,29997,2817,2504
32402,0,800,401,-401,1726,-1760,8,8,251,249,0,5900,29997,29997,1959
32420,0,800,401,-401,1726,-1760,8,8,251,249,0,7732,29997,29997,1959
32486,0,800,401,-401,2381,-1781,8,8,1022,1004,0,6275,29997,29997,2254
32500,0,800,401,-401,2381,-1781,8,8,1022,1004,0,7170,29997,29997,2254
32567,0,800,401,-401,0,0,8,8,783,763,0,6299,29997,29997,2029
32617,0,800,268,-295,3152,-3123,8,8,780,565,0,5917,-2130,10898,2815
32677,0,800,268,-295,3152,-3123,8,8,780,565,0,5990,-2130,10898,2815
32678,0,800,268,-295,3152,-3123,8,8,780,565,0,6136,-2130,10898,2815
32700,0,800,268,-295,3152,-3123,8,8,780,565,0,6291,-2130,10898,2815
32759,0,800,401,-351,1762,-2336,8,8,185,206,0,5306,29997,17534,2078
32780,0,800,401,-351,1762,-2336,8,8,185,206,0,7455,29997,17534,2078
32841,0,800,306,-261,2901,-2946,8,8,679,720,0,6014,14580,-9999,2654
32860,0,800,306,-261,2901,-2946,8,8,679,720,0,6478,14580,-9999,2654
32927,0,800,371,-309,0,0,8,8,198,172,0,553,26774,-9999,2389
32940,0,800,371,-309,0,0,8,8,198,172,0,7138,26774,-9999,2389
33009,0,800,401,-276,0,-2749,8,8,480,495,0,6006,29997,-9999,2150
33020,0,800,401,-276,0,-2749,8,8,480,495,0,7260,29997,-9999,2150
33092,0,800,261,-261,3220,-3329,8,8,580,576,0,6014,-9999,-9999,2899
33100,0,800,261,-261,3220,-3329,8,8,580,576,0,6397,-9999,-9999,2899
33176,0,800,318,-276,0,0,8,8,203,195,0,5217,-9999,-9999,2609
33180,0,800,318,-276,0,0,8,8,203,195,0,6348,-9999,-9999,2609
33309,0,800,568,-568,0,0,8,8,292,297,0,11549,29997,29997,2348
33310,0,800,568,-568,0,0,8,8,292,297,0,30000,29997,29997,2348
33310,0,800,568,-568,0,0,8,8,292,297,0,30000,29997,29997,2348
33486,0,800,809,-809,4589,-4394,1,1,3990,4021,0,8196,29997,29997,3917
33487,0,800,809,-809,4589,-4394,1,1,3990,4021,0,30000,29997,29997,3917
33487,0,800,809,-809,4589,-4394,1,1,3990,4021,0,30000,29997,29997,3917
33488,0,800,809,-809,4589,-4394,1,1,3990,4021,0,30000,29997,29997,3917
33500,0,800,809,-809,4589,-4394,1,1,3990,4021,0,30000,29997,29997,3917
33688,0,800,895,-895,5175,0,1,1,4013,4035,0,30000,29997,29997,4798
33689,0,800,895,-895,5175,0,1,1,4013,4035,0,30000,29997,29997,4798
33690,0,800,895,-895,5175,0,1,1,4013,4035,0,30000,29997,29997,4798
33690,0,800,895,-895,5175,0,1,1,4013,4035,0,30000,29997,29997,4798
33700,0,800,895,-895,5175,0,1,1,4013,4035,0,30000,29997,29997,4798
33889,0,800,895,-895,0,0,1,1,4074,4074,0,13283,29997,29997,4318
33890,0,800,895,-895,0,0,1,1,4074,4074,0,11801,29997,29997,4318
33890,0,800,895,-895,0,0,1,1,4074,4074,0,11622,29997,29997,4318
33894,0,800,895,-895,0,0,1,1,4074,4074,0,10873,29997,29997,4318
33900,0,800,895,-895,0,0,1,1,4074,4074,0,9335,29997,29997,4318
34083,0,800,895,-895,6856,-7372,8,8,2488,2378,0,6902,29997,29997,6095
34084,0,800,895,-895,6856,-7372,8,8,2488,2378,0,7146,29997,29997,6095
34085,0,800,895,-895,6856,-7372,8,8,2488,2378,0,8057,29997,29997,6095
34086,0,800,895,-895,6856,-7372,8,8,2488,2378,0,7919,29997,29997,6095
34100,0,800,895,-895,6856,-7372,8,8,2488,2378,0,8733,29997,29997,6095
34274,0,800,895,-895,5487,-5428,8,8,1790,1816,0,6576,29997,29997,5670
34275,0,800,895,-895,5487,-5428,8,8,1790,1816,0,7040,29997,29997,5670
34279,0,800,895,-895,5487,-5428,8,8,1790,1816,0,7300,29997,29997,5670
34281,0,800,895,-895,5487,-5428,8,8,1790,1816,0,7504,29997,29997,5670
34300,0,800,895,-895,5487,-5428,8,8,1790,1816,0,8928,29997,29997,5670
34466,0,800,895,-807,7054,-8513,8,8,1719,1688,0,5990,29997,16690,6639
34468,0,800,895,-807,7054,-8513,8,8,1719,1688,0,6885,29997,16690,6639
34468,0,800,895,-807,7054,-8513,8,8,1719,1688,0,6983,29997,16690,6639
34469,0,800,895,-807,7054,-8513,8,8,1719,1688,0,7927,29997,16690,6639
34652,0,800,895,-895,6261,-6264,8,8,1104,981,0,5754,29997,29997,6375
34656,0,800,895,-895,6261,-6264,8,8,1104,981,0,30000,29997,29997,6375
34658,0,693,895,-895,6261,-6264,8,8,1104,981,0,30000,29997,29997,6375
34659,0,679,895,-895,6261,-6264,8,8,1104,981,0,30000,29997,29997,6375
34660,0,679,895,-895,6261,-6264,8,8,1104,981,0,30000,29997,29997,6375
34842,0,381,872,-732,5655,-8792,8,8,2870,2911,0,9864,29997,-9999,5871
34843,0,381,872,-732,5655,-8792,8,8,2870,2911,0,9018,29997,-9999,5871
34844,0,-139,872,-732,5655,-8792,8,8,2870,2911,0,8798,29997,-9999,5871
34844,0,-161,872,-732,5655,-8792,8,8,2870,2911,0,8253,29997,-9999,5871
34860,0,-251,872,-732,5655,-8792,8,8,2870,2911,0,7317,29997,-9999,5871
34997,0,-347,569,-709,6451,-3613,8,8,702,768,0,5697,-9999,29997,6277
34998,0,-347,569,-709,6451,-3613,8,8,702,768,0,5738,-9999,29997,6277
34998,0,-347,569,-709,6451,-3613,8,8,702,768,0,5909,-9999,29997,6277
35020,0,-791,569,-709,6451,-3613,8,8,702,768,0,6470,-9999,29997,6277
35126,0,-791,638,-638,3507,-3711,8,8,272,240,0,5054,29997,29997,4338
35129,0,-791,638,-638,3507,-3711,8,8,272,240,0,5355,29997,29997,4338
35140,0,-791,638,-638,3507,-3711,8,8,272,240,0,6519,29997,29997,4338
35249,0,-791,577,-577,0,0,8,8,216,183,0,5681,29997,29997,3904
35251,0,-791,577,-577,0,0,8,8,216,183,0,5974,29997,29997,3904
35260,0,-791,577,-577,0,0,8,8,216,183,0,6136,29997,29997,3904
35357,0,-791,514,-521,0,0,8,8,189,196,0,5705,29997,29997,3514
35358,0,-791,514,-521,0,0,8,8,189,196,0,5933,29997,29997,3514
35380,0,-791,514,-521,0,0,8,8,189,196,0,6470,29997,29997,3514
35457,0,-791,434,-470,0,0,8,8,165,154,0,5575,29997,29997,3162
35460,0,-791,434,-470,0,0,8,8,165,154,0,276,29997,29997,3162
35543,0,-791,345,-390,0,0,8,8,160,158,0,1595,16552,29997,2846
35547,0,-791,345,-390,0,0,8,8,160,158,0,5453,16552,29997,2846
35629,0,-791,251,-307,0,0,8,8,120,149,0,4973,-8971,17612,2561
35630,0,-791,251,-307,0,0,8,8,120,149,0,5290,-8971,17612,2561
35710,0,-791,205,-215,0,0,8,8,135,147,0,4940,-19996,-9128,2305
35711,0,-791,205,-215,0,0,8,8,135,147,0,5339,-19996,-9128,2305
35793,0,-791,168,-168,0,0,8,8,135,149,0,4663,-19996,-19996,2075
35794,0,-791,168,-168,0,0,8,8,135,149,0,5217,-19996,-19996,2075
35869,0,-791,150,-150,0,0,8,8,158,117,0,4907,-19996,-19996,1867
35873,0,-791,150,-150,0,0,8,8,158,117,0,5176,-19996,-19996,1867
35937,0,-791,150,-150,1360,-1337,8,8,131,123,0,4981,-19996,-19996,1512
35940,0,-791,150,-150,1360,-1337,8,8,131,123,0,6023,-19996,-19996,1512
35989,0,-791,150,0,0,0,8,8,128,152,0,5127,-19996,0,1361
36020,0,-791,0,0,0,0,0,0,138,140,0,6259,-19996,0,1225
36060,0,-791,0,0,0,0,0,0,148,143,0,6356,0,0,1102
36100,0,-791,0,0,0,0,0,0,163,132,0,6226,0,0,893
36140,0,-793,0,0,0,0,0,0,143,155,0,6364,0,0,803
36180,0,-791,0,0,0,0,0,0,130,126,0,6267,0,0,723
36220,0,-791,0,0,0,0,0,0,149,147,0,6340,0,0,586
36260,0,-791,0,0,0,0,0,0,138,151,0,6348,0,0,0
36300,0,-793,-239,239,0,0,0,8,160,132,0,10377,-5548,-5548,0
36342,0,-793,-329,329,0,1136,0,8,2327,2355,0,7235,-5548,-5548,0
36401,0,-791,-430,430,0,2583,0,8,3479,3522,0,16848,29997,29997,0
36420,0,-791,-430,430,0,2583,0,8,3479,3522,0,30000,29997,29997,0
36475,0,-791,-541,541,0,2832,0,5,3936,3922,0,19696,29997,29997,0
36500,0,-791,-541,541,0,2832,0,5,3936,3922,0,30000,29997,29997,0
36573,0,-791,-684,684,0,3417,0,1,3937,3921,0,13152,29997,29997,0
36580,0,-793,-684,684,0,3417,0,1,3937,3921,0,30000,29997,29997,0
36684,0,-793,-860,860,0,0,0,1,4002,4005,0,14650,29997,29997,0
36685,0,-793,-860,860,0,0,0,1,4002,4005,0,30000,29997,29997,0
36700,0,-793,-860,860,0,0,0,1,4002,4005,0,30000,29997,29997,0
36800,0,-793,-890,890,0,0,0,1,4042,4045,0,30000,29997,29997,0
36801,0,-793,-890,890,0,0,0,1,4042,4045,0,30000,29997,29997,0
36820,0,-791,-890,890,0,0,0,1,4042,4045,0,30000,29997,29997,0
36911,0,-791,-888,888,0,0,0,0,4095,4095,0,18655,29997,29997,0
36913,0,-791,-888,888,0,0,0,0,4095,4095,0,17206,29997,29997,0
37024,0,-791,-888,888,0,8762,0,8,2826,2782,0,6356,29997,29997,0
37025,0,-791,-888,888,0,8762,0,8,2826,2782,0,7333,29997,29997,0
37026,0,-791,-888,888,0,8762,0,8,2826,2782,0,7699,29997,29997,0
37137,0,-793,-890,852,0,7647,0,8,1919,1927,0,6836,29997,29997,0
37141,0,-793,-890,852,0,7647,0,8,1919,1927,0,7056,29997,29997,0
37142,0,-791,-890,852,0,7647,0,8,1919,1927,0,7455,29997,29997,0
37254,0,-793,-890,849,0,7423,0,8,1200,1133,0,6210,29997,29997,0
37255,0,-793,-890,849,0,7423,0,8,1200,1133,0,6796,29997,29997,0
37260,0,-793,-890,849,0,7423,0,8,1200,1133,0,7789,29997,29997,0
37368,0,-793,-890,890,0,4917,0,8,1075,1189,0,6462,29997,29997,0
37369,0,-793,-890,890,0,4917,0,8,1075,1189,0,7618,29997,29997,0
37380,0,-793,-890,890,0,4917,0,8,1075,1189,0,13804,29997,29997,0
37479,0,-793,-890,890,0,5860,0,8,2538,2367,0,6438,29997,29997,0
37480,0,-793,-890,890,0,5860,0,8,2538,2367,0,7178,29997,29997,0
37500,0,-793,-890,890,0,5860,0,8,2538,2367,0,8570,29997,29997,0
37596,0,-793,-890,890,0,7053,0,8,1870,1812,0,6698,29997,29997,0
37597,0,-797,-890,890,0,7053,0,8,1870,1812,0,7178,29997,29997,0
37620,0,-797,-890,890,0,7053,0,8,1870,1812,0,8538,29997,29997,0
37710,0,-797,-893,893,0,4892,0,8,1587,1585,0,6055,29997,29997,0
37711,0,-797,-893,893,0,4892,0,8,1587,1585,0,6747,29997,29997,0
37822,0,-797,-893,753,0,9749,0,8,1630,1628,0,6202,29997,-9999,0
37823,0,-797,-893,753,0,9749,0,8,1630,1628,0,6576,29997,-9999,0
37869,0,-797,-893,753,0,9749,0,8,1630,1628,0,5412,29997,-9999,0
37871,0,-797,-893,753,0,9749,0,8,1630,1628,0,5453,29997,-9999,0
37960,0,-797,-893,753,0,8384,0,8,122,2109,0,675,29997,-9999,0
37961,0,-797,-893,753,0,8384,0,8,122,2109,0,6674,29997,-9999,0
37980,0,-797,-893,753,0,8384,0,8,122,2109,0,7838,29997,-9999,0
38071,0,-797,-893,893,0,5207,0,8,835,818,0,6324,29997,29997,0
38072,0,-797,-893,893,0,5207,0,8,835,818,0,6755,29997,29997,0
38182,0,-797,-893,893,0,5703,0,8,3048,3196,0,10092,29997,29997,0
38185,0,-797,-893,893,0,5703,0,8,3048,3196,0,10247,29997,29997,0
38189,0,-797,-893,893,0,5703,0,8,3048,3196,0,9880,29997,29997,0
38299,0,-797,-893,893,0,5636,0,8,2176,2352,0,5957,29997,29997,0
38300,0,-797,-893,893,0,5636,0,8,2176,2352,0,15724,29997,29997,0
38301,0,-797,-893,893,0,5636,0,8,2176,2352,0,10230,29997,29997,0
38411,0,-797,-893,893,0,6628,0,8,1709,1780,0,6332,29997,29997,0
38412,0,-797,-893,893,0,6628,0,8,1709,1780,0,6535,29997,29997,0
38420,0,-797,-893,893,0,6628,0,8,1709,1780,0,8497,29997,29997,0
38524,0,-797,-893,893,0,7232,0,8,1594,1560,0,6381,29997,29997,0
38528,0,-797,-893,893,0,7232,0,8,1594,1560,0,6975,29997,29997,0
38540,0,-797,-893,893,0,7232,0,8,1594,1560,0,8310,29997,29997,0
38641,0,-797,-893,758,0,8204,0,8,1494,1549,0,6250,29997,-4991,0
38642,0,-797,-893,758,0,8204,0,8,1494,1549,0,6527,29997,-4991,0
38660,0,-797,-893,758,0,8204,0,8,1494,1549,0,8546,29997,-4991,0
38751,0,-797,-893,753,0,8889,0,8,1042,1022,0,276,29997,-9999,0
38752,0,-797,-893,753,0,8889,0,8,1042,1022,0,6153,29997,-9999,0
38862,0,-797,-893,753,0,8102,0,8,823,817,0,5941,29997,-9999,0
38866,0,-797,-893,753,0,8102,0,8,823,817,0,6454,29997,-9999,0
38868,0,-797,-893,753,0,8102,0,8,823,817,0,6910,29997,-9999,0
38976,0,-797,-893,893,0,6462,0,8,989,704,0,6079,29997,29997,0
38977,0,-797,-893,893,0,6462,0,8,989,704,0,6836,29997,29997,0
38980,0,-797,-893,893,0,6462,0,8,989,704,0,30000,29997,29997,0
39087,0,-797,-893,753,0,8791,0,8,3202,2974,0,20356,29997,-9999,0
39088,0,-797,-893,753,0,8791,0,8,3202,2974,0,16815,29997,-9999,0
39100,0,-797,-893,753,0,8791,0,8,3202,2974,0,7536,29997,-9999,0
39202,0,-797,-893,789,0,7274,0,8,1126,1262,0,5298,29997,-9999,0
39205,0,-797,-893,789,0,7274,0,8,1126,1262,0,5738,29997,-9999,0
39220,0,-797,-893,789,0,7274,0,8,1126,1262,0,7976,29997,-9999,0
39316,0,-797,-893,893,0,4880,0,8,1038,832,0,6600,29997,29997,0
39317,0,-797,-893,893,0,4880,0,8,1038,832,0,30000,29997,29997,0
39340,0,-797,-893,893,0,4880,0,8,1038,832,0,30000,29997,29997,0
39428,0,-797,-893,893,0,7020,0,8,3235,3201,0,17303,29997,29997,0
39429,0,-797,-893,893,0,7020,0,8,3235,3201,0,15513,29997,29997,0
39539,0,-797,-893,753,0,9162,0,8,2136,2297,0,6706,29997,-9999,0
39543,0,-797,-893,753,0,9162,0,8,2136,2297,0,415,29997,-9999,0
39545,-310,-797,-893,753,0,9162,0,8,2136,2297,0,7162,29997,-9999,0
39650,-478,-797,-940,730,0,8169,0,8,1194,1095,0,5925,29997,-9999,0
39651,-478,-797,-940,730,0,8169,0,8,1194,1095,0,5754,29997,-9999,0
39660,-997,-797,-940,730,0,8169,0,8,1194,1095,0,8603,29997,-9999,0
39745,-997,-797,-1000,641,0,6233,0,8,988,998,0,6503,29997,-9999,0
39746,-997,-797,-1000,641,0,6233,0,8,988,998,0,6486,29997,-9999,0
39836,-997,-797,-1000,597,0,6598,0,8,1027,866,0,4989,29997,-9999,0
39840,-997,-797,-1000,597,0,6598,0,8,1027,866,0,5892,29997,-9999,0
39860,-997,-797,-1000,597,0,6598,0,8,1027,866,0,130,29997,-9999,0
39927,-997,-797,-1000,694,0,3719,0,8,880,777,0,11883,29997,29997,0
39940,-997,-797,-1000,694,0,3719,0,8,880,777,0,7911,29997,29997,0
40014,-997,-797,-1000,653,0,4303,0,8,1081,1075,0,6609,29997,29997,0
40020,-997,-797,-1000,653,0,4303,0,8,1081,1075,0,7154,29997,29997,0
40093,-997,-797,-1000,613,0,4309,0,8,974,943,0,6348,29997,29997,0
40100,-997,-797,-1000,613,0,4309,0,8,974,943,0,7886,29997,29997,0
40170,-997,-797,-1000,539,0,4144,0,8,853,910,0,6291,29997,29997,0
40180,-997,-797,-1000,539,0,4144,0,8,853,910,0,7960,29997,29997,0
40241,-997,-797,-1000,401,0,4305,0,8,860,818,0,6381,29997,-9272,0
40260,-997,-797,-1000,401,0,4305,0,8,860,818,0,8131,29997,-9272,0
40309,-997,-797,-1000,367,0,4257,0,8,871,976,0,6747,29997,-9999,0
40373,-997,-797,-1000,345,0,3138,0,8,882,762,0,6804,29997,-9999,0
40380,-997,-797,-1000,345,0,3138,0,8,882,762,0,7431,29997,-9999,0
40433,-997,-797,-1000,446,0,2191,0,8,759,801,0,6503,29997,29997,0
40460,-997,-797,-1000,446,0,2191,0,8,759,801,0,7878,29997,29997,0
40500,-997,-797,-1000,417,0,1732,0,8,932,881,0,7252,29997,29997,0
40552,-997,-797,-1000,300,0,2726,0,8,881,895,0,6983,29997,14713,0
40604,-997,-797,-1000,223,0,2755,0,8,832,819,0,6088,29997,-9999,0
40620,-997,-797,-1000,223,0,2755,0,8,832,819,0,7772,29997,-9999,0
40660,-997,-797,-1000,319,0,1129,0,8,872,793,0,7593,29997,20888,0
40708,-997,-797,-1000,255,0,1582,0,8,805,866,0,7032,29997,22853,0
40761,-997,-797,-1000,151,0,2161,0,8,827,746,0,6267,29997,-19996,0
40780,-997,-797,-1000,151,0,2161,0,8,827,746,0,7292,29997,-19996,0
40820,-997,-797,-1000,150,0,1562,0,8,869,792,0,7585,29997,-19996,0
40860,-997,-797,-1000,150,0,1242,0,8,825,746,0,6511,29997,-19996,0
40903,-997,-797,-1000,150,0,1437,0,8,801,772,0,6185,29997,-19996,0
40940,-997,-797,-1000,150,0,0,0,8,790,744,0,7536,29997,-19996,0
40980,-997,-797,-1000,0,0,0,0,0,683,898,0,7593,29997,-19996,0
41020,-997,-797,-1000,0,0,0,0,0,746,835,0,7764,29997,0,0
41060,-997,-797,-1000,0,0,0,0,0,779,826,0,6926,29997,0,0
41100,-997,-797,-1000,0,0,0,0,0,753,802,0,7398,29997,0,0
41140,-997,-797,-1000,0,0,0,0,0,841,709,0,7406,29997,0,0
41180,-997,-797,-1000,0,0,0,0,0,771,773,0,7618,29997,0,0
41220,-997,-797,-1000,0,0,0,0,0,808,715,0,7658,29997,0,0
41260,-997,-797,-1000,-205,0,-1197,0,8,842,724,0,7365,29997,14487,0
41307,-997,-797,-1000,-254,0,-590,0,8,1418,1379,0,7015,29997,-10229,0
41357,-997,-797,-1000,-257,0,-683,0,8,1677,1663,0,6910,29997,-5548,0
41380,-997,-797,-1000,-257,0,-683,0,8,1677,1663,0,7870,29997,-5548,0
41420,-997,-797,-1000,-257,0,-711,0,8,1252,1330,0,7984,29997,-5548,0
41460,-997,-797,-1000,-238,0,-968,0,8,1114,1107,0,7561,29997,-5548,0
41507,-997,-797,-1000,-182,0,-1253,0,8,901,918,0,6796,29997,-15581,0
41557,-997,-797,-1000,-254,0,-664,0,8,850,784,0,6267,29997,-5548,0
41580,-997,-797,-1000,-254,0,-664,0,8,850,784,0,8196,29997,-5548,0
41620,-997,-797,-1000,-256,0,-796,0,8,1081,1073,0,7829,29997,-5548,0
41660,-997,-797,-1000,-207,0,-1148,0,8,1022,1010,0,8098,29997,-5548,0
41702,-997,-797,-1000,-218,0,-970,0,8,803,857,0,6316,29997,-5548,0
41752,-997,-797,-1000,-150,0,-1771,0,8,809,863,0,6218,29997,8961,0
41780,-997,-797,-1000,-150,0,-1771,0,8,719,869,0,5388,29997,-19996,0
41820,-997,-797,-1000,-150,0,-1576,0,8,719,869,0,398,29997,-19996,0
41860,-997,-797,-1000,-150,0,-992,0,8,685,815,0,7748,29997,-19996,0
41901,-997,-797,-1000,-150,0,-1543,0,8,777,761,0,5054,29997,-19996,0
41949,-997,-797,-1000,-150,0,-1537,0,8,848,719,0,5599,29997,-19996,0
41997,-997,-797,-1000,-150,0,-968,0,8,804,806,0,4753,29997,-19996,0
42020,-997,-797,-1000,-150,0,-968,0,8,804,806,0,130,29997,-19996,0
42060,-997,-797,-1000,-210,0,-766,0,8,764,767,0,7479,29997,-2139,0
42100,-997,-797,-1000,-205,0,-951,0,8,1007,1011,0,7471,29997,10207,0
42147,-997,-797,-1000,-150,0,-1759,0,8,937,861,0,6242,29997,-19996,0
42197,-997,-797,-1000,-150,0,-1545,0,8,777,748,0,6975,29997,-19996,0
42220,-997,-797,-1000,-150,0,-1545,0,8,777,748,0,7422,29997,-19996,0
42260,-997,-797,-1000,-150,0,-1716,0,8,834,717,0,7471,29997,-19996,0
42300,-997,-797,-1000,-150,0,-934,0,8,792,797,0,7015,29997,-19996,0
42345,-997,-797,-1000,-202,0,-800,0,8,762,801,0,6600,29997,-5336,0
42395,-997,-797,-1000,-239,0,-683,0,8,989,1063,0,6910,29997,25538,0
42420,-997,-797,-1000,-239,0,-683,0,8,989,1063,0,7650,29997,25538,0
42460,-997,-797,-1000,-257,0,-683,0,8,1231,1236,0,7878,29997,-5548,0
42500,-997,-797,-1000,-257,0,-770,0,8,1230,1238,0,8350,29997,-5548,0
42547,-997,-797,-1000,-257,0,-779,0,8,1093,1075,0,6926,29997,-5548,0
42596,-997,-797,-1000,-255,0,-821,0,8,1006,963,0,6584,29997,-5548,0
42620,-997,-797,-1000,-255,0,-821,0,8,1006,963,0,5046,29997,-5548,0
42660,-997,-797,-1000,-223,0,-1035,0,8,995,939,0,7813,29997,-5548,0
42700,-997,-797,-1000,-150,0,-1756,0,8,908,811,0,7862,29997,10890,0
42742,-997,-797,-1000,-151,0,-1019,0,8,832,788,0,5428,29997,-1780,0
42796,-997,-797,-1000,-150,0,-488,0,8,750,840,0,5648,29997,-14451,0
42820,-997,-797,-1000,-150,0,-488,0,8,750,840,0,7903,29997,-14451,0
42860,-997,-798,-1000,-171,0,-986,0,8,825,706,0,7683,29997,-13820,0
42900,-997,-798,-1000,-213,0,-791,0,8,752,768,0,7903,29997,4312,0
42943,-997,-798,-1000,-247,0,-595,0,8,898,971,0,6511,29997,-23468,0
42993,-997,-798,-1000,-256,0,-581,0,8,1119,1128,0,7138,29997,-5548,0
43042,-997,-798,-1000,-256,0,-828,0,8,1179,1175,0,11175,29997,-5548,0
43060,-997,-798,-1000,-256,0,-828,0,8,1179,1175,0,8236,29997,-5548,0
43134,-997,-798,-1000,-150,0,-1758,0,8,1235,933,0,6324,29997,16302,0
43140,-997,-798,-1000,-150,0,-1758,0,8,1235,933,0,7235,29997,16302,0
43185,-997,-798,-1000,-150,0,-488,0,8,741,888,0,5673,29997,-19996,0
43233,-997,-798,-1000,-154,0,-944,0,8,764,804,0,6454,29997,-19996,0
43282,-997,-798,-1000,-150,0,-1537,0,8,763,781,0,5314,29997,-19996,0
43300,-997,-798,-1000,-150,0,-1537,0,8,763,781,0,7715,29997,-19996,0
43340,-997,-798,-1000,-219,0,-583,0,8,694,792,0,7585,29997,1802,0
43383,-997,-798,-1000,-247,0,-585,0,8,1043,926,0,6470,29997,-24113,0
43438,-997,-798,-1000,-256,0,-488,0,8,1116,1191,0,6861,29997,-5548,0
43460,-997,-798,-1000,-256,0,-488,0,8,1116,1191,0,7911,29997,-5548,0
43500,-997,-797,-1000,-257,0,-788,0,8,1115,1114,0,7602,29997,-5548,0
43540,-997,-797,-1000,-257,0,-599,0,8,1022,1022,0,7675,29997,-5548,0
43585,-997,-797,-1000,-257,0,-754,0,8,907,1025,0,6910,29997,-5548,0
43634,-997,-797,-1000,-244,0,-919,0,8,946,914,0,6910,29997,-5548,0
43682,-997,-797,-1000,-205,0,-1134,0,8,874,874,0,6519,29997,-6030,0
43700,-997,-797,-1000,-205,0,-1134,0,8,874,874,0,7699,29997,-6030,0
43740,-997,-797,-1000,-215,0,-983,0,8,711,828,0,7715,29997,-5548,0
43784,-997,-797,-1000,-257,0,-553,0,8,932,700,0,6316,29997,-5548,0
43833,-997,-797,-1000,-257,0,-760,0,8,1061,1059,0,7154,29997,-5548,0
43883,-997,-797,-1000,-257,0,-507,0,8,977,984,0,6617,29997,-5548,0
43900,-997,-797,-1000,-257,0,-507,0,8,977,984,0,8196,29997,-5548,0
43940,-997,-797,-1000,-150,0,-1792,0,8,947,941,0,8188,29997,20406,0
43982,-997,-797,-1000,-209,0,-760,0,8,846,747,0,6014,29997,29417,0
44027,-885,-797,-1000,-150,0,-1386,0,8,669,873,0,5827,29997,-16150,0
44068,-181,-797,-1000,-150,0,-1173,0,8,767,755,0,6128,29997,-19996,0
44100,112,-797,-1000,0,0,0,0,0,661,787,0,7154,28707,0,0
44140,260,-797,-1000,0,0,0,0,0,764,750,0,7300,27837,0,0
44180,485,-797,-985,0,0,0,0,0,820,734,0,8358,26997,0,0
44220,914,-793,-938,0,0,0,0,0,771,785,0,8196,29997,0,0
44260,1000,-797,-924,0,0,0,0,0,711,845,0,8057,29997,0,0
44300,1000,-797,-899,0,0,0,0,0,728,741,0,7699,29997,0,0
44340,1000,-797,-886,0,0,0,0,0,742,661,0,7618,29997,0,0
44390,1000,-793,-861,186,0,1154,0,8,565,501,0,6478,29997,9774,0
44447,1000,-797,-839,277,0,2139,0,8,935,931,0,6421,29997,26271,0
44460,1000,-793,-839,277,0,2139,0,8,935,931,0,9734,29997,26271,0
44505,1000,-793,-813,433,0,2651,0,8,1831,1833,0,6788,29997,29997,0
44575,1000,-793,-787,539,0,4079,0,8,2727,2686,0,1139,29997,29997,0
44580,1000,-797,-787,539,0,4079,0,8,2727,2686,0,30000,29997,29997,0
44660,1000,-793,-754,671,0,4165,0,8,2555,2858,0,12013,29997,29997,0
44661,1000,-793,-754,671,0,4165,0,8,2555,2858,0,10825,29997,29997,0
44764,1000,-793,-715,829,0,5016,0,8,2793,2685,0,14609,29997,29997,0
44767,1000,-793,-715,829,0,5016,0,8,2793,2685,0,30000,29997,29997,0
44780,1000,-793,-715,829,0,5016,0,8,2793,2685,0,30000,29997,29997,0
44894,1000,-797,-665,1000,0,8980,0,8,2985,2756,0,30000,29997,29997,0
44894,1000,-797,-665,1000,0,8980,0,8,2985,2756,0,30000,29997,29997,0
44900,1000,-797,-665,1000,0,8980,0,8,2985,2756,0,30000,29997,29997,0
45012,1000,-797,-607,1000,0,6843,0,8,3078,2748,0,20274,29997,31911,0
45013,1000,-797,-607,1000,0,6843,0,8,3078,2748,0,16888,29997,31911,0
45020,1000,-793,-607,1000,0,6843,0,8,3078,2748,0,8562,29997,31911,0
45130,1000,-793,-552,1000,0,9153,0,8,1782,1643,0,6307,29997,31911,0
45134,1000,-793,-552,1000,0,9153,0,8,1782,1643,0,6706,29997,31911,0
45140,1000,-797,-552,1000,0,9153,0,8,1782,1643,0,6991,29997,31911,0
45253,1000,-797,-496,1000,0,9374,0,8,1011,1140,0,6356,29997,31911,0
45254,1000,-797,-496,1000,0,9374,0,8,1011,1140,0,6682,29997,31911,0
45260,1000,-797,-496,1000,0,9374,0,8,1011,1140,0,6666,29997,31911,0
45373,1000,-797,-439,1000,0,8592,0,8,879,951,0,5974,29997,31911,0
45374,1000,-797,-439,1000,0,8592,0,8,879,951,0,6372,29997,31911,0
45380,1000,-793,-439,1000,0,8592,0,8,879,951,0,7007,29997,31911,0
45496,1000,-797,-383,1000,0,7638,0,8,974,805,0,5925,29997,31911,0
45497,1000,-797,-383,1000,0,7638,0,8,974,805,0,6234,29997,31911,0
45500,1000,-797,-383,1000,0,7638,0,8,974,805,0,6666,29997,31911,0
45615,1000,-797,-327,940,0,11733,0,8,877,867,0,5819,-5548,-9999,0
45616,1000,-797,-327,940,0,11733,0,8,877,867,0,5990,-5548,-9999,0
45620,1000,-797,-327,940,0,11733,0,8,877,867,0,6633,-5548,-9999,0
45733,1000,-793,-272,1000,0,8720,0,8,824,980,0,5355,-5548,1871,0
45734,1000,-793,-272,1000,0,8720,0,8,824,980,0,5900,-5548,1871,0
45740,1000,-797,-272,1000,0,8720,0,8,824,980,0,6259,-5548,1871,0
45855,1000,-793,0,941,0,9792,0,8,928,809,0,4793,0,-9999,0
45857,1000,-793,0,941,0,9792,0,8,928,809,0,5681,0,-9999,0
45860,1000,-797,0,941,0,9792,0,8,928,809,0,6934,0,-9999,0
45974,1000,-797,0,1000,0,9024,0,8,778,850,0,5998,0,9820,0
45975,1000,-797,0,1000,0,9024,0,8,778,850,0,6454,0,9820,0
45980,1000,-793,0,1000,0,9024,0,8,778,850,0,7048,0,9820,0
46094,1000,-793,0,940,0,11898,0,8,893,808,0,5493,0,-9999,0
46098,1000,-793,0,940,0,11898,0,8,893,808,0,5966,0,-9999,0
46100,1000,-793,0,940,0,11898,0,8,893,808,0,6088,0,-9999,0
46218,1000,-793,0,1000,0,6244,0,8,822,815,0,5673,0,29997,0
46219,1000,-793,0,1000,0,6244,0,8,822,815,0,6185,0,29997,0
46220,1000,-793,0,1000,0,6244,0,8,822,815,0,6259,0,29997,0
46356,1000,-797,243,981,1167,10359,8,8,847,834,0,5673,27062,13243,817
46359,1000,-797,243,981,1167,10359,8,8,847,834,0,7569,27062,13243,817
46360,1000,-797,243,981,1167,10359,8,8,847,834,0,8090,27062,13243,817
46380,1000,-793,243,981,1167,10359,8,8,847,834,0,8944,27062,13243,817
46501,1000,-793,159,940,1389,10366,8,8,1827,1883,0,5624,12789,-9999,1217
46503,1000,-793,159,940,1389,10366,8,8,1827,1883,0,6145,12789,-9999,1217
46503,1000,-797,159,940,1389,10366,8,8,1827,1883,0,6421,12789,-9999,1217
46640,1000,-797,198,1000,908,8803,8,8,881,940,0,5257,18529,10815,1001
46641,1000,-797,198,1000,908,8803,8,8,881,940,0,5591,18529,10815,1001
46642,1000,-793,198,1000,908,8803,8,8,881,940,0,105,18529,10815,1001
46660,1000,-793,198,1000,908,8803,8,8,881,940,0,6820,18529,10815,1001
46781,1000,-797,150,1000,1770,8579,8,8,862,841,0,5510,-19996,10815,1539
46785,1000,-797,150,1000,1770,8579,8,8,862,841,0,5803,-19996,10815,1539
46788,1000,-797,150,1000,1770,8579,8,8,862,841,0,6283,-19996,10815,1539
46925,1000,-793,217,1000,598,7410,8,8,909,759,0,4671,-286,10815,881
46926,1000,-793,217,1000,598,7410,8,8,909,759,0,5705,-286,10815,881
46927,1000,-793,217,1000,598,7410,8,8,909,759,0,6096,-286,10815,881
46940,1000,-797,217,1000,598,7410,8,8,909,759,0,7593,-286,10815,881
47067,1000,-797,209,940,956,10889,8,8,1123,1062,0,822,12676,-9999,934
47067,1000,-797,209,940,956,10889,8,8,1123,1062,0,6104,12676,-9999,934
47071,1000,-797,209,940,956,10889,8,8,1123,1062,0,6259,12676,-9999,934
47211,1000,-797,253,940,601,11671,8,8,863,888,0,6039,-15716,-9999,701
47212,1000,-797,253,940,601,11671,8,8,863,888,0,6478,-15716,-9999,701
47213,1000,-797,253,940,601,11671,8,8,863,888,0,6796,-15716,-9999,701
47220,1000,-797,253,940,601,11671,8,8,863,888,0,7854,-15716,-9999,701
47355,1000,-797,258,1000,569,7026,8,8,1127,1095,0,6128,-5548,29997,608
47356,1000,-793,258,1000,569,7026,8,8,1127,1095,0,6511,-5548,29997,608
47359,1000,-793,258,1000,569,7026,8,8,1127,1095,0,6861,-5548,29997,608
47380,1000,-797,258,1000,569,7026,8,8,1127,1095,0,7577,-5548,29997,608
47500,1000,-797,258,1000,787,7847,8,8,1002,982,0,6340,-5548,29997,734
47501,1000,-797,258,1000,787,7847,8,8,1002,982,0,6552,-5548,29997,734
47502,1000,-793,258,1000,787,7847,8,8,1002,982,0,6796,-5548,29997,734
47640,1000,-793,260,1000,802,8157,8,8,902,1060,0,5868,-5548,29997,782
47641,1000,-793,260,1000,802,8157,8,8,902,1060,0,6267,-5548,29997,782
47641,1000,-797,260,1000,802,8157,8,8,902,1060,0,6706,-5548,29997,782
47660,1000,-793,260,1000,802,8157,8,8,902,1060,0,7593,-5548,29997,782
47780,1000,-797,169,1000,1391,7405,8,8,913,962,0,6079,-22322,29997,1208
47784,1000,-797,169,1000,1391,7405,8,8,913,962,0,6495,-22322,29997,1208
47786,1000,-797,169,1000,1391,7405,8,8,913,962,0,6462,-22322,29997,1208
47924,1000,-797,260,1000,535,6670,8,8,864,873,0,5607,-5548,29997,737
47925,1000,-797,260,1000,535,6670,8,8,864,873,0,6250,-5548,29997,737
47926,1000,-793,260,1000,535,6670,8,8,864,873,0,6470,-5548,29997,737
47940,1000,-793,260,1000,535,6670,8,8,864,873,0,7471,-5548,29997,737
48068,1000,-797,258,1000,534,6380,8,8,1050,1081,0,6088,-5548,29997,595
48068,1000,-797,258,1000,534,6380,8,8,1050,1081,0,6779,-5548,29997,595
48072,1000,-797,258,1000,534,6380,8,8,1050,1081,0,6641,-5548,29997,595
48211,1000,-793,179,1000,1425,7223,8,8,1035,905,0,6535,-17555,29997,1176
48212,1000,-793,179,1000,1425,7223,8,8,1035,905,0,6714,-17555,29997,1176
48213,1000,-793,179,1000,1425,7223,8,8,1035,905,0,6682,-17555,29997,1176
48220,1000,-797,179,1000,1425,7223,8,8,1035,905,0,7414,-17555,29997,1176
48351,1000,-797,150,1000,1375,9564,8,8,867,867,0,5713,21126,29997,1315
48352,1000,-797,150,1000,1375,9564,8,8,867,867,0,6104,21126,29997,1315
48352,1000,-797,150,1000,1375,9564,8,8,867,867,0,6470,21126,29997,1315
48400,1000,-793,250,940,599,10270,8,2,1514,117,0,5062,-19005,-9999,814
48519,1000,-793,250,940,599,10270,8,2,1514,117,0,6299,-19005,-9999,814
48521,1000,-797,250,940,599,10270,8,2,1514,117,0,6926,-19005,-9999,814
48522,1000,-797,250,940,599,10270,8,2,1514,117,0,7268,-19005,-9999,814
48540,1000,-797,250,940,599,10270,8,2,1514,117,0,7813,-19005,-9999,814
48661,1000,-797,258,1000,573,7234,8,8,1140,1132,0,6023,-5548,29997,645
48662,1000,-797,258,1000,573,7234,8,8,1140,1132,0,6617,-5548,29997,645
48663,1000,-797,258,1000,573,7234,8,8,1140,1132,0,6877,-5548,29997,645
48802,811,-793,220,940,747,10539,8,8,991,1016,0,5998,-5548,-9666,717
48803,811,-793,220,940,747,10539,8,8,991,1016,0,6609,-5548,-9666,717
48804,-997,-797,220,940,747,10539,8,8,991,1016,0,6722,-5548,-9666,717
48820,-997,-797,220,940,747,10539,8,8,991,1016,0,7146,-5548,-9666,717
48924,-997,-797,0,930,0,9776,0,8,826,898,0,5152,-19996,-9999,645
48925,-997,-797,0,930,0,9776,0,8,826,898,0,9213,-19996,-9999,645
48940,-997,-797,0,930,0,9776,0,8,826,898,0,7048,-19996,-9999,645
49049,-997,-797,0,873,0,11289,0,8,821,815,0,5933,0,-9999,0
49050,-997,-797,0,873,0,11289,0,8,821,815,0,6226,0,-9999,0
49060,-997,-797,0,873,0,11289,0,8,821,815,0,2604,0,-9999,0
49172,-997,-797,-389,814,0,9226,0,8,430,396,0,4777,29997,-9999,0
49173,-997,-797,-389,814,0,9226,0,8,430,396,0,6202,29997,-9999,0
49180,-997,-797,-389,814,0,9226,0,8,430,396,0,30000,29997,-9999,0
49284,-997,-797,-613,898,0,5086,0,8,2515,2559,0,12672,29997,29997,0
49285,-997,-797,-613,898,0,5086,0,8,2515,2559,0,12265,29997,29997,0
49300,-997,-797,-613,898,0,5086,0,8,2515,2559,0,30000,29997,29997,0
49390,-997,-797,-821,804,0,7190,0,8,3718,3753,0,11883,29997,29997,0
49394,-997,-797,-821,804,0,7190,0,8,3718,3753,0,30000,29997,29997,0
49420,-997,-797,-821,804,0,7190,0,8,3718,3753,0,10849,29997,29997,0
49494,-997,-797,-1000,773,0,6092,0,8,2962,2770,0,30000,29997,29997,0
49500,-997,-797,-1000,773,0,6092,0,8,2962,2770,0,30000,29997,29997,0
49586,-997,-797,-1000,748,0,4291,0,8,2903,2851,0,29984,31911,29997,0
49587,-997,-797,-1000,748,0,4291,0,8,2903,2851,0,30000,31911,29997,0
49675,-997,-797,-1000,706,0,3613,0,8,1927,2419,0,6299,31911,29997,0
49676,-997,-797,-1000,706,0,3613,0,8,1927,2419,0,7374,31911,29997,0
49700,-997,-797,-1000,706,0,3613,0,8,1927,2419,0,8497,31911,29997,0
49762,-997,-797,-1000,663,0,3712,0,8,1250,1104,0,6275,31911,29997,0
49780,-997,-797,-1000,663,0,3712,0,8,1250,1104,0,8879,31911,29997,0
49842,-997,-797,-1000,493,0,5578,0,8,885,1011,0,6535,31911,-850,0
49860,-997,-797,-1000,493,0,5578,0,8,885,1011,0,0,31911,-850,0
49918,-997,-797,-1000,476,0,4267,0,8,934,1080,0,4997,31911,-9999,0
49940,-997,-797,-1000,476,0,4267,0,8,934,1080,0,7414,31911,-9999,0
49988,-997,-797,-1000,412,0,4848,0,8,794,782,0,4509,31911,-9999,0
50058,-997,-797,-1000,454,0,3143,0,8,750,832,0,6755,31911,-874,0
50060,-997,-797,-1000,454,0,3143,0,8,750,832,0,7040,31911,-874,0
50122,-997,-797,-1000,487,0,2559,0,8,773,764,0,6275,31911,29997,0
50140,-997,-797,-1000,487,0,2559,0,8,773,764,0,7553,31911,29997,0
50184,-997,-797,-1000,318,0,4199,0,8,819,899,0,6242,31911,-9999,0
50242,-997,-797,-1000,338,0,2356,0,8,814,821,0,5103,31911,-9419,0
50260,-997,-797,-1000,338,0,2356,0,8,814,821,0,7488,31911,-9419,0
50300,-997,-797,-1000,289,0,2565,0,8,729,719,0,7097,31911,-9999,0
50349,-997,-797,-1000,237,0,3027,0,8,686,785,0,5127,31911,-9999,0
50404,-997,-797,-1000,211,0,2564,0,8,758,824,0,5640,31911,-9999,0
50420,-997,-797,-1000,211,0,2564,0,8,758,824,0,7919,31911,-9999,0
50462,-997,-797,-1000,186,0,2486,0,8,839,703,0,4834,31911,-19996,0
50513,-997,-797,-1000,191,0,1168,0,8,771,766,0,6381,31911,-19996,0
50566,-997,-797,-1000,150,0,1936,0,8,708,796,0,5746,31911,-19996,0
50580,-997,-797,-1000,150,0,1936,0,8,708,796,0,7862,31911,-19996,0
50620,-997,-797,-1000,150,0,1611,0,8,735,781,0,7374,31911,-19996,0
50661,-997,-797,-1000,150,0,511,0,8,760,731,0,7252,31911,-19996,0
50705,-997,-797,-1000,150,0,592,0,8,747,714,0,7195,31911,-19996,0
50740,-997,-797,-1000,0,0,0,0,0,740,720,0,7195,31911,-19996,0
50780,-997,-797,-1000,0,0,0,0,0,743,854,0,7658,31911,0,0
50820,-997,-797,-1000,0,0,0,0,0,762,786,0,7178,31911,0,0
50860,-997,-797,-1000,0,0,0,0,0,734,746,0,7488,31911,0,0
50900,-997,-797,-1000,0,0,0,0,0,741,775,0,97,31911,0,0
50940,-997,-797,-1000,0,0,0,0,0,758,743,0,7512,31911,0,0
50980,-997,-797,-1000,0,0,0,0,0,674,813,0,7846,31911,0,0
51030,-997,-797,-1000,-181,0,-1367,0,8,783,717,0,5933,31911,4076,0
51078,-997,-797,-1000,-190,0,-1021,0,8,1006,996,0,6918,31911,8987,0
51100,-997,-797,-1000,-190,0,-1021,0,8,1006,996,0,8008,31911,8987,0
51140,-997,-797,-1000,-150,0,-1855,0,8,1102,1042,0,7406,31911,-19996,0
51180,-997,-797,-1000,-150,0,-982,0,8,836,794,0,6674,31911,-19996,0
51227,-997,-797,-1000,-231,0,-603,0,8,814,695,0,5371,31911,8551,0
51275,-997,-797,-1000,-240,0,-826,0,8,1478,1481,0,6820,31911,-32377,0
51300,-997,-797,-1000,-240,0,-826,0,8,1478,1481,0,8301,31911,-32377,0
51340,-997,-797,-1000,-257,0,-603,0,8,1243,1198,0,8318,31911,-5548,0
51380,-997,-797,-1000,-257,0,-753,0,8,1176,1144,0,7219,31911,-5548,0
51429,-997,-797,-1000,-257,0,-778,0,8,1015,1043,0,6845,31911,-5548,0
51478,-997,-797,-1000,-200,0,-1206,0,8,983,982,0,7138,31911,-8250,0
51500,-997,-797,-1000,-200,0,-1206,0,8,983,982,0,7561,31911,-8250,0
51540,-997,-797,-1000,-150,0,-1360,0,8,797,843,0,7968,31911,-31836,0
51580,-997,-797,-1000,-226,0,-767,0,8,816,795,0,7610,31911,-18512,0
51623,-997,-797,-1000,-206,0,-1066,0,8,873,861,0,6983,31911,-15895,0
51670,-997,-797,-1000,-180,0,-1177,0,8,856,732,0,6438,31911,-24623,0
51724,-997,-797,-1000,-150,0,-1855,0,8,794,721,0,6014,31911,-19996,0
51740,-997,-797,-1000,-150,0,-1855,0,8,794,721,0,7333,31911,-19996,0
51780,-997,-797,-1000,-150,0,-1623,0,8,768,750,0,7146,31911,-19996,0
51821,-997,-797,-1000,-150,0,-1404,0,8,826,677,0,13218,31911,-19996,0
51871,-997,-797,-1000,-150,0,-1723,0,8,643,816,0,6389,31911,-19996,0
51920,-997,-797,-1000,-150,0,-1350,0,8,731,796,0,7056,31911,-19996,0
51940,-997,-797,-1000,-150,0,-1350,0,8,731,796,0,7943,31911,-19996,0
51980,-997,-797,-1000,-189,0,-750,0,8,752,742,0,8017,31911,-10666,0
52021,-997,-797,-1000,-238,0,-636,0,8,712,880,0,6421,31911,22036,0
52072,-997,-797,-1000,-254,0,-488,0,8,1253,1211,0,6877,31911,-10797,0
52123,-997,-797,-1000,-257,0,-616,0,8,1240,1266,0,7146,31911,-5548,0
52140,-997,-797,-1000,-257,0,-616,0,8,1240,1266,0,8375,31911,-5548,0
52180,-997,-797,-1000,-257,0,-789,0,8,1101,1055,0,7667,31911,-5548,0
52222,-997,-797,-1000,-150,0,-1755,0,8,1037,979,0,6747,31911,17766,0
52270,-997,-797,-1000,-176,0,-925,0,8,765,817,0,6674,31911,13938,0
52314,-332,-797,-1000,-150,0,-994,0,8,785,736,0,5860,31911,1199,0
52340,473,-797,-1000,-150,0,-994,0,8,785,736,0,6600,31911,1199,0
52380,1000,-797,-1000,-150,0,-1071,0,8,725,775,0,7878,31113,-19996,0
52420,1000,-797,-1000,0,0,0,0,0,829,749,0,8074,29645,0,0
52460,1000,-797,-1000,0,0,0,0,0,872,732,0,7658,29215,0,0
52500,1000,-797,-978,0,0,0,0,0,758,820,0,7691,29997,0,0
52540,1000,-797,-965,0,0,0,0,0,717,758,0,7235,29997,0,0
52580,1000,-797,-940,0,0,0,0,0,711,807,0,7129,29997,0,0
52620,1000,-797,-928,0,0,0,0,0,745,751,0,7528,29997,0,0
52660,1000,-797,-915,0,0,0,0,0,781,739,0,7447,29997,0,0
52710,1000,-797,-888,150,0,1660,0,8,723,681,0,5168,29997,0,0
52763,1000,-778,-866,236,0,2207,0,8,656,749,0,6527,29997,-7281,0
52780,1000,-528,-866,236,0,2207,0,8,656,749,0,8424,29997,-7281,0
52821,1000,-390,-842,430,0,2562,0,8,1505,1502,0,7325,29997,29997,0
52890,1000,0,-815,537,0,3103,0,8,2952,2646,0,16872,29997,29997,0
52900,1000,146,-815,537,0,3103,0,8,2952,2646,0,30000,29997,29997,0
52972,1000,277,-783,634,0,6045,0,8,2708,2832,0,13266,29997,29997,0
52980,1000,547,-783,634,0,6045,0,8,2708,2832,0,30000,29997,29997,0
53057,1000,605,-744,571,0,5194,0,8,2588,2793,0,12965,29997,18734,0
53060,1000,745,-744,571,0,5194,0,8,2588,2793,0,10051,29997,18734,0
53131,1000,800,-705,436,0,5110,0,8,486,547,0,5949,29997,-9999,0
53140,1000,800,-705,436,0,5110,0,8,486,547,0,6397,29997,-9999,0
53197,1000,800,-671,368,0,0,0,8,149,161,0,5477,29997,-9999,0
53220,1000,800,-671,368,0,0,0,8,149,161,0,6356,29997,-9999,0
53260,1000,800,-641,307,0,0,0,8,150,151,0,162,29997,-9999,0
53307,1000,800,-613,251,0,0,0,8,135,161,0,5095,29997,-9999,0
53365,1000,800,-588,202,0,0,0,8,143,129,0,5493,29997,-19996,0
53380,1000,800,-588,202,0,0,0,8,143,129,0,6413,29997,-19996,0
53420,1000,800,-563,151,0,0,0,8,157,139,0,5575,29997,-19996,0
53466,1000,800,-539,150,0,0,0,8,155,135,0,5209,29997,-19996,0
53513,1000,800,-516,150,0,0,0,8,154,144,0,5184,29997,-19996,0
53560,1000,800,-495,150,0,0,0,8,158,148,0,5363,29997,-19996,0
53580,1000,800,-495,150,0,0,0,8,158,148,0,6389,29997,-19996,0
53620,1000,800,-472,150,0,0,0,8,160,143,0,6381,29997,-19996,0
53693,1000,800,-456,150,0,0,0,4,81,88,0,5030,29997,-19996,0
53700,1000,800,-456,150,0,0,0,4,81,88,0,6348,29997,-19996,0
53741,1000,800,-411,150,0,0,0,8,153,143,0,5705,29997,-19996,0
53788,1000,800,-389,150,0,0,0,8,151,150,0,5331,29997,-19996,0
53835,1000,800,-367,150,0,0,0,8,140,152,0,122,29997,-19996,0
53860,1000,800,-367,150,0,0,0,8,140,152,0,6446,29997,-19996,0
53900,1000,800,-345,150,0,0,0,8,136,156,0,6340,-5548,-19996,0
53940,1000,800,-322,164,0,0,0,8,145,159,0,6226,-5548,-19996,0
53986,1000,800,-298,190,0,0,0,8,123,152,0,5209,-5548,-10180,0
54036,1000,800,-275,238,0,625,0,8,327,313,0,5469,-5548,23257,0
54060,1000,800,-275,238,0,625,0,8,327,313,0,7146,-5548,23257,0
54100,1000,800,-252,150,0,1674,0,8,732,769,0,6307,-5548,-12575,0
54140,1000,800,-229,150,0,1784,0,8,156,170,0,5778,-5548,-19996,0
54183,1000,800,0,150,0,0,0,8,161,142,0,5298,0,-19996,0
54230,1000,800,0,150,0,0,0,8,156,154,0,4932,0,-19996,0
54277,1000,800,0,150,0,0,0,8,165,144,0,5119,0,-19996,0
54300,1000,800,0,150,0,0,0,8,165,144,0,6356,0,-19996,0
54340,1000,800,0,157,0,0,0,8,149,123,0,6381,0,-19996,0
54380,1000,800,0,182,0,0,0,8,157,142,0,6202,0,-13683,0
54424,1000,800,0,209,0,0,0,8,221,248,0,6096,0,2860,0
54473,1000,800,197,242,0,721,8,8,480,486,0,5559,-14701,31318,0
54549,1000,800,290,256,878,611,8,8,1045,1059,0,6006,-5548,-5548,615
54550,1000,800,290,256,878,611,8,8,1045,1059,0,6649,-5548,-5548,615
54626,1000,800,432,256,2255,726,8,8,1716,1840,0,6226,29997,-5548,1763
54627,1000,800,432,256,2255,726,8,8,1716,1840,0,6202,29997,-5548,1763
54723,1000,800,580,239,4053,952,8,8,2617,2593,0,11264,29997,-5548,3366
54725,1000,800,580,239,4053,952,8,8,2617,2593,0,11598,29997,-5548,3366
54740,1000,800,580,239,4053,952,8,8,2617,2593,0,30000,29997,-5548,3366
54840,1000,800,616,256,8053,506,8,8,2637,2709,0,8627,-9999,-5548,6647
54841,1000,800,616,256,8053,506,8,8,2637,2709,0,7943,-9999,-5548,6647
54860,1000,800,616,256,8053,506,8,8,2637,2709,0,8643,-9999,-5548,6647
54979,1000,800,972,155,6833,1515,8,8,1458,1622,0,30000,29997,-26576,6777
54980,1000,800,972,155,6833,1515,8,8,1458,1622,0,30000,29997,-26576,6777
54983,1000,800,972,155,6833,1515,8,8,1458,1622,0,30000,29997,-26576,6777
55123,1000,800,1000,150,10059,488,8,8,2920,2976,0,30000,29997,17933,9075
55124,1000,800,1000,150,10059,488,8,8,2920,2976,0,30000,29997,17933,9075
55125,1000,800,1000,150,10059,488,8,8,2920,2976,0,30000,29997,17933,9075
55140,1000,800,1000,150,10059,488,8,8,2920,2976,0,16872,29997,17933,9075
55261,1000,800,1000,183,8795,967,8,8,2092,2183,0,4232,29997,17212,8879
55261,1000,800,1000,183,8795,967,8,8,2092,2183,0,5729,29997,17212,8879
55262,1000,800,1000,183,8795,967,8,8,2092,2183,0,5754,29997,17212,8879
55403,1000,800,1000,196,8428,979,8,8,965,987,0,5876,29997,21690,8563
55404,1000,800,1000,196,8428,979,8,8,965,987,0,5998,29997,21690,8563
55405,1000,800,1000,196,8428,979,8,8,965,987,0,6690,29997,21690,8563
55420,1000,800,1000,196,8428,979,8,8,965,987,0,7496,29997,21690,8563
55546,1000,800,1000,255,8985,565,8,8,908,886,0,5868,29997,-7656,8858
55547,1000,800,1000,255,8985,565,8,8,908,886,0,6552,29997,-7656,8858
55547,1000,800,1000,255,8985,565,8,8,908,886,0,6747,29997,-7656,8858
55688,1000,800,940,256,10395,601,8,8,1382,1339,0,6039,-9999,-5548,9934
55692,1000,800,940,256,10395,601,8,8,1382,1339,0,6218,-9999,-5548,9934
55694,1000,800,940,256,10395,601,8,8,1382,1339,0,6820,-9999,-5548,9934
55700,1000,800,940,256,10395,601,8,8,1382,1339,0,7829,-9999,-5548,9934
55833,1000,800,974,150,9282,1817,8,8,925,993,0,5550,-9999,16621,9478
55834,1000,800,974,150,9282,1817,8,8,925,993,0,6063,-9999,16621,9478
55835,1000,800,974,150,9282,1817,8,8,925,993,0,6316,-9999,16621,9478
55972,1000,800,990,214,9366,700,8,8,825,769,0,5274,-9992,28639,9399
55973,1000,800,990,214,9366,700,8,8,825,769,0,5493,-9992,28639,9399
55973,1000,800,990,214,9366,700,8,8,825,769,0,6543,-9992,28639,9399
55980,363,800,990,214,9366,700,8,8,825,769,0,7129,-9992,28639,9399
56112,141,800,1000,185,8760,873,8,8,777,884,0,5632,29997,28615,8952
56113,141,800,1000,185,8760,873,8,8,777,884,0,11980,29997,28615,8952
56113,0,800,1000,185,8760,873,8,8,777,884,0,6722,29997,28615,8952
56233,0,800,1000,0,8022,0,8,0,729,792,0,5681,27581,-19996,8301
56234,0,800,1000,0,8022,0,8,0,729,792,0,6641,27581,-19996,8301
56235,0,800,1000,0,8022,0,8,0,729,792,0,6364,27581,-19996,8301
56340,0,800,890,0,5586,0,8,0,719,827,0,6145,24045,0,6401
56343,0,800,890,0,5586,0,8,0,719,827,0,130,24045,0,6401
56346,0,800,890,0,5586,0,8,0,719,827,0,5632,24045,0,6401
56449,0,800,895,0,7171,0,8,0,583,595,0,4737,29997,0,6940
56452,0,800,895,0,7171,0,8,0,583,595,0,5192,29997,0,6940
56460,0,800,895,0,7171,0,8,0,583,595,0,7365,29997,0,6940
56583,0,800,860,-357,7667,-1338,8,8,705,667,0,15212,29997,29997,7449
56584,0,800,860,-357,7667,-1338,8,8,705,667,0,5542,29997,29997,7449
56585,0,800,860,-357,7667,-1338,8,8,705,667,0,6625,29997,29997,7449
56744,0,800,895,-606,6982,-3126,8,8,2627,2695,0,30000,29997,29997,7122
56745,0,800,895,-606,6982,-3126,8,8,2627,2695,0,30000,29997,29997,7122
56746,0,800,895,-606,6982,-3126,8,8,2627,2695,0,30000,29997,29997,7122
56746,0,800,895,-606,6982,-3126,8,8,2627,2695,0,30000,29997,29997,7122
56931,0,800,859,-895,7596,-6237,8,8,3290,3240,0,30000,29997,29997,7454
56932,0,800,859,-895,7596,-6237,8,8,3290,3240,0,30000,29997,29997,7454
56933,0,800,859,-895,7596,-6237,8,8,3290,3240,0,30000,29997,29997,7454
56933,0,800,859,-895,7596,-6237,8,8,3290,3240,0,30000,29997,29997,7454
56940,0,800,859,-895,7596,-6237,8,8,3290,3240,0,30000,29997,29997,7454
57120,0,800,895,-895,7181,-7189,8,8,2951,3022,0,26476,29997,29997,7263
57121,0,800,895,-895,7181,-7189,8,8,2951,3022,0,25760,29997,29997,7263
57122,0,800,895,-895,7181,-7189,8,8,2951,3022,0,25548,29997,29997,7263
57122,0,800,895,-895,7181,-7189,8,8,2951,3022,0,21161,29997,29997,7263
57140,0,800,895,-895,7181,-7189,8,8,2951,3022,0,10206,29997,29997,7263
57309,0,800,895,-895,5681,-5658,8,8,2762,2867,0,6731,29997,29997,6156
57310,0,800,895,-895,5681,-5658,8,8,2762,2867,0,6804,29997,29997,6156
57311,0,800,895,-895,5681,-5658,8,8,2762,2867,0,7699,29997,29997,6156
57314,0,800,895,-895,5681,-5658,8,8,2762,2867,0,7919,29997,29997,6156
57503,0,800,895,-844,7236,-8206,8,8,1806,1787,0,6120,29997,29616,6912
57506,0,800,895,-844,7236,-8206,8,8,1806,1787,0,6267,29997,29616,6912
57508,0,800,895,-844,7236,-8206,8,8,1806,1787,0,6413,29997,29616,6912
57508,0,800,895,-844,7236,-8206,8,8,1806,1787,0,7056,29997,29616,6912
57509,0,800,895,-844,7236,-8206,8,8,1806,1787,0,7121,29997,29616,6912
57694,0,800,895,-755,5107,-9004,8,8,1141,990,0,6006,29997,-9999,5649
57695,0,800,895,-755,5107,-9004,8,8,1141,990,0,6210,29997,-9999,5649
57699,0,800,895,-755,5107,-9004,8,8,1141,990,0,6698,29997,-9999,5649
57701,0,800,895,-755,5107,-9004,8,8,1141,990,0,6722,29997,-9999,5649
57701,0,800,895,-755,5107,-9004,8,8,1141,990,0,7325,29997,-9999,5649
57883,0,800,895,-755,6817,-8614,8,8,875,832,0,5811,29997,-9999,6467
57884,0,800,895,-755,6817,-8614,8,8,875,832,0,13169,29997,-9999,6467
57885,0,800,895,-755,6817,-8614,8,8,875,832,0,6446,29997,-9999,6467
57885,0,800,895,-755,6817,-8614,8,8,875,832,0,7227,29997,-9999,6467
57900,0,800,895,-755,6817,-8614,8,8,875,832,0,8326,29997,-9999,6467
58075,0,800,895,-758,7255,-7396,8,8,866,945,0,5892,29997,-9999,7018
58076,0,800,895,-758,7255,-7396,8,8,866,945,0,6657,29997,-9999,7018
